expense_id,project_id,budget_id,category,expense_type,amount,description,vendor,invoice_number,expense_date,approved_by,approval_date,created_date,updated_date
7173623d-edc1-4c61-b5b3-7024e50cacbb,PRJ6194,BUD190,วัสดุก่อสร้าง,ค่าวัสดุ,130514.03,หมีกำลูกชิ้นสนองหมอกกูเกิลเทเลแกรม ,กรมทางหลวง,INV-30891,2025-05-14,เบญญาทิพย์ อัตตนาถ,2025-05-14,2025-05-14,2025-05-14
cc2e0ae7-bd65-4a7f-82e2-79d846e6cdda,PRJ8865,BUD512,เครื่องจักร,ค่าวัสดุ,418119.35,ฝากหุ้มอธิษฐานติดที่สดช้า ,มูลนิธิการกุศล,INV-93095,2025-01-03,วิพุธ นพตระกูล,2025-01-17,2025-01-03,2025-01-17
5b73a3d8-423d-4182-8699-cfc033b2bfcb,PRJ4357,BUD497,เครื่องจักร,ค่าแรง,282751.14,โก๋แก่ทอดดอกไม้ ,หน่วยงานราชการ,INV-98885,2025-01-22,ธีร์ธวันาย ซูสารอ,2025-01-30,2025-01-22,2025-01-30
97aa4fa8-39c1-41f9-904b-05a21394b2fc,PRJ5336,BUD625,แรงงาน,ค่าเครื่อง,488458.25,พิพักพิพ่วนกีฬากิโลเมตรยาทด ,การไฟฟ้าฝ่ายผลิต,INV-64658,2025-01-18,พิพิธธน บุณยะภาชน์,2025-01-28,2025-01-18,2025-01-28
e0b7333e-b3e3-48cd-9d2d-93f37e194fcc,PRJ3264,BUD674,แรงงาน,ค่าวัสดุ,173220.59,เสรีภาพอวัยวะฟากโควิดแท็บลอยด์ ,บริษัท DEF จำกัด,INV-14131,2025-06-20,ทัตธน บุนยะตีรณะ,2025-07-03,2025-06-20,2025-07-03
c7038332-69b4-425a-91c7-2e32759265b4,PRJ5807,BUD863,แรงงาน,ค่าเครื่อง,332055.2,แสงองค์เชื่อมเกม ,บริษัท XYZ จำกัด,INV-13892,2024-12-21,ศดิศ นครเทพ,2024-12-24,2024-12-21,2024-12-24
0952cde3-2ba9-4d57-ae99-4afeda20dd2a,PRJ5674,BUD763,วัสดุก่อสร้าง,ค่าแรง,435202.79,ทดลองคู่เย็บนักเรียนชะนีสมาคมกิ่งไม้ ,บริษัท ABC จำกัด,INV-13620,2025-04-04,วิพุธ ยาปะโลหิต,2025-04-12,2025-04-04,2025-04-12
d7f2b5a2-6267-433b-9f95-0c0c69283dc4,PRJ7837,BUD592,เครื่องจักร,ค่าวัสดุ,342611.89,ช้าสหภาพหลบเขยิบกูเกิลโง่อ่อนหวานกระจาย ,องค์การบริหารส่วนตำบล,INV-14554,2025-05-05,เทพณรงค์ ธุวะนุติ์,2025-05-19,2025-05-05,2025-05-19
1d279a03-2153-46ae-a624-6c73dc8d28b1,PRJ6265,BUD145,วัสดุก่อสร้าง,ค่าเครื่อง,231857.92,หน้าต่างกินดอกไม้ผลัด ,บริษัท ABC จำกัด,INV-81458,2024-09-01,นราวรรณ ผลบุญ,2024-09-03,2024-09-01,2024-09-03
ef2707b9-6e87-4abe-b97d-2162d080dd97,PRJ6339,BUD559,เครื่องจักร,ค่าวัสดุ,285305.89,หน้าที่มลายูจ๋าชนิดเมาะนั่ง ,บริษัท GHI จำกัด,INV-54642,2025-06-22,อนิวัฒน์ ตั้งรบ,2025-07-03,2025-06-22,2025-07-03
3e954891-264f-4b91-9fe5-5667855b883e,PRJ9181,BUD183,เครื่องจักร,ค่าวัสดุ,329256.59,เนื่องจากมอบแต่งกว้างคู่หม้อ ,บริษัท GHI จำกัด,INV-27482,2024-09-09,กิติกานต์ ถนัดรบ,2024-09-20,2024-09-09,2024-09-20
2d6991ca-826b-4279-9e3a-0b44371ac62b,PRJ7734,BUD237,เครื่องจักร,ค่าแรง,127532.95,ประชาธิปไตยหน้าที่ความตอกเนื้อห้างการแมค ,สำนักงานเขต,INV-50871,2025-03-11,สุรวัช ยะผา,2025-03-20,2025-03-11,2025-03-20
15fa0dea-a863-4457-a7fd-c7a3b7992902,PRJ8002,BUD287,วัสดุก่อสร้าง,ค่าแรง,478656.77,ระยำตรวจทรัพย์สินคะแนนหมัดกำ ,มูลนิธิการกุศล,INV-58425,2024-10-03,สมนึก นาควงษ์,2024-10-12,2024-10-03,2024-10-12
755cba4f-7334-4471-a489-0966871c02f0,PRJ3684,BUD712,เครื่องจักร,ค่าวัสดุ,13921.04,สหภาพแหย่ระเบียงอิฐชาวโน่นซี่ขี้ไคล ,การไฟฟ้าฝ่ายผลิต,INV-55814,2025-03-14,ยศพนต์ ตรีเภรินทร์,2025-03-15,2025-03-14,2025-03-15
17053e35-e054-4ff8-8dd8-4962338619b0,PRJ7834,BUD647,วัสดุก่อสร้าง,ค่าเครื่อง,52137.45,ดาวเทียมสดหมุนท้องฟ้า ,กรมทางหลวง,INV-94161,2024-07-25,สิริกานต์ ขันธุลา,2024-08-03,2024-07-25,2024-08-03
156be3f4-8a84-4e94-a581-0f68ac1bbf64,PRJ9705,BUD831,แรงงาน,ค่าแรง,223646.94,หล่นดองเฉยที่ดิน ,กรมทางหลวง,INV-38247,2024-09-05,ศดิศ ดิศดใน,2024-09-15,2024-09-05,2024-09-15
3cbeefe3-6110-459d-aab6-b1fb785cf32b,PRJ5040,BUD538,แรงงาน,ค่าเครื่อง,73906.04,พับเดี่ยวโรงสีสดสหภาพคั่ว ,การไฟฟ้าฝ่ายผลิต,INV-02817,2025-03-11,อุดมลักษณ์ อุลหัสสา,2025-03-22,2025-03-11,2025-03-22
b544d1e8-30ea-401a-988a-7b4a16942040,PRJ3769,BUD564,แรงงาน,ค่าแรง,219315.6,สมาคมฤดูไอโอเอสออนซอนเด๊แมคแท็กซี่ ,บริษัท ABC จำกัด,INV-22132,2024-08-09,ประเดิม ถ้วนศรี,2024-08-12,2024-08-09,2024-08-12
74a7ee9c-267e-47e4-ac52-9b93b9077b6c,PRJ9915,BUD888,วัสดุก่อสร้าง,ค่าแรง,398032.73,เมล็ดตัวเมียจากอ่อนหวานเมาะตอใดรัฐประหารมัสยิด ,สำนักงานเขต,INV-69928,2025-05-03,มนัญชยา ทรัพย์ธำรงค์,2025-05-12,2025-05-03,2025-05-12
4b99ad1d-2dea-4672-bf63-e1e805554ff0,PRJ7124,BUD704,วัสดุก่อสร้าง,ค่าวัสดุ,317721.7,น้องขี่หมอกกรดไหลย้อนแก้ว ,บริษัท ABC จำกัด,INV-13205,2025-04-20,วาร์มูฮำหมัด ทองสุกเลิศ,2025-04-21,2025-04-20,2025-04-21
c129d543-8211-4771-8dc0-59994e14eeb1,PRJ9998,BUD516,วัสดุก่อสร้าง,ค่าเครื่อง,65796.69,ตะแกรงวิกิพีเดียย้ำแกะสารวัตรทรัพย์สิน ,บริษัท ABC จำกัด,INV-14167,2025-07-02,โยธิการ์ บุญญาภิรมย์,2025-07-08,2025-07-02,2025-07-08
30cd5f9a-c3d1-4bbd-9b45-896aa6e3b16f,PRJ7862,BUD326,เครื่องจักร,ค่าวัสดุ,117694.48,แม่มดคมนาคมเมล็ดทอดหมอกสบายระยำ ,บริษัท GHI จำกัด,INV-18275,2024-08-25,ไพสิฐ เพียยา,2024-08-25,2024-08-25,2024-08-25
fb603cdc-c990-40e4-857e-1a2d0603b9cc,PRJ6290,BUD417,เครื่องจักร,ค่าแรง,103350.47,ชูท้องฟ้าเครื่องบินไอศกรีมกูขนม ,สำนักงานเขต,INV-21498,2024-12-28,สิริลัดดา ปานสุวรรณ,2025-01-07,2024-12-28,2025-01-07
bb1ff9b6-0f54-47af-baf7-5c84f3963976,PRJ7081,BUD244,แรงงาน,ค่าแรง,176666.72,ขนมชั้นผิดเคยหม้อที่ร่างกูตับ ,กรมทางหลวง,INV-63151,2025-04-26,ฟารินี น้ำทิพย์,2025-05-03,2025-04-26,2025-05-03
2a1517b5-e43b-4925-912d-603071802c1e,PRJ8274,BUD160,เครื่องจักร,ค่าแรง,286679.7,ร้อนแก้วเป็นอิสลามเอิดงมผู้ร้าย ,บริษัท DEF จำกัด,INV-46566,2025-01-06,เมษา ถนอมมนุษย์,2025-01-17,2025-01-06,2025-01-17
ac86475a-1547-434b-8a16-6ed52756569d,PRJ4928,BUD931,วัสดุก่อสร้าง,ค่าเครื่อง,122477.25,บัดนี้อินสตาแกรมยึดเครื่องบินผลชุมนุมน้ำหวาน ,องค์การบริหารส่วนตำบล,INV-12886,2025-01-19,ปัณณธร ชำนาญวาด,2025-01-26,2025-01-19,2025-01-26
183d525e-9834-4b03-93f2-1ba3973d92c4,PRJ7503,BUD798,เครื่องจักร,ค่าวัสดุ,80144.47,โกงขุดดองตอกไค้หันเนื่องจากชู ,สำนักงานเขต,INV-62402,2025-01-01,อมัด ขุนดำ,2025-01-13,2025-01-01,2025-01-13
e3569f0c-7e85-4428-8dc5-35fcc49a9504,PRJ4387,BUD757,วัสดุก่อสร้าง,ค่าวัสดุ,38733.92,มะเขือเทศอินสตาแกรมขี้ดินบอกใบ้ ,บริษัท GHI จำกัด,INV-89605,2024-08-06,อรรจน์ ถนัดอาวุธ,2024-08-09,2024-08-06,2024-08-09
95ec5578-fd45-4866-82c9-7c8e7f4abdfc,PRJ9230,BUD974,แรงงาน,ค่าแรง,430803.93,ที่ดินสม่ำเสมอเดี่ยวห่มผ้าลูกตา ,บริษัท DEF จำกัด,INV-23984,2024-12-14,จุฑาภรณ์ นามขำ,2024-12-26,2024-12-14,2024-12-26
c9a1bc54-fde4-4fd2-989a-8665cdbd5230,PRJ8085,BUD153,เครื่องจักร,ค่าวัสดุ,31899.82,เคเอฟซีกำไรเอสซีบีย้ำคนไข้ ,หน่วยงานราชการ,INV-11351,2024-08-13,จักรกฤนาย กุมารบุญ,2024-08-20,2024-08-13,2024-08-20
7450c724-fa4e-4156-abed-5f0951b81af9,PRJ6917,BUD569,เครื่องจักร,ค่าเครื่อง,259896.76,ไต้หวันเตาดึกย่อบริโภคผสมแข้ง ,กรมทางหลวง,INV-82421,2024-09-18,ภาสวุฒิ อุ่นอก,2024-09-28,2024-09-18,2024-09-28
97470a5a-57e4-41c2-9b47-f188412754ca,PRJ5921,BUD502,แรงงาน,ค่าเครื่อง,379919.85,ดังนี้คลานตู้ห้องเรียนเพลงห่อข้าวเลี้ยว ,บริษัท GHI จำกัด,INV-88633,2024-09-29,พิมพกานต์ สันตะวงศ์,2024-10-04,2024-09-29,2024-10-04
92506d82-b744-4907-8053-4d940f972b4b,PRJ7535,BUD215,เครื่องจักร,ค่าแรง,374289.98,เขยื้อนเอสซีบีระเบียงทหารคนตายผลโต ,การไฟฟ้าฝ่ายผลิต,INV-88221,2024-10-04,จิตตานันท์ เนื่องนนท์,2024-10-12,2024-10-04,2024-10-12
61267dcb-3b62-4b23-8eea-7d0fce6ec393,PRJ5615,BUD933,วัสดุก่อสร้าง,ค่าเครื่อง,304079.22,สดเพียงเครื่องบินบาดแข่งขัน ,การไฟฟ้าฝ่ายผลิต,INV-65982,2025-06-08,อนิวัฒน์ ยางสวย,2025-06-19,2025-06-08,2025-06-19
6eda1ce0-98f8-45b5-9453-d390f01dae45,PRJ8743,BUD864,เครื่องจักร,ค่าแรง,244289.75,ตอใดหาม้ายสำหรับกีฬาสาธารณรัฐทอดใบไม้ ,องค์การบริหารส่วนตำบล,INV-83890,2025-01-22,เทพนารี ชุมวระ,2025-01-31,2025-01-22,2025-01-31
6cd70f18-ba2a-41c2-809c-c6608d5188e8,PRJ7212,BUD341,เครื่องจักร,ค่าแรง,184257.92,หรือผักพิพักพิพ่วนเคารพทำสวนกิโลเมตรน้ำเย็นรถโดยสาร ,บริษัท GHI จำกัด,INV-12005,2024-07-27,เทพณรงค์ เนตร์มณี,2024-08-09,2024-07-27,2024-08-09
b2a2ecde-1479-47a8-af0c-2be9b9ee0560,PRJ6329,BUD281,วัสดุก่อสร้าง,ค่าเครื่อง,438352.22,แม่มดไหนแผนที่ขันน้ำไค้หันเหตุอาสาลืมคาว ,กรมทางหลวง,INV-56472,2024-10-13,ยศพงศ์ พรรษาสกุล,2024-10-23,2024-10-13,2024-10-23
f712eb21-0369-4d1e-a50e-4442641d992b,PRJ5662,BUD852,แรงงาน,ค่าเครื่อง,162749.39,องค์เสรีภาพคั่วสนองบอก ,บริษัท GHI จำกัด,INV-82494,2024-11-23,คมคาย ดาตู,2024-12-07,2024-11-23,2024-12-07
d9ffd3c6-e549-4699-baa5-d229f686e6b0,PRJ1036,BUD460,เครื่องจักร,ค่าวัสดุ,127004.97,กล้าสาธารณรัฐที่แพ้ข้าวหมูแดงประสบการณ์ศิษย์พักผ่อน ,สำนักงานเขต,INV-63125,2024-10-11,ภาสวุฒิ ถ้วนศรี,2024-10-19,2024-10-11,2024-10-19
6f86e903-5bc9-4be0-88cf-2462e8174d97,PRJ8054,BUD340,เครื่องจักร,ค่าเครื่อง,117127.09,ห่วงใยเริ่มก้างแก่รากยูทูบล่อเห็น ,บริษัท XYZ จำกัด,INV-98987,2024-12-27,โรสชา วาทา,2025-01-05,2024-12-27,2025-01-05
764c5f65-b1b9-4b66-ae93-63bfb8b3fa70,PRJ6192,BUD400,วัสดุก่อสร้าง,ค่าวัสดุ,309623.29,จัดสถานีหลังคาเย็นผลิต ,มูลนิธิการกุศล,INV-53497,2025-01-29,รภัสพงษ์ ถนัดกลึง,2025-02-13,2025-01-29,2025-02-13
cf74bfe2-5f18-4197-b060-10c036b99f8a,PRJ6267,BUD168,เครื่องจักร,ค่าแรง,215588.63,น้ำเย็นแถบอธิษฐานรัฐบาลยึดหมดนั่ง ,บริษัท ABC จำกัด,INV-02188,2024-07-31,อนุวัช ธนประทีป,2024-08-06,2024-07-31,2024-08-06
7b1edfb5-4d06-4e45-a366-b529eb924ddd,PRJ2519,BUD760,แรงงาน,ค่าวัสดุ,300664.42,แคะที่ชุดนอนมะเขือเทศ ,การไฟฟ้าฝ่ายผลิต,INV-14366,2025-02-21,เฉลิมรัตน์ เมืองสุข,2025-03-07,2025-02-21,2025-03-07
ab8c5740-8673-4830-ae8b-6a5162a790f1,PRJ1291,BUD730,แรงงาน,ค่าแรง,323388.45,สีเทาผิดแท็กซี่เชื้อโรคห่อข้าวเฟซบุ๊กเมล็ด ,มูลนิธิการกุศล,INV-76172,2024-09-21,สิราพร โพธิสัตย์,2024-09-23,2024-09-21,2024-09-23
4f478c38-2a75-4f4f-aa3a-4949d6b5c226,PRJ3327,BUD379,วัสดุก่อสร้าง,ค่าเครื่อง,464431.1,ปกครองแปรงเศรษฐกิจโตยเยาวชนรู้จักฤดูศาสตร์ ,บริษัท ABC จำกัด,INV-32758,2025-06-29,วีระวัฒน์ ตะละภัฏ,2025-07-13,2025-06-29,2025-07-13
d0bcb73a-c6dc-4bf8-a62f-74f9b3389885,PRJ9322,BUD351,เครื่องจักร,ค่าเครื่อง,370969.11,ไหนประสบการณ์เมาะชุดนอนใบไม้คอก ,บริษัท GHI จำกัด,INV-03729,2025-02-15,จิตตานันท์ แต้กุล,2025-03-02,2025-02-15,2025-03-02
7fa5b6ed-7caa-414b-9e33-fb18a982116d,PRJ8534,BUD551,วัสดุก่อสร้าง,ค่าเครื่อง,198703.77,อธิษฐานกามไชโยอนุบาลถึงอิฐไหนฝาก ,การไฟฟ้าฝ่ายผลิต,INV-46806,2025-03-20,วิทูลย์ ทรงโกมล,2025-03-28,2025-03-20,2025-03-28
5c27e93b-ecd3-4afc-bcb6-76c1a4a482fe,PRJ7206,BUD227,วัสดุก่อสร้าง,ค่าวัสดุ,303524.06,เอิดชุมนุมด้วยตู้ ,บริษัท ABC จำกัด,INV-64250,2024-12-24,พรสวรรค์ ทองประดิฐ,2024-12-31,2024-12-24,2024-12-31
56d475e3-3860-4656-9e3d-24877f7e1d6e,PRJ6705,BUD394,แรงงาน,ค่าวัสดุ,436130.06,กระถางทอดมันปูผิดควรเบียร์ ,การไฟฟ้าฝ่ายผลิต,INV-14455,2025-05-14,ภานิณี หิรัญสาลี,2025-05-24,2025-05-14,2025-05-24
3648fee7-c49d-42a4-b735-0ea1337bc2f9,PRJ9354,BUD152,วัสดุก่อสร้าง,ค่าแรง,384112.35,ศาสตร์หาม้ายคมนาคมสดชื่นคลานตะปูหมุน ,บริษัท ABC จำกัด,INV-29160,2025-07-07,โชติวุฒิ แหยมศิริ,2025-07-21,2025-07-07,2025-07-21
00ca60fc-f98b-4f2d-8ec7-2ab6bb91d1ec,PRJ7224,BUD260,วัสดุก่อสร้าง,ค่าแรง,60435.93,ด้ายชะนีนั่งแพ้เล่มหมดทอด ,บริษัท ABC จำกัด,INV-16844,2024-08-31,พีรพัฒน์ ดีตพันธุ์,2024-09-13,2024-08-31,2024-09-13
fb90a60f-1bd6-4a51-b795-0121384967e1,PRJ2690,BUD251,เครื่องจักร,ค่าเครื่อง,392453.5,กูเกิลไอศกรีมแกโควิดเนื่องจากระเบียงแหย่จะไปพั่ง ,สำนักงานเขต,INV-70413,2025-06-04,ยศพงศ์ ถนัดกลึง,2025-06-12,2025-06-04,2025-06-12
b995de06-af63-4fc4-92dd-d36600c33bbd,PRJ1679,BUD638,เครื่องจักร,ค่าวัสดุ,89202.57,เชื่อระยำสถานีผสมบัดนี้เสียบ ,บริษัท ABC จำกัด,INV-74420,2024-08-23,ณภัทร ธีวร,2024-09-01,2024-08-23,2024-09-01
7b9a1f36-b7af-467d-8e6b-c644b5fddf8b,PRJ8314,BUD590,วัสดุก่อสร้าง,ค่าเครื่อง,341755.78,ลงมือดอกไม้ลงมือลูกดอกไม้ธนาคารท้องฟ้าทด ,บริษัท DEF จำกัด,INV-36146,2025-03-03,ธนภณ ภูภักดี,2025-03-08,2025-03-03,2025-03-08
e2f7d601-6ca6-4d35-b631-0f08deaeec7f,PRJ7325,BUD493,แรงงาน,ค่าเครื่อง,251922.66,หยอกบูชาผีก ,บริษัท GHI จำกัด,INV-36551,2024-10-05,มณียา เขียวอ่อน,2024-10-10,2024-10-05,2024-10-10
82782d1f-8b35-4a70-8f90-8c84c6bfba4a,PRJ8168,BUD831,วัสดุก่อสร้าง,ค่าแรง,328808.27,ล่อแข่งขันไชโยรัฐประหาร ,การไฟฟ้าฝ่ายผลิต,INV-49075,2025-07-06,สันชัย ถิรสวัสดิ์,2025-07-20,2025-07-06,2025-07-20
8d03d311-cc7d-49ac-83f9-cb7436b3b439,PRJ4338,BUD988,เครื่องจักร,ค่าวัสดุ,365692.24,ตำลึงเศรษฐกิจตีนไข่พับเมาะ ,มูลนิธิการกุศล,INV-66155,2025-05-10,ธีรวัช นำธวัช,2025-05-18,2025-05-10,2025-05-18
39e9c9d5-64c4-4712-bb75-9adc0351fecb,PRJ5623,BUD856,แรงงาน,ค่าเครื่อง,221158.2,ฤดูมัสยิดสีอัศจรรย์หล่นตกลงการชิง ,บริษัท GHI จำกัด,INV-64990,2024-12-17,จณิตตา จันทา,2024-12-22,2024-12-17,2024-12-22
e1f1eec0-614f-483c-ab8b-a9e4914158c7,PRJ6132,BUD204,เครื่องจักร,ค่าแรง,117671.74,แข็งลูกชิ้นผสมเศรษฐกิจ ,บริษัท DEF จำกัด,INV-61229,2024-08-11,นพรัตน์ ตวันเยี่ยม,2024-08-11,2024-08-11,2024-08-11
248268fe-ca47-4e53-b6d0-85a5c7fc252c,PRJ7455,BUD852,แรงงาน,ค่าเครื่อง,34857.11,เขยื้อนบัดนี้มอบไต้หวันย่อเย็บรถโดยสารเย็น ,มูลนิธิการกุศล,INV-89207,2025-06-25,สุกฤษตา ถ้วนศรี,2025-07-01,2025-06-25,2025-07-01
1eabd4ba-a1bd-41c7-bacf-d9ac80c23b36,PRJ5367,BUD401,เครื่องจักร,ค่าแรง,426288.39,กับร้อนกลางคืนฉีดกบจะไปพั่งโต ,การไฟฟ้าฝ่ายผลิต,INV-55655,2025-04-07,ศรินยา ทันยุค,2025-04-07,2025-04-07,2025-04-07
aee272d0-7afb-432d-94dc-1a4fdafe0a1b,PRJ6656,BUD599,เครื่องจักร,ค่าเครื่อง,214072.73,หมัดอัศจรรย์ใหม่เตา ,มูลนิธิการกุศล,INV-86527,2025-06-21,อภิลักษณ์ ทหารแท้,2025-07-06,2025-06-21,2025-07-06
4c8086c4-011f-409a-b4c9-32a23e98b09d,PRJ4173,BUD639,แรงงาน,ค่าแรง,454649.6,อิสลามคอมมิวนิสต์กระจายพิพักพิพ่วนเรียงที่ดินดาวเทียมมิตร ,สำนักงานเขต,INV-31989,2024-12-14,เนติลักษณ์ ไทยแท้,2024-12-23,2024-12-14,2024-12-23
4d6fe8b6-366a-4b03-a051-bec3e630c37d,PRJ9253,BUD935,แรงงาน,ค่าแรง,434733.24,มลายูค่อยไค้หันดองคำสั่งเปลืองสุขภาพกลาง ,บริษัท XYZ จำกัด,INV-48887,2025-04-26,อุษณีย์ ฉัตรอภิเที่ยงค่ำ,2025-04-29,2025-04-26,2025-04-29
3c0336dd-f2dc-4f1b-8b0c-7d256708364c,PRJ8556,BUD685,เครื่องจักร,ค่าเครื่อง,398184.92,ยาตอใดค่อย ,บริษัท DEF จำกัด,INV-43600,2025-04-19,เกษมชัย ภูภักดี,2025-05-01,2025-04-19,2025-05-01
e872e488-d57e-4c43-8307-c6d980ef7d4f,PRJ5216,BUD534,แรงงาน,ค่าเครื่อง,256674.31,ของหวานสาธารณรัฐเปลืองขี้ไคลท้องฟ้ากิโลเมตร ,มูลนิธิการกุศล,INV-89222,2025-02-11,ศศินา ถนัดภาษา,2025-02-13,2025-02-11,2025-02-13
283c578d-3437-40c1-820c-7131a5566993,PRJ5014,BUD861,แรงงาน,ค่าวัสดุ,155781.19,หึงสาสหภาพบริโภคฝากคลานทุ่มหมดอด ,บริษัท GHI จำกัด,INV-57472,2024-09-20,ศรายุธ แจ้งสว่าง,2024-09-28,2024-09-20,2024-09-28
6617b046-caeb-4e19-8b6a-d49889f2d380,PRJ2683,BUD386,แรงงาน,ค่าวัสดุ,339716.53,แพ้บาดนักเรียนทุกข์แมลงพ่อผักที่ดิน ,สำนักงานเขต,INV-07998,2025-06-09,วิกิจ ดาวกระจาย,2025-06-11,2025-06-09,2025-06-11
f6db9cb9-590d-49b0-8827-cd3c255137f2,PRJ5454,BUD960,วัสดุก่อสร้าง,ค่าเครื่อง,484183.4,ซ่อมเบิ่งอ่อนหวานทรัพย์สินผสมแกด้วย ,บริษัท DEF จำกัด,INV-48403,2025-04-08,รังสินี ถนัดอาวุธ,2025-04-14,2025-04-08,2025-04-14
7c06d717-0cd8-4134-9254-b41d84ff1574,PRJ1857,BUD184,วัสดุก่อสร้าง,ค่าเครื่อง,468696.09,ด้ายอิฐจากฤดูกลางด้ายแท็บลอยด์ ,หน่วยงานราชการ,INV-67519,2024-11-22,อรพิณ นิละทัต,2024-11-30,2024-11-22,2024-11-30
53bbb213-9a24-4c1b-be53-173269aebc7b,PRJ8090,BUD758,เครื่องจักร,ค่าแรง,179724.55,รอกล้าฤดูร่างกายพิการ ,การไฟฟ้าฝ่ายผลิต,INV-03964,2025-04-16,ไพสิฐ ธีวร,2025-04-22,2025-04-16,2025-04-22
995522b1-0bb0-49ae-a0e6-de7926d5af04,PRJ4383,BUD705,แรงงาน,ค่าเครื่อง,380564.36,กามดีหม้อฉีดตู่อิฐลงมือระเบียง ,กรมทางหลวง,INV-10090,2025-02-11,โสภณ ธรรมฤดี,2025-02-15,2025-02-11,2025-02-15
1c7d54c4-3650-429b-9cee-fba3a9be2b80,PRJ5649,BUD172,แรงงาน,ค่าเครื่อง,432904.41,ยาโตยหมัด ,บริษัท ABC จำกัด,INV-52363,2025-03-25,ปัญญาพร ทีฆะ,2025-04-05,2025-03-25,2025-04-05
69ec8928-7f7f-45fd-9797-22dae2cd7f30,PRJ4189,BUD733,วัสดุก่อสร้าง,ค่าเครื่อง,196568.13,รากยันร้อนสีเทาฝากอ่อนหวานลืมคาว ,สำนักงานเขต,INV-54096,2025-04-02,ณิชนันท์ ธรรมทินนา,2025-04-15,2025-04-02,2025-04-15
fd41fd06-5063-4750-9690-058843fd3598,PRJ4888,BUD471,วัสดุก่อสร้าง,ค่าวัสดุ,422033.44,หึงสาบอกใบ้ยูทูบรังแกระเบียงเช้าพ่อยา ,สำนักงานเขต,INV-65645,2024-11-04,ทองรัตน์ นกทอง,2024-11-17,2024-11-04,2024-11-17
f47b0e29-79e6-4a6f-9cac-df22ba9e24d6,PRJ1499,BUD872,วัสดุก่อสร้าง,ค่าแรง,230258.43,เคารพกิ่งไม้แม้ระยำ ,กรมทางหลวง,INV-67110,2025-06-19,ธัญญกัญญา นาคพันธุ์,2025-06-25,2025-06-19,2025-06-25
237955e6-483f-45b2-85b6-5abfb48c6722,PRJ3304,BUD371,วัสดุก่อสร้าง,ค่าวัสดุ,72902.5,คนไข้ตรวจยาสด ,บริษัท GHI จำกัด,INV-10162,2024-10-19,มนัส นักรบ,2024-11-01,2024-10-19,2024-11-01
56ede855-a108-42b3-a30e-9b1c7e8edc13,PRJ3236,BUD484,วัสดุก่อสร้าง,ค่าวัสดุ,263746.39,ครูกรดไหลย้อนหลงผิดกระถางหรือวินโดวส์ ,องค์การบริหารส่วนตำบล,INV-94780,2025-04-24,คมกฤชญ์ มิ่งขวัญ,2025-05-04,2025-04-24,2025-05-04
0ba64dc0-68be-4dad-9aff-88de150c36a8,PRJ3299,BUD705,แรงงาน,ค่าวัสดุ,99063.56,หยอกทุกข์ศิษย์ ,หน่วยงานราชการ,INV-00219,2024-10-06,บุญเอก นากกนก,2024-10-15,2024-10-06,2024-10-15
5d4ae21a-58af-4273-98dd-be330d081832,PRJ5003,BUD519,วัสดุก่อสร้าง,ค่าแรง,337223.73,ศิษย์รอชูสหกรณ์แรงงานดูทุ่มไต้ ,บริษัท XYZ จำกัด,INV-24251,2024-09-10,เกษมชัย ทีฆะ,2024-09-11,2024-09-10,2024-09-11
964f4260-bcfe-4441-abe2-e2d461501cb4,PRJ8796,BUD605,แรงงาน,ค่าเครื่อง,245271.07,ตู่อดเคยทำสวน ,องค์การบริหารส่วนตำบล,INV-95100,2024-09-22,เกศรา นะวะมันดร,2024-09-28,2024-09-22,2024-09-28
5f76e41d-a392-4566-be36-e26c76100706,PRJ5979,BUD736,วัสดุก่อสร้าง,ค่าวัสดุ,342689.32,ซ่อมเบิ่งหุ้มเอสซีบีสบายแกะ ,บริษัท GHI จำกัด,INV-56711,2025-06-06,วรรณาต เช้าวันดี,2025-06-10,2025-06-06,2025-06-10
66eb4e07-f7b0-4bac-b169-7201a458d17c,PRJ5477,BUD610,วัสดุก่อสร้าง,ค่าเครื่อง,144243.77,อวัยวะสหภาพเผื่อสีแดงอนุบาลยันจัด ,สำนักงานเขต,INV-60229,2024-08-27,ธมลพรรณ มิ่งขวัญ,2024-08-31,2024-08-27,2024-08-31
07e48320-3fbf-4cdf-948d-fadcee2b0108,PRJ1252,BUD705,เครื่องจักร,ค่าเครื่อง,148891.75,บริโภคตัวอย่างเชื่อมรังแกหน้ากากจากโง่เศรษฐกิจ ,องค์การบริหารส่วนตำบล,INV-13539,2024-10-21,พิไลพร บัวเผื่อน,2024-11-01,2024-10-21,2024-11-01
ba6c03c8-a453-4db9-a628-9536a6432bf4,PRJ1385,BUD435,เครื่องจักร,ค่าเครื่อง,87500.16,สดชื่นทำสวนขี่โตยเกาหลีกำทำสวนโต ,บริษัท GHI จำกัด,INV-41193,2025-01-13,ซุกรี ถนัดภาษา,2025-01-20,2025-01-13,2025-01-20
c5eac53b-cd22-4589-8fd9-92703b39f73b,PRJ7101,BUD769,เครื่องจักร,ค่าเครื่อง,134981.71,เรียงวิกิพีเดียธนาคารสหภาพ ,หน่วยงานราชการ,INV-85902,2024-12-31,สุรธัช ตันตราจิณ,2024-12-31,2024-12-31,2024-12-31
926eb3b5-fa3e-4021-8ce9-b95499f6e6d1,PRJ5550,BUD305,เครื่องจักร,ค่าแรง,151722.38,แม่มดอุปโภคเตาอุปโภคโควิดเพียงลูกชิ้น ,บริษัท XYZ จำกัด,INV-01146,2025-04-10,ภควัฒน์ นครเทพ,2025-04-21,2025-04-10,2025-04-21
312aac51-b4ce-4154-9584-a789ed72a522,PRJ9385,BUD497,เครื่องจักร,ค่าแรง,446588.04,รังแกเลือกลืมคาวหยักถกเถียงผลิต ,สำนักงานเขต,INV-51819,2024-09-07,สหัสมณี ไทไชโย,2024-09-18,2024-09-07,2024-09-18
1e628aac-9391-4611-a621-6fb9d91c0ab2,PRJ1848,BUD833,แรงงาน,ค่าแรง,118115.03,ทั่วงมรากก้างตอใดอาหาร ,บริษัท DEF จำกัด,INV-53139,2025-06-06,สุทธิพจน์ บุญญาภิรมย์,2025-06-07,2025-06-06,2025-06-07
00d614b6-bf59-4165-ab2d-b0c6544dc7ee,PRJ7385,BUD880,วัสดุก่อสร้าง,ค่าวัสดุ,263645.5,ข้าววินโดวส์ประพฤติหาม้ายเนื้อ ,กรมทางหลวง,INV-41780,2025-04-13,อนิวัฒน์ ถนัดกลึง,2025-04-22,2025-04-13,2025-04-22
174e87df-639a-4514-976f-a088d9bc117d,PRJ1881,BUD876,แรงงาน,ค่าเครื่อง,482488.48,เช้าเสรีนิยมแม่ฉีดผลกินยูทูบกลางคืน ,สำนักงานเขต,INV-21655,2024-11-25,พัสวี ราชมณี,2024-12-08,2024-11-25,2024-12-08
d19a5b1a-5e66-40c7-85bc-98b1de3de1a7,PRJ8239,BUD959,แรงงาน,ค่าวัสดุ,66287.14,คาวแพ้ยึดปี่ไข่ ,บริษัท XYZ จำกัด,INV-23161,2025-03-17,รัฐพงษ์ ศรีวงค์,2025-03-18,2025-03-17,2025-03-18
1a3fbf34-7139-4f4d-b948-ef76e7f254c2,PRJ9229,BUD173,แรงงาน,ค่าแรง,362231.6,อาสาผลัดมัสยิดทอดโตยปู ,บริษัท XYZ จำกัด,INV-51656,2025-05-21,เฉลิมพล ศรทอง,2025-05-29,2025-05-21,2025-05-29
e179078d-b8a8-41d6-b129-5478ef4c9ec8,PRJ9401,BUD356,แรงงาน,ค่าแรง,367236.35,ฝากหน้ากากสหกรณ์กะละมังพิการแมคปูเล่ม ,บริษัท XYZ จำกัด,INV-50017,2024-10-07,บุญเทียน ตันตราจิณ,2024-10-07,2024-10-07,2024-10-07
ababcd95-c017-4e30-98b3-e237c69db92c,PRJ6484,BUD557,แรงงาน,ค่าเครื่อง,318213.71,อาหารหน้ากากกลางคืนไข่ยาทำสวน ,องค์การบริหารส่วนตำบล,INV-67163,2024-10-16,พีรภัทร์ ชุมวระ,2024-10-18,2024-10-16,2024-10-18
cc5acc42-e856-45d7-bb1c-6af6eb62a074,PRJ1805,BUD698,แรงงาน,ค่าแรง,160073.86,เชื่อร้อนโก๋แก่ง่วงแคะวิชาชีพ ,บริษัท GHI จำกัด,INV-66763,2024-08-08,สิทธัญ ธรรมเมธา,2024-08-17,2024-08-08,2024-08-17
e079dffd-cf4e-4684-9fd1-d8d4702cc5ff,PRJ4462,BUD392,วัสดุก่อสร้าง,ค่าวัสดุ,367291.95,ทำสวนแคะผลิตกระจายเริ่มฉีด ,มูลนิธิการกุศล,INV-77736,2025-02-22,อุดมลักษณ์ ทองแท้,2025-03-08,2025-02-22,2025-03-08
4794caa3-5009-45ea-94d5-f631841aa29d,PRJ4127,BUD414,แรงงาน,ค่าวัสดุ,229813.46,หมัดลูกตาเงาควรคู่มิตรตะแกรงผีก ,มูลนิธิการกุศล,INV-18337,2025-04-07,พุทธิพงษ์ นิลเสนา,2025-04-09,2025-04-07,2025-04-09
584b8cd9-21ef-400a-a3a8-32cbadd78935,PRJ9335,BUD121,เครื่องจักร,ค่าวัสดุ,417060.29,วิชาชีพน้ำหวานระเบียงอบอุ่นเคเอฟซีสีแดงผีก ,บริษัท ABC จำกัด,INV-14831,2025-04-09,ปฐม ตระกูลไม้เรียง,2025-04-11,2025-04-09,2025-04-11
db42b0ce-14ee-4946-9338-1cefebb57cbb,PRJ2355,BUD376,แรงงาน,ค่าเครื่อง,432623.53,สม่ำเสมอเดี่ยวด้วย ,องค์การบริหารส่วนตำบล,INV-58627,2024-08-01,วีระโชติ ธรรมฤดี,2024-08-01,2024-08-01,2024-08-01
6a3e7ffe-2ff9-46a2-9ebc-2d6588f15f29,PRJ1355,BUD432,แรงงาน,ค่าเครื่อง,212477.72,บอกไค้หันหมัดหนูขนมชะนี ,การไฟฟ้าฝ่ายผลิต,INV-24243,2025-02-20,ศภัคชคง ตวันเยี่ยม,2025-02-23,2025-02-20,2025-02-23
1cca1ba2-6bd9-40e7-88c6-726e0480fcdb,PRJ7282,BUD566,แรงงาน,ค่าแรง,404611.2,แกยันโตยไต้ขุดร่าง ,บริษัท ABC จำกัด,INV-68839,2025-01-22,ปัตถพงษ์ นิลวิมล,2025-02-06,2025-01-22,2025-02-06
d0ccd8cb-4b4f-41cf-a352-f74bdf0cecd1,PRJ6960,BUD757,วัสดุก่อสร้าง,ค่าวัสดุ,347485.72,กำไรสีแดงเช้า ,บริษัท XYZ จำกัด,INV-07645,2025-04-21,รอซีด๊ะ ธรรมนิยม,2025-04-27,2025-04-21,2025-04-27
b2847b76-7dfc-4a8e-a085-ef5eb92a23b2,PRJ8998,BUD741,วัสดุก่อสร้าง,ค่าเครื่อง,65557.69,ฝากเยาวชนด้วยกรรมการฤดูกลาง ,กรมทางหลวง,INV-34319,2024-11-20,สิราพร ทวนทอง,2024-12-05,2024-11-20,2024-12-05
770a89fc-d959-44a4-b23c-1427ef38a874,PRJ1104,BUD344,เครื่องจักร,ค่าแรง,220159.89,กล่องถีบข้าวเย็นสมองผลิตตลอด ,สำนักงานเขต,INV-10370,2025-07-12,ฮามีย๊ะ ทองแท้,2025-07-21,2025-07-12,2025-07-21
c5d91b71-e169-428a-be74-4242bec9ea11,PRJ2658,BUD838,เครื่องจักร,ค่าแรง,43577.35,ดำทวิตเตอร์โก๋แก่กรดไหลย้อนน้องเศษใจ ,กรมทางหลวง,INV-39637,2024-09-22,มณียา ทองปากน้ำ,2024-09-22,2024-09-22,2024-09-22
d10d96a4-5ff6-447f-9f31-c10e89993d5d,PRJ9907,BUD488,เครื่องจักร,ค่าแรง,438485.54,บัดนี้แลกผักหลังคากะละมังเข้ารหัส ,การไฟฟ้าฝ่ายผลิต,INV-20031,2024-09-02,ชรินทร์ทิพย์ ถนอมกุลบุตร,2024-09-05,2024-09-02,2024-09-05
81885a7f-77ca-4b01-8ecc-bd946713cbd8,PRJ5792,BUD916,วัสดุก่อสร้าง,ค่าเครื่อง,140530.43,สดชื่นเลือกกีฬา ,หน่วยงานราชการ,INV-99789,2024-07-26,ธีร์ธวันาย ถนัดรักษา,2024-08-06,2024-07-26,2024-08-06
70fcc2a6-ddbc-4996-938c-09e85d161b7f,PRJ8119,BUD380,วัสดุก่อสร้าง,ค่าวัสดุ,467562.83,เงาตกลงกิจกรรมกิโลเมตร ,กรมทางหลวง,INV-38850,2025-05-27,ธัญญกัญญา ทหารแท้,2025-06-01,2025-05-27,2025-06-01
b4985c83-c2c9-4ffa-8e5e-2f0b4b55383b,PRJ8743,BUD981,วัสดุก่อสร้าง,ค่าวัสดุ,157527.28,หลบอบอุ่นขนมดำพ่อ ,มูลนิธิการกุศล,INV-30919,2025-04-27,กฤตเมธ เดชวา,2025-05-12,2025-04-27,2025-05-12
f0d77b95-033d-4fa4-ab11-6411224b8cfe,PRJ6986,BUD350,วัสดุก่อสร้าง,ค่าแรง,248141.31,รากแข็งฉีดหล่นหมอกวิกิพีเดีย ,บริษัท XYZ จำกัด,INV-89807,2025-05-01,ณิชเชฏฐ์ เตชะกำพุ,2025-05-03,2025-05-01,2025-05-03
87dd06da-3f16-4d1f-95d7-967db5dfe6c4,PRJ7055,BUD637,แรงงาน,ค่าเครื่อง,226824.82,หน้าที่หลังคาหรือชูเปลืองคะแนน ,มูลนิธิการกุศล,INV-79217,2025-06-30,โชติวุฒิ กุมารบุญ,2025-07-01,2025-06-30,2025-07-01
2277611d-3767-4c0d-ba97-ec027158662e,PRJ5781,BUD239,แรงงาน,ค่าวัสดุ,497220.95,เนื้อแก้ศิษย์บอกกลางคืน ,บริษัท XYZ จำกัด,INV-69789,2025-06-06,วีร์สุดา เพียยา,2025-06-14,2025-06-06,2025-06-14
aebdd928-62cd-4593-8456-1f56c6501910,PRJ7974,BUD590,วัสดุก่อสร้าง,ค่าเครื่อง,297576.8,กรดไหลย้อนอธิษฐานหอยความน้ำหวานสมองดีวิ่ง ,บริษัท XYZ จำกัด,INV-03918,2025-07-06,หลักทรัพย์ คณานุรักษ์,2025-07-07,2025-07-06,2025-07-07
3b3aec6a-cc3f-4d4e-a4e4-426133585fe3,PRJ8269,BUD264,เครื่องจักร,ค่าเครื่อง,21340.88,ด้วยประชาธิปไตยเทเลแกรม ,องค์การบริหารส่วนตำบล,INV-26726,2024-12-05,ภัทราวุธ ทรงโกมล,2024-12-10,2024-12-05,2024-12-10
83bedad3-434f-453a-84ac-317912784a08,PRJ6520,BUD797,เครื่องจักร,ค่าแรง,344799.65,ซ่อมเบิ่งทวดโตยบอกกล้าคู่งม ,การไฟฟ้าฝ่ายผลิต,INV-11921,2024-12-07,จีราภรณ์ หิรัญสาลี,2024-12-11,2024-12-07,2024-12-11
075fc19c-f187-4698-936e-30f49df1dfe7,PRJ1866,BUD113,แรงงาน,ค่าวัสดุ,130300.75,ร่มรื่นกล้าแซงเมตตารัฐบาลรถทัวร์เป็น ,หน่วยงานราชการ,INV-13763,2025-07-18,เกริกพล แหยมศิริ,2025-07-25,2025-07-18,2025-07-25
1167d8a2-7fae-4184-b2ce-cc4d2200eb8f,PRJ9367,BUD127,แรงงาน,ค่าแรง,450812.51,เสียบจัดหน้าต่างดูระเบียง ,มูลนิธิการกุศล,INV-39403,2025-04-16,เกษตร จันทา,2025-04-17,2025-04-16,2025-04-17
b89d455d-d86f-4bbd-b894-4dc5f0eb0d01,PRJ9138,BUD645,วัสดุก่อสร้าง,ค่าแรง,190753.66,รถโดยสารธาตุการหรือ ,บริษัท GHI จำกัด,INV-50088,2025-03-29,สันติราษฎร์ นิลสุวรรณ์,2025-04-05,2025-03-29,2025-04-05
55d68c7b-ce88-4c14-affb-334b8e3bd17f,PRJ7871,BUD782,แรงงาน,ค่าวัสดุ,394068.23,เกาหลีปี่คู่ปูกระถางยูทูบ ,กรมทางหลวง,INV-52498,2025-04-23,ภูวัน พีระเพ็ญกุล,2025-05-07,2025-04-23,2025-05-07
a6e5eae8-2ea7-4952-9757-b8fd205141ca,PRJ2303,BUD249,แรงงาน,ค่าเครื่อง,490692.45,สหกรณ์โง่เฉยทอดมันแรงงาน ,สำนักงานเขต,INV-02674,2025-05-22,จณิสตา ถนัดอาวุธ,2025-05-25,2025-05-22,2025-05-25
b177d644-954e-4cd1-a09a-878a864d3074,PRJ3804,BUD215,แรงงาน,ค่าแรง,69885.02,กีฬามะเขือเทศเพียงเดี่ยวน้ำหวานสีแดงรัฐประหารเป็น ,สำนักงานเขต,INV-96248,2025-05-13,จุฑารัตน์ ซาซุม,2025-05-17,2025-05-13,2025-05-17
5cf97c43-9fbd-4af0-8565-d54d1add6413,PRJ1734,BUD770,วัสดุก่อสร้าง,ค่าแรง,442387.09,นั่งทุกข์จะไปพั่งมิตร ,หน่วยงานราชการ,INV-10799,2024-09-13,ศภัคชคง ตระกูลไม้เรียง,2024-09-17,2024-09-13,2024-09-17
81d536bd-8005-4371-bb5e-b1cadc8de55d,PRJ5519,BUD336,เครื่องจักร,ค่าวัสดุ,113306.8,ง่วงชุดนอนทรัพย์สินทดลอง ,บริษัท DEF จำกัด,INV-67102,2025-01-30,พรชีวิน ผลบุญ,2025-02-02,2025-01-30,2025-02-02
4ca1ef53-a255-44f8-9369-3a5b5592c88c,PRJ8781,BUD651,วัสดุก่อสร้าง,ค่าวัสดุ,299600.62,เอิดไหนแปรงลงมือ ,กรมทางหลวง,INV-50854,2024-08-14,นารดา วาทา,2024-08-25,2024-08-14,2024-08-25
3f65ffdc-3c67-41d3-a697-0a4669135e28,PRJ1845,BUD695,เครื่องจักร,ค่าแรง,450261.3,คบทอดมันแตะมะเขือเทศกล่าวกลางคืนอาสาเขยื้อน ,มูลนิธิการกุศล,INV-49018,2025-04-06,จันทนา เธียรายัน,2025-04-09,2025-04-06,2025-04-09
a9ad3644-cda4-4974-9f35-4a7ad9dbdcfb,PRJ1559,BUD380,วัสดุก่อสร้าง,ค่าเครื่อง,255737.79,หึงสาจากหมอกโรงสี ,การไฟฟ้าฝ่ายผลิต,INV-11539,2024-08-17,จักรชัย พงศ์ฉบับนภา,2024-08-22,2024-08-17,2024-08-22
d0b34307-17bb-4e5b-8f0e-949853df6f77,PRJ9556,BUD188,เครื่องจักร,ค่าแรง,203547.1,กะเพราโง่แข่งขันชาว ,บริษัท GHI จำกัด,INV-60616,2025-06-20,ธัญญกัญญา นามเสวตร,2025-06-25,2025-06-20,2025-06-25
da819c1f-7491-40d5-8ce5-0f31d99b5c81,PRJ4659,BUD399,เครื่องจักร,ค่าเครื่อง,411529.09,อ่อนหวานเมล็ดเงาเพลงระยำ ,สำนักงานเขต,INV-26082,2025-07-08,เกษรา บุญญาไลย์,2025-07-09,2025-07-08,2025-07-09
0e049989-be20-4641-ac70-743c40c5b4e2,PRJ3483,BUD802,วัสดุก่อสร้าง,ค่าวัสดุ,166889.86,แก่กะเพราทุ่มไต้หวันทหารแม้ ,มูลนิธิการกุศล,INV-61884,2025-04-30,ไชยภพ ธีวร,2025-05-08,2025-04-30,2025-05-08
ba1def3a-e073-4fae-b677-9c97d46f3c1a,PRJ9541,BUD851,แรงงาน,ค่าวัสดุ,122384.49,เจ็บไข้จากแหย่ดีโรงสีข้าวกีฬา ,บริษัท DEF จำกัด,INV-69952,2025-01-14,จิรวิทย์ คำลือ,2025-01-28,2025-01-14,2025-01-28
3827471a-ddae-462e-a069-7e9b648720d0,PRJ7113,BUD388,เครื่องจักร,ค่าเครื่อง,432021.19,แซงนักเรียนมิตรสด ,มูลนิธิการกุศล,INV-13182,2025-05-13,วิชา ทองอยู่,2025-05-24,2025-05-13,2025-05-24
f98c1b80-2abc-4127-9e09-bd6d919bc6c2,PRJ9279,BUD372,เครื่องจักร,ค่าเครื่อง,342980.53,ไอโอเอสหลบแท็กซี่กว้างเตียนขนม ,องค์การบริหารส่วนตำบล,INV-69854,2024-12-11,พิชญ์สินี เนื่องนนท์,2024-12-17,2024-12-11,2024-12-17
096ae5ad-0f5d-4fe6-9cc4-3c53ab25cb6b,PRJ1600,BUD407,เครื่องจักร,ค่าเครื่อง,361009.32,มัสยิดหล่นเพียงถกเถียงแสง ,การไฟฟ้าฝ่ายผลิต,INV-38110,2025-05-05,ณัฐติญา เนื้อนุ่ม,2025-05-09,2025-05-05,2025-05-09
94f17b94-af5b-484f-8717-23ee4740558f,PRJ8827,BUD342,วัสดุก่อสร้าง,ค่าเครื่อง,265077.38,หน้าที่รากกลางรถถังธาตุงมที่ดิน ,บริษัท GHI จำกัด,INV-94586,2024-08-09,นนทกาญจน์ ธนประทีป,2024-08-21,2024-08-09,2024-08-21
0c281e58-a41b-4f15-ae95-f893500f4b08,PRJ4427,BUD948,แรงงาน,ค่าแรง,401417.1,โกงเทเลแกรมอธิษฐานเริ่ม ,การไฟฟ้าฝ่ายผลิต,INV-97699,2025-06-29,ดวงพร ปานสุวรรณ,2025-07-01,2025-06-29,2025-07-01
4c3f44a1-513c-4ebb-81ec-071690df515d,PRJ1209,BUD685,เครื่องจักร,ค่าวัสดุ,384853.75,แต่กรดไหลย้อนทานตู่ทด ,บริษัท XYZ จำกัด,INV-77182,2025-02-24,อาภัศรา เจริญรัมย์,2025-03-10,2025-02-24,2025-03-10
e7a95a04-8d07-49ba-a0ff-0e6dae1cf555,PRJ4036,BUD580,เครื่องจักร,ค่าเครื่อง,292177.49,ลูกสุดท้ายอวัยวะ ,องค์การบริหารส่วนตำบล,INV-74221,2024-09-22,กระสุน ตวันเยี่ยม,2024-10-04,2024-09-22,2024-10-04
f5092abd-b48d-402e-8f8c-680228437f6c,PRJ1233,BUD111,แรงงาน,ค่าเครื่อง,59240.45,ดูที่คำสั่งกิ่งไม้น้ำเย็นพับ ,บริษัท ABC จำกัด,INV-23212,2025-06-20,มนรัตน์ หอมสิน,2025-07-03,2025-06-20,2025-07-03
4f234144-ba7d-436d-9bd4-efa0682dc1c7,PRJ8301,BUD608,แรงงาน,ค่าเครื่อง,438646.69,ถกเถียงฝากขี่ราก ,มูลนิธิการกุศล,INV-29269,2024-12-30,ธวัศชา ถนิมมาศ,2025-01-10,2024-12-30,2025-01-10
deeea676-a0a0-4f92-b1f6-0b167528af6a,PRJ1267,BUD462,วัสดุก่อสร้าง,ค่าแรง,32471.89,แมคเห็นไอโอเอสกลางวิกิพีเดียซ่อนพักผ่อน ,บริษัท DEF จำกัด,INV-99560,2025-03-12,ยศพนต์ ถาวรรัตน,2025-03-25,2025-03-12,2025-03-25
7ed356cb-1835-4f1a-88a8-9dc62229a53d,PRJ7746,BUD237,แรงงาน,ค่าวัสดุ,50506.83,ใบไม้เป็นตะแกรงห่อข้าวหว่านพิการ ,บริษัท ABC จำกัด,INV-78407,2025-05-09,ประเดิม จันทา,2025-05-09,2025-05-09,2025-05-09
e29ea588-68b9-4378-b9bd-58a20fc8a47c,PRJ7065,BUD153,วัสดุก่อสร้าง,ค่าวัสดุ,318842.53,สาธารณรัฐธาตุโควิดระเบียงสหกรณ์ ,การไฟฟ้าฝ่ายผลิต,INV-31141,2025-01-27,พชรภรณ์ บุตราช,2025-01-27,2025-01-27,2025-01-27
9df57107-d5fc-4b8d-af08-799b66da7f11,PRJ9171,BUD952,เครื่องจักร,ค่าวัสดุ,143712.35,สลับของหวานรถบัสหรืออัศจรรย์โควิดสุขภาพ ,กรมทางหลวง,INV-19163,2025-02-12,เจษฏาภรณ์ ทวนทอง,2025-02-18,2025-02-12,2025-02-18
cec3ec63-dbaf-459c-9890-d821e38383af,PRJ1779,BUD638,วัสดุก่อสร้าง,ค่าวัสดุ,331741.62,เผื่ออาสาโรงสีเสรีภาพลืมคาวทุกข์ ,องค์การบริหารส่วนตำบล,INV-37025,2025-05-23,ปาริตา นิลสลัว,2025-06-02,2025-05-23,2025-06-02
37d4d001-2b2f-4556-9b82-5204ea30e144,PRJ6006,BUD280,วัสดุก่อสร้าง,ค่าเครื่อง,36109.03,ปีพักผ่อนนิ่ม ,การไฟฟ้าฝ่ายผลิต,INV-49472,2025-03-02,นิภา บัวเผื่อน,2025-03-10,2025-03-02,2025-03-10
efb698b8-3ad9-4b2d-b2e3-db11ab28bb64,PRJ1082,BUD243,เครื่องจักร,ค่าเครื่อง,352715.19,ถางสีเทากำตำลึงสุขภาพแม้ ,สำนักงานเขต,INV-15176,2024-12-19,ธีรลักษณ์ ธาราธร,2025-01-03,2024-12-19,2025-01-03
ea8609ad-e167-40da-b8ff-570153f21bb2,PRJ6718,BUD905,เครื่องจักร,ค่าวัสดุ,408496.23,ตีนหนุนหลังคาตลอดอบอุ่นลืมคาวพับ ,กรมทางหลวง,INV-06881,2025-07-11,ไมล์ เดชคุ้ม,2025-07-14,2025-07-11,2025-07-14
1060d12c-1977-433c-8807-37912698156c,PRJ2534,BUD834,เครื่องจักร,ค่าเครื่อง,144421.41,พิการแท็กซี่แข่งขันพักผ่อนนุ่นกบ ,มูลนิธิการกุศล,INV-55735,2025-02-19,สมหมาย ตันเผ่า,2025-02-26,2025-02-19,2025-02-26
a5716b49-2070-426e-8c9f-87ab23efe8b8,PRJ1201,BUD188,เครื่องจักร,ค่าเครื่อง,112737.96,เพราะซ่อมเบิ่งกระถางเคยกิ่งไม้เศษอาหาร ,บริษัท GHI จำกัด,INV-58932,2025-03-28,พลภูมิ ตรีเภรินทร์,2025-04-11,2025-03-28,2025-04-11
62b7bafd-373f-4cee-bb92-bc8fb9c84dc1,PRJ9981,BUD261,แรงงาน,ค่าวัสดุ,89379.84,ผู้ร้ายดอกไม้น้ำเย็นเป็น ,บริษัท ABC จำกัด,INV-68675,2025-06-23,ธีร์ธวันาย ธรรมเมธา,2025-06-25,2025-06-23,2025-06-25
e53da295-1995-400a-aff5-231149c0e7b6,PRJ9463,BUD713,เครื่องจักร,ค่าวัสดุ,117073.62,สุขภาพในแถบถกเถียงกะเพราที่แก้และ ,กรมทางหลวง,INV-02850,2025-05-14,ธัชญา นิลสลัว,2025-05-24,2025-05-14,2025-05-24
9b0a9716-2a47-4f01-b192-3420c047f31d,PRJ5763,BUD488,เครื่องจักร,ค่าวัสดุ,366240.23,หม้อหน้ากากตีนติด ,สำนักงานเขต,INV-14102,2025-01-04,ภานิณี ขำเอนก,2025-01-04,2025-01-04,2025-01-04
ddb0f66e-0c60-4360-a92a-6d709bd4c3c3,PRJ7566,BUD336,เครื่องจักร,ค่าวัสดุ,444208.22,น้องนักเรียนซ่อนหนูความดอกไม้นักเรียนตัวเมีย ,องค์การบริหารส่วนตำบล,INV-86892,2025-05-11,เจตธนากร ทองสีไพล,2025-05-24,2025-05-11,2025-05-24
ce8aba17-cedd-46a3-bf2b-448320125526,PRJ6962,BUD550,วัสดุก่อสร้าง,ค่าแรง,284313.33,ฤดูบูชารถโดยสาร ,บริษัท GHI จำกัด,INV-05325,2025-04-05,ธีรวัช บุนยาภิสนท์,2025-04-07,2025-04-05,2025-04-07
4cbe957c-a1bb-42f2-a263-ed384f232c7f,PRJ8867,BUD609,แรงงาน,ค่าวัสดุ,17125.26,อุปโภคสลับหมดเมาะกล่าวผิดย้ำ ,กรมทางหลวง,INV-88390,2024-08-16,พรชีวิน ถนัดอักษร,2024-08-22,2024-08-16,2024-08-22
dea7bb13-5b6b-42ef-8371-26c7d883d268,PRJ9603,BUD421,เครื่องจักร,ค่าวัสดุ,240043.19,โตทำสวนเทเลแกรม ,สำนักงานเขต,INV-47723,2024-10-31,วสิตา แก้วอยู่,2024-11-01,2024-10-31,2024-11-01
408f42ba-544a-4125-b110-b59c8daa258b,PRJ2977,BUD744,วัสดุก่อสร้าง,ค่าแรง,280842.37,ผู้ร้ายคมนาคมผิดยันเฉย ,กรมทางหลวง,INV-22907,2024-09-18,ญาณพันธุ์ แน่นดุจป้อม,2024-09-27,2024-09-18,2024-09-27
f2381842-e9f6-4429-88dc-3f8c4175bc58,PRJ9440,BUD349,แรงงาน,ค่าเครื่อง,190948.2,ปี่ซ่อนคำถามศาลากลางเศษใจแท็กซี่จัด ,การไฟฟ้าฝ่ายผลิต,INV-30266,2024-08-29,อรจิรา ทัศนสุทธิ,2024-08-30,2024-08-29,2024-08-30
2c59532e-85c5-46f6-97ce-a29232cd643c,PRJ4046,BUD908,วัสดุก่อสร้าง,ค่าแรง,245326.34,จะไปพั่งแก่จะไปพั่งย่อ ,กรมทางหลวง,INV-03345,2024-09-12,ณิชนันท์ ถนัดการยนต์,2024-09-24,2024-09-12,2024-09-24
148d0095-cb25-4958-b78b-13419fc4159c,PRJ6712,BUD380,วัสดุก่อสร้าง,ค่าแรง,398416.04,เลี้ยวเห็นรถถังกรรมการเสียบแข้งท้องฟ้าแก่ ,บริษัท GHI จำกัด,INV-03015,2024-12-11,สมหมาย เขียวขุ้ย,2024-12-17,2024-12-11,2024-12-17
4d27d2e4-ce57-46a0-941a-c58a7ecc577c,PRJ2038,BUD871,วัสดุก่อสร้าง,ค่าแรง,486087.4,กิจกรรมสีโผล่ ,การไฟฟ้าฝ่ายผลิต,INV-21435,2025-05-12,วรปรัชญ์ ตรีครุธพันธุ์,2025-05-26,2025-05-12,2025-05-26
848666e4-18fb-42d0-850c-aac8054c943d,PRJ6012,BUD241,วัสดุก่อสร้าง,ค่าแรง,377732.36,ขัดรากรอสมองคลานสหภาพสำหรับ ,หน่วยงานราชการ,INV-86563,2025-04-10,จิรวิทย์ ศาสตร์ศิลป์,2025-04-17,2025-04-10,2025-04-17
07f8922c-7903-48e1-944d-9c0467348971,PRJ7613,BUD186,วัสดุก่อสร้าง,ค่าแรง,179154.97,เชื่อมจ๋าผสมแรงงาน ,บริษัท XYZ จำกัด,INV-06495,2025-01-29,ทิพย์วารี นามขำ,2025-02-02,2025-01-29,2025-02-02
f4508138-88d1-49d8-a248-155a791ebde1,PRJ5771,BUD733,แรงงาน,ค่าเครื่อง,78142.38,ฤดูกับร้อนบูดเย็นเทเลแกรมเบียร์ ,บริษัท DEF จำกัด,INV-50138,2024-07-21,สุธินันท์ เวียงจันทึก,2024-08-02,2024-07-21,2024-08-02
94856679-7a0e-45cc-87d5-38a6c74c909f,PRJ7305,BUD556,เครื่องจักร,ค่าวัสดุ,482331.17,ใบไม้ประพฤติกว้างคนตายกะเพรา ,บริษัท DEF จำกัด,INV-66561,2024-07-23,พิมพ์สุดา เดชคุ้ม,2024-08-02,2024-07-23,2024-08-02
87e3144d-a88a-4189-9910-0d4be3e0762d,PRJ2192,BUD834,เครื่องจักร,ค่าวัสดุ,183544.69,เยอะอธิษฐานชะนีตกลงดังนี้ ,มูลนิธิการกุศล,INV-28027,2025-04-02,ภาสวุฒิ บุณยะภาชน์,2025-04-08,2025-04-02,2025-04-08
0c50ffbf-fffe-4b83-9d71-fbf02627299f,PRJ8567,BUD195,วัสดุก่อสร้าง,ค่าแรง,116265.43,ถางทุ่มเชื่อเสียบสลับ ,บริษัท DEF จำกัด,INV-81577,2025-03-16,นนทกาญจน์ ขอหมั่นกลาง,2025-03-22,2025-03-16,2025-03-22
b04bae3c-11ea-429d-99f7-37aaf19c44cf,PRJ4423,BUD214,วัสดุก่อสร้าง,ค่าแรง,141630.5,ซ่อนเชื่อตำลึง ,องค์การบริหารส่วนตำบล,INV-93814,2025-02-28,ธมน นิละทัต,2025-03-09,2025-02-28,2025-03-09
fb656cf3-1be7-425d-8455-4177bb364144,PRJ1142,BUD289,แรงงาน,ค่าเครื่อง,305406.08,เยาวชนเกาหลีดู ,สำนักงานเขต,INV-01251,2024-10-17,ปิยวัจน์ ทองสีไพล,2024-10-31,2024-10-17,2024-10-31
9e8abb14-d117-4c4a-916e-1e92dc6b8aa2,PRJ7315,BUD998,เครื่องจักร,ค่าแรง,334074.84,ข้าวสถานีตั้งแต่หรือสหกรณ์รัฐประหาร ,กรมทางหลวง,INV-98296,2024-10-21,สุกฤษตา อุลหัสสา,2024-10-26,2024-10-21,2024-10-26
5cbc4072-8ec4-437f-a0c0-6db13c102025,PRJ7055,BUD624,แรงงาน,ค่าวัสดุ,249541.29,โกงปิ่นโตหยักหยอกทรัพย์สินคั่วไชโยซ่อน ,มูลนิธิการกุศล,INV-16478,2024-11-21,บุญเอก นิละทัต,2024-11-21,2024-11-21,2024-11-21
fcf7dbd1-3b22-406c-9837-a715c42d480a,PRJ8216,BUD504,แรงงาน,ค่าวัสดุ,349819.76,ตู้บูดหมัดตัวอย่างเล่มผล ,กรมทางหลวง,INV-40656,2025-05-30,นนทกาญจน์ อุ่นอก,2025-06-08,2025-05-30,2025-06-08
7d41cbd3-f807-43d1-94ed-75f398c89c83,PRJ7507,BUD348,วัสดุก่อสร้าง,ค่าวัสดุ,205736.09,ผักทรัพย์สินมอบเอสซีบี ,การไฟฟ้าฝ่ายผลิต,INV-50825,2024-12-30,วาสุเทพ นาถะพินธุ,2025-01-11,2024-12-30,2025-01-11
cdc7c877-0b2a-40a2-9e04-fd66de212079,PRJ7219,BUD819,วัสดุก่อสร้าง,ค่าแรง,320854.79,กล่องโน่นค่อยแก้วพิการแก ,บริษัท DEF จำกัด,INV-44922,2025-03-15,ปฐวีกานต์ มิ่งขวัญ,2025-03-28,2025-03-15,2025-03-28
c7a20675-306c-4480-ba5c-8e40b5d2dd0c,PRJ7407,BUD574,เครื่องจักร,ค่าแรง,50423.13,การแต่ข้าวหมูแดงไชโย ,สำนักงานเขต,INV-88889,2025-04-21,ธเนษฐ ธรรมสถิตไพศาล,2025-04-26,2025-04-21,2025-04-26
58b16981-e632-4853-ae89-5569f0015e60,PRJ6836,BUD775,แรงงาน,ค่าเครื่อง,96098.35,ตีนทอดมันจะไปพั่งน้ำเย็นแถบผีกอธิษฐาน ,มูลนิธิการกุศล,INV-82343,2025-04-29,นาวีตา สงประเสริฐ,2025-04-30,2025-04-29,2025-04-30
fe75b8c0-8e6e-41ea-bebf-51213953a08e,PRJ2725,BUD570,วัสดุก่อสร้าง,ค่าวัสดุ,185728.21,ถกเถียงศาสตร์รถโดยสารหอยมะเขือเทศศาลากลางประชาธิปไตยวัฒนธรรม ,กรมทางหลวง,INV-48872,2025-07-15,สีหราช แหยมศิริ,2025-07-15,2025-07-15,2025-07-15
5da9e1f9-7b96-47e8-add6-89e0206e0de8,PRJ1659,BUD365,แรงงาน,ค่าแรง,184041.11,จากย่อประพฤติคนตายกะเพราไหนกล่อง ,กรมทางหลวง,INV-76960,2025-01-11,พิศพรรณ ทวนทอง,2025-01-24,2025-01-11,2025-01-24
d1b67158-9db2-4cee-b241-023b33bc1480,PRJ5937,BUD698,เครื่องจักร,ค่าวัสดุ,470475.81,วิชาชีพแม่มดน้ำเย็นฝากแก้วและ ,หน่วยงานราชการ,INV-32768,2025-06-28,ทิพย์วารี แท่นทอง,2025-07-01,2025-06-28,2025-07-01
3bae7b6f-b5c4-4d4a-b162-3456d922cee8,PRJ2290,BUD185,วัสดุก่อสร้าง,ค่าแรง,19295.06,อ่อนหวานทั่วจัด ,หน่วยงานราชการ,INV-23125,2025-01-20,อุษณีย์ ตะละภัฏ,2025-01-30,2025-01-20,2025-01-30
79ce5325-f1b9-42b0-b091-23b4c4ec2a99,PRJ4411,BUD573,วัสดุก่อสร้าง,ค่าเครื่อง,265033.39,แม่แรงงานฟากผลิตศาสตร์เพลงเปลืองห้องเรียน ,บริษัท DEF จำกัด,INV-08994,2025-06-10,ปิยวัจน์ นิระหานี,2025-06-23,2025-06-10,2025-06-23
8c64963c-b2f2-4af1-b54d-6fdffd2de844,PRJ9363,BUD210,เครื่องจักร,ค่าแรง,31387.14,ติดจากสนองไชโยระเบียงคอมมิวนิสต์ชู ,บริษัท DEF จำกัด,INV-76628,2024-11-26,จุฑารัตน์ อุลหัสสา,2024-11-26,2024-11-26,2024-11-26
62835428-3617-4dbe-97da-ef84fc3a14f9,PRJ1716,BUD781,แรงงาน,ค่าแรง,324598.59,สม่ำเสมอเมาะเตียนตอใดหล่นสาธารณรัฐตำลึงวาด ,บริษัท DEF จำกัด,INV-88269,2024-08-25,ดวงพร ทองแท้,2024-08-26,2024-08-25,2024-08-26
65b1929b-84c8-4f8e-be1b-226ec5545193,PRJ2217,BUD190,วัสดุก่อสร้าง,ค่าวัสดุ,483521.0,คู่หลังคาโง่ปี่จะไปพั่งและเมตตา ,บริษัท ABC จำกัด,INV-13321,2025-03-16,นิวิลดาน ถนอมพล,2025-03-26,2025-03-16,2025-03-26
97c4d2fb-9e82-4e2b-805b-cf332cb791d2,PRJ3307,BUD245,เครื่องจักร,ค่าเครื่อง,497683.52,กับหน้าต่างพยาธิครู ,สำนักงานเขต,INV-92003,2025-03-26,เกศรา เยาวธนโชค,2025-03-31,2025-03-26,2025-03-31
fe375296-418d-420f-ae07-882e7a085472,PRJ2281,BUD766,เครื่องจักร,ค่าแรง,15629.45,หน้ากากกูเกิลทอดมันโน่นกว้าง ,กรมทางหลวง,INV-04138,2025-04-25,นิวิลดาน เวียงจันทึก,2025-05-02,2025-04-25,2025-05-02
5a676082-5ed0-4db4-b769-70a85b3f2a72,PRJ2837,BUD966,วัสดุก่อสร้าง,ค่าเครื่อง,144730.3,ตู้หน้าที่กับคะแนนปู ,มูลนิธิการกุศล,INV-18687,2025-04-20,ทับทิม ศรีวงค์,2025-04-26,2025-04-20,2025-04-26
d36ae6e7-8a3a-4f8b-9f85-e82bd5ae817e,PRJ8126,BUD269,แรงงาน,ค่าแรง,98172.49,นิ่มรังแกกูเกิลตกลงซอยรังแก ,บริษัท XYZ จำกัด,INV-48376,2025-04-10,วัลยา ถนอมกุลบุตร,2025-04-18,2025-04-10,2025-04-18
0de26fbc-d0ff-41dd-9fb9-9556c963dc4d,PRJ3542,BUD716,แรงงาน,ค่าแรง,162918.63,เศษกล่าวหล่นแข่งขันตะแกรงโก๋แก่ ,หน่วยงานราชการ,INV-66369,2025-03-14,ฤทธิ์ชกร นิลสุวรรณ์,2025-03-16,2025-03-14,2025-03-16
8f80bc0e-3087-4b63-aaa0-50ce3b059519,PRJ5922,BUD432,เครื่องจักร,ค่าวัสดุ,199983.81,ขนมชั้นเสรีนิยมเช้า ,บริษัท GHI จำกัด,INV-99910,2025-02-02,พลภูมิ ตันตราจิณ,2025-02-12,2025-02-02,2025-02-12
527af6e8-0f52-494e-b499-4d5a9f804393,PRJ6135,BUD329,เครื่องจักร,ค่าแรง,383770.71,สีแดงล่อหลบ ,หน่วยงานราชการ,INV-96857,2025-05-16,ทรรศนชัย เนื่องนนท์,2025-05-29,2025-05-16,2025-05-29
ce6498a6-5c36-4caf-bffe-734f2e8652dd,PRJ6219,BUD246,แรงงาน,ค่าแรง,497327.07,ไอศกรีมรัฐบาลชุดนอนคาวหาย ,บริษัท ABC จำกัด,INV-51270,2024-12-21,รภัสพงษ์ ทีฆะ,2025-01-02,2024-12-21,2025-01-02
87b208d7-e619-4e6d-8ed0-b6ad0499a896,PRJ6551,BUD221,เครื่องจักร,ค่าวัสดุ,454854.1,แลกทดลองเพลงแม้ ,บริษัท ABC จำกัด,INV-13368,2025-03-02,จณิตตา ยางสวย,2025-03-04,2025-03-02,2025-03-04
29b1f9a1-da91-43c9-934e-a1ea500dc29b,PRJ5632,BUD447,แรงงาน,ค่าแรง,456066.69,น้ำหวานเสียบเคยแหย่ยึดแผนที่ปิ่นโต ,บริษัท ABC จำกัด,INV-75833,2025-07-08,ภัคชนน เนื่องนนท์,2025-07-12,2025-07-08,2025-07-12
400687a7-d0a3-4860-bffe-29c5f9124584,PRJ5787,BUD832,เครื่องจักร,ค่าวัสดุ,60381.34,ปากเหตุรากบาดอัศจรรย์รถถัง ,มูลนิธิการกุศล,INV-70445,2024-09-02,สิริรัตน์ พีระเพ็ญกุล,2024-09-12,2024-09-02,2024-09-12
a93c8be8-2b10-4e27-9e3a-87617d2cfd72,PRJ9582,BUD611,เครื่องจักร,ค่าเครื่อง,46435.79,ขี้ดินโรงสีสบายจัด ,หน่วยงานราชการ,INV-96811,2025-02-08,จิม ถนัดกลึง,2025-02-19,2025-02-08,2025-02-19
de4e363e-eb14-4848-8d39-62db19959d6d,PRJ8785,BUD892,แรงงาน,ค่าแรง,357559.62,กบโกงเตาชู ,บริษัท DEF จำกัด,INV-51827,2025-02-09,นันทวุฒิ ยาปะโลหิต,2025-02-09,2025-02-09,2025-02-09
b3f04204-4476-41cc-b3ef-4b7fbd1ecb63,PRJ2987,BUD356,เครื่องจักร,ค่าแรง,172246.4,แต่งรากนั่งโดย ,สำนักงานเขต,INV-21015,2024-11-10,พิไลพร ไสยกิจ,2024-11-12,2024-11-10,2024-11-12
fb741933-f61f-4441-9c07-67eec5cbcbdb,PRJ6975,BUD506,แรงงาน,ค่าวัสดุ,65481.06,ไอศกรีมคอกเงาชาวนาดังนี้ประสบการณ์ ,องค์การบริหารส่วนตำบล,INV-84507,2024-07-29,อำพร ขอหมั่นกลาง,2024-08-12,2024-07-29,2024-08-12
841023d6-6a2b-4e8d-b55e-9b43277e1032,PRJ2330,BUD342,แรงงาน,ค่าเครื่อง,189795.95,ทอดมันพยาธิหนูห้องเรียนขี่โก๋แก่ ,บริษัท DEF จำกัด,INV-39932,2024-08-13,จิตตานันท์ ปานสุวรรณ,2024-08-28,2024-08-13,2024-08-28
15363ebb-e153-498c-9e00-92ea64c2e775,PRJ1248,BUD403,วัสดุก่อสร้าง,ค่าเครื่อง,220595.4,โรงสีเพราะเล่มที่เลือก ,กรมทางหลวง,INV-40163,2025-02-11,ชัชเวศย์ นะวะมันดร,2025-02-13,2025-02-11,2025-02-13
33af6b2b-560c-4949-9810-87b0d0329e90,PRJ5781,BUD717,แรงงาน,ค่าวัสดุ,391706.02,ขัดเคารพชุมนุมบริษัท ,บริษัท DEF จำกัด,INV-52515,2024-09-11,พุทธิพงษ์ ตันเผ่า,2024-09-13,2024-09-11,2024-09-13
c3b8ec3f-affb-46da-8130-5c80676d831b,PRJ4752,BUD871,วัสดุก่อสร้าง,ค่าเครื่อง,437029.55,จะไปพั่งสมองนักเรียนฉีด ,บริษัท DEF จำกัด,INV-26513,2025-02-01,สุรธัช ทองสุกเลิศ,2025-02-15,2025-02-01,2025-02-15
aee56b6b-5696-4a48-96eb-6e9403eace08,PRJ2758,BUD324,วัสดุก่อสร้าง,ค่าแรง,390968.75,หน้าที่คอมมิวนิสต์รังแกสีเทาขาดเคิ่งห่มผ้า ,บริษัท ABC จำกัด,INV-38737,2024-08-01,ผดุงชาติ ธูปะวิโรจน์,2024-08-02,2024-08-01,2024-08-02
f232a8ce-d8ba-4173-8580-7010d24fd7cc,PRJ4665,BUD268,วัสดุก่อสร้าง,ค่าแรง,356027.71,ปากครองเผื่อ ,บริษัท XYZ จำกัด,INV-76109,2025-02-20,กุลภาวลัย ทัศนสุทธิ,2025-03-03,2025-02-20,2025-03-03
56099543-cd4b-40c4-8a5e-b99dcd1cad4c,PRJ5735,BUD737,เครื่องจักร,ค่าวัสดุ,131364.84,ลูกตาเคเอฟซีเสียบอ่อนหวานกิ่งไม้ศาลากลาง ,บริษัท ABC จำกัด,INV-67889,2025-06-25,ปรายกานต์ ดำริห์ชอบ,2025-06-25,2025-06-25,2025-06-25
9ba68aff-d706-4be4-844c-b9137beb2198,PRJ3499,BUD992,แรงงาน,ค่าเครื่อง,269912.58,แรงงานรถทัวร์ชิงถกเถียงรากขนมแต่ ,บริษัท ABC จำกัด,INV-13644,2024-12-03,พีรพัฒน์ นาคสุทิน,2024-12-06,2024-12-03,2024-12-06
ef08ff9b-bdc0-4859-9e20-be254567e3c4,PRJ9603,BUD998,วัสดุก่อสร้าง,ค่าแรง,431690.04,ไอโอเอสอุปโภคนิ่มลืมคาววิกิพีเดีย ,องค์การบริหารส่วนตำบล,INV-48285,2025-05-20,จิราภรณ์ ติณรัตน์,2025-06-01,2025-05-20,2025-06-01
28482ea9-33e6-43a5-9434-80e12754264b,PRJ4879,BUD688,แรงงาน,ค่าวัสดุ,128273.16,ทอดมันชนิดตรวจกรรมการตู่ ,กรมทางหลวง,INV-89143,2025-01-16,ฌาฆีภัตฐ์ ถิรสวัสดิ์,2025-01-29,2025-01-16,2025-01-29
8bad7c23-f5e9-4787-894a-522f69e243cd,PRJ2524,BUD947,แรงงาน,ค่าวัสดุ,166000.25,หน้าที่เย็บเนื้อลูกตา ,สำนักงานเขต,INV-21888,2024-09-29,สันติราษฎร์ จ้อยนุแสง,2024-10-09,2024-09-29,2024-10-09
b28e0392-6742-45fe-bbd1-a3e529ba7825,PRJ9097,BUD519,วัสดุก่อสร้าง,ค่าวัสดุ,321047.49,ง่วงกรดไหลย้อนทานข้าวหมูแดงที่ดินเคเอฟซี ,บริษัท GHI จำกัด,INV-41470,2025-02-08,เพ็ญพรรษา ดาตู,2025-02-09,2025-02-08,2025-02-09
869445f3-9fdc-47b0-aae2-1b5e3c272409,PRJ1070,BUD206,เครื่องจักร,ค่าแรง,224202.72,แม้ซี่หล่น ,สำนักงานเขต,INV-94432,2025-07-12,เจตพินิษฐ์ ตันเผ่า,2025-07-17,2025-07-12,2025-07-17
4a435209-fedc-44ab-bb3a-5fc13c0ad8d4,PRJ8122,BUD657,วัสดุก่อสร้าง,ค่าแรง,80250.17,ลืมคาวดาวเทียมสถานีห่อข้าว ,สำนักงานเขต,INV-68897,2024-11-14,อเนชา ศรีสัตย์,2024-11-16,2024-11-14,2024-11-16
441d7823-8469-4330-b83e-9d3887958735,PRJ3167,BUD850,วัสดุก่อสร้าง,ค่าแรง,370019.95,พิการไต้หวันโก๋แก่เกาหลี ,การไฟฟ้าฝ่ายผลิต,INV-71085,2024-11-12,โอภาส ตรีครุธพันธุ์,2024-11-14,2024-11-12,2024-11-14
48dcc2c0-50e5-4eb5-ae01-9e7f3d0f0d76,PRJ6228,BUD233,เครื่องจักร,ค่าวัสดุ,453835.18,กีฬายันครองชาวแรงงานซอย ,องค์การบริหารส่วนตำบล,INV-54627,2025-05-20,เอนกพงศ์ ดีตพันธุ์,2025-06-02,2025-05-20,2025-06-02
fb2ce437-00cb-4ccf-88ee-803385bfa0ea,PRJ1319,BUD335,วัสดุก่อสร้าง,ค่าวัสดุ,296673.29,เพียงเกมทรัพย์สินห่มผ้านุ่นตกลงเชื้อโรค ,บริษัท ABC จำกัด,INV-80136,2025-05-07,ฐิติกุล ชุมวระ,2025-05-12,2025-05-07,2025-05-12
ae2d9710-42ad-4fb6-9b67-1b3f90d2decd,PRJ2019,BUD344,เครื่องจักร,ค่าเครื่อง,108857.75,เรียงตีนเคารพรถถัง ,องค์การบริหารส่วนตำบล,INV-15605,2025-05-11,พรเบญญา ผลบุญ,2025-05-16,2025-05-11,2025-05-16
4f99378a-071a-4b59-a0be-62d88cf0e27d,PRJ8143,BUD118,วัสดุก่อสร้าง,ค่าวัสดุ,323746.32,เชื้อโรคแผนที่ผิดสมาคม ,บริษัท DEF จำกัด,INV-12850,2025-01-05,พันเกล้า ดาวอร่าม,2025-01-16,2025-01-05,2025-01-16
2807a1fd-91e5-4fc7-8af2-944c744edfb1,PRJ8085,BUD167,แรงงาน,ค่าแรง,16680.32,ไค้หันกตัญญูหาบกับอดปิ่นโตแท็บลอยด์สมาคม ,องค์การบริหารส่วนตำบล,INV-16356,2025-06-24,พชรภรณ์ ถนัดพิมพการ,2025-06-28,2025-06-24,2025-06-28
d81d6144-9ab3-4140-8962-e995da408f99,PRJ8672,BUD614,แรงงาน,ค่าแรง,277903.3,อินเทอร์เน็ตกล่าวฝากลงมือขี่แก่ ,บริษัท ABC จำกัด,INV-42923,2024-09-10,ทานตะวัน ถนัดพิมพการ,2024-09-18,2024-09-10,2024-09-18
2751da84-2205-40f1-9a43-0bba41498bef,PRJ7457,BUD173,เครื่องจักร,ค่าแรง,42819.56,โผล่ดึกหนูยา ,กรมทางหลวง,INV-43714,2025-02-15,โสภา ปานสุวรรณ,2025-02-19,2025-02-15,2025-02-19
1bfd9ad1-6bf7-48b0-8907-e69c58081fa2,PRJ2126,BUD548,วัสดุก่อสร้าง,ค่าวัสดุ,377432.99,ปิ่นโตอัศจรรย์สถานี ,กรมทางหลวง,INV-36098,2025-04-22,พัสวี ถนัดการเขียน,2025-05-07,2025-04-22,2025-05-07
1cc29157-7ed9-43e5-b7d5-e5e13e9b3682,PRJ8469,BUD215,แรงงาน,ค่าแรง,296904.98,ผสมโรงสีชุดนอนเริ่มต่อทดลอง ,กรมทางหลวง,INV-68533,2025-01-19,กิ่งแก้ว แก้วชลคราม,2025-02-03,2025-01-19,2025-02-03
e0aaf3b4-d1d5-4e67-898e-30079b65330b,PRJ1124,BUD412,แรงงาน,ค่าแรง,441751.84,หน้าต่างขี่อธิษฐานกิ่งไม้ ,กรมทางหลวง,INV-25965,2024-08-11,วัลยา ทำประดู่,2024-08-16,2024-08-11,2024-08-16
04362a23-5092-431d-a41c-e175f20e37a6,PRJ4159,BUD270,แรงงาน,ค่าวัสดุ,121723.28,เคเอฟซีพับชาวรสชาติฝาก ,หน่วยงานราชการ,INV-33623,2024-11-22,คำ ชำนาญวาด,2024-12-03,2024-11-22,2024-12-03
28a0d436-36bf-4711-8159-2c40e7b3e743,PRJ8826,BUD551,แรงงาน,ค่าวัสดุ,458171.79,ธาตุเสรีนิยมลงมือลืมคาวต้น ,กรมทางหลวง,INV-82768,2024-08-15,เถลิงยศ ยะผา,2024-08-20,2024-08-15,2024-08-20
edde31e7-45fb-4114-98a4-b5dea4f63e61,PRJ9425,BUD383,แรงงาน,ค่าแรง,271644.34,แมลงแผนที่บันไดสหกรณ์ ,กรมทางหลวง,INV-90007,2024-08-11,จิฬาภรณ์ นพคเชนทร์,2024-08-22,2024-08-11,2024-08-22
7cd50d6d-ee2c-42b1-a6a3-b5927ab2b2e1,PRJ3385,BUD504,เครื่องจักร,ค่าวัสดุ,376142.71,พยาธิแข้งผสมองค์ ,บริษัท GHI จำกัด,INV-32401,2024-12-18,สุภัทริดา แจ้งสว่าง,2024-12-27,2024-12-18,2024-12-27
b4f84c01-c524-4f58-84d1-5a099ff0f467,PRJ6545,BUD709,วัสดุก่อสร้าง,ค่าวัสดุ,418687.92,หล่นเมตตายาอธิษฐานอบอุ่นซอย ,บริษัท GHI จำกัด,INV-85545,2024-11-05,จิม แต้กุล,2024-11-17,2024-11-05,2024-11-17
6c264145-5cbe-4d83-9485-c63aa26d841d,PRJ5408,BUD444,แรงงาน,ค่าเครื่อง,184818.1,ถกเถียงตกลงท้องฟ้าสนองตะแกรง ,การไฟฟ้าฝ่ายผลิต,INV-09679,2024-09-23,ภานุพล ยะผา,2024-10-05,2024-09-23,2024-10-05
7bc122b3-eb22-42cb-9669-d48a3c0d82a8,PRJ9639,BUD361,แรงงาน,ค่าวัสดุ,345238.32,เมาะเล่มชาวนาไข่ ,กรมทางหลวง,INV-66225,2025-04-18,มูฮำมัด ร่มธิติรัตน์,2025-04-26,2025-04-18,2025-04-26
eea89aa7-5618-45b9-9529-3f54e432f60a,PRJ9800,BUD485,เครื่องจักร,ค่าเครื่อง,90497.65,สีเทาปิ่นโตอธิษฐานวิ่งบันไดกูซี่ ,มูลนิธิการกุศล,INV-59770,2025-07-02,เอนกพงศ์ นาถะพินธุ,2025-07-10,2025-07-02,2025-07-10
0c485ef1-218e-437d-8f64-383759ae54dd,PRJ3661,BUD428,วัสดุก่อสร้าง,ค่าวัสดุ,135619.37,ที่ดินผีกอธิษฐานได้แก่ถกเถียงผีกกล้า ,หน่วยงานราชการ,INV-59063,2025-06-09,อุดมลักษณ์ ดีตพันธุ์,2025-06-18,2025-06-09,2025-06-18
c1c75afd-dc40-4f5e-a8db-2d3b57f69441,PRJ3619,BUD857,เครื่องจักร,ค่าเครื่อง,60256.34,ครองทรัพย์สินในชาวนา ,หน่วยงานราชการ,INV-44954,2024-10-29,ปิยะนันท์ กุมารบุญ,2024-10-30,2024-10-29,2024-10-30
89f1c353-84dd-4a4e-b63d-a6dd07bd4659,PRJ4102,BUD469,แรงงาน,ค่าวัสดุ,78207.75,ดังนี้อัศจรรย์เสียบรถทัวร์ควร ,บริษัท DEF จำกัด,INV-19602,2024-09-14,คมกริบ นุตตาร,2024-09-16,2024-09-14,2024-09-16
88e2ac23-57cd-448e-9cd2-f92573d8ce83,PRJ1940,BUD191,แรงงาน,ค่าเครื่อง,479458.15,พยาธิเลี้ยวได้แก่เนื่องจาก ,สำนักงานเขต,INV-20886,2024-11-01,เชิงชาย บุญศล,2024-11-01,2024-11-01,2024-11-01
b5178927-a470-4259-8557-2f57914c5051,PRJ7755,BUD856,วัสดุก่อสร้าง,ค่าแรง,217082.12,ปากทดลองชุดนอนร่างกตัญญูท้องฟ้าขันน้ำ ,กรมทางหลวง,INV-15344,2024-10-03,ชรินทร์ทิพย์ ตั้งเผ่า,2024-10-05,2024-10-03,2024-10-05
347a45e4-8592-4aad-877b-7052f124848d,PRJ6973,BUD786,วัสดุก่อสร้าง,ค่าวัสดุ,281561.12,กับแตะกูถางเจ็บไข้ ,การไฟฟ้าฝ่ายผลิต,INV-25733,2025-02-07,ศรินยา ดาตู,2025-02-12,2025-02-07,2025-02-12
25e21a79-9d2c-4fce-adac-7cbd17a9ee7e,PRJ5702,BUD820,เครื่องจักร,ค่าแรง,301582.03,เชื่อมซ่อมเบิ่งสดชื่น ,สำนักงานเขต,INV-24041,2025-01-20,สิราพร ปรีชากุลเศรษฐ์,2025-01-21,2025-01-20,2025-01-21
329c4925-eb74-49db-909c-0ed294bce072,PRJ7995,BUD988,เครื่องจักร,ค่าแรง,214609.94,หายบันไดบูด ,สำนักงานเขต,INV-77793,2025-06-30,อมัด แนวพนิช,2025-07-10,2025-06-30,2025-07-10
dd152460-c177-455b-8b03-ff7c5a40f71b,PRJ8775,BUD912,เครื่องจักร,ค่าวัสดุ,393606.95,อิฐโน่นตกลงโผล่ ,กรมทางหลวง,INV-84826,2024-10-14,วณัฐดา อัตตนาถ,2024-10-18,2024-10-14,2024-10-18
1f75f591-305e-432b-90ad-a1218efffa02,PRJ2213,BUD301,เครื่องจักร,ค่าแรง,213245.55,ขัดอบอุ่นไข่เชื่อ ,หน่วยงานราชการ,INV-80441,2024-11-24,พงษ์นเรศ บุตราช,2024-12-03,2024-11-24,2024-12-03
4be355ff-61b8-425a-8787-8c57ae008829,PRJ6453,BUD236,เครื่องจักร,ค่าวัสดุ,108549.94,แต่งเชื่อตีนห่วงใยไอศกรีมกล้ามะเขือเทศระยำ ,บริษัท XYZ จำกัด,INV-65727,2025-01-15,น้ำเพชร นาคะนคร,2025-01-24,2025-01-15,2025-01-24
b3128d4b-4124-4970-9c05-013b0ca59097,PRJ6973,BUD779,แรงงาน,ค่าวัสดุ,177081.15,ปากข้าวผลนั่งนิ่มเนื้อปาก ,มูลนิธิการกุศล,INV-10713,2025-03-26,ตรีนุช เพียยา,2025-04-07,2025-03-26,2025-04-07
dbc3e96c-a74a-400d-b9b6-b1cdc80d4693,PRJ9908,BUD260,วัสดุก่อสร้าง,ค่าวัสดุ,328027.6,โง่โรงสีรัฐประหารขี่สดชื่นกล่องบัดนี้ ,สำนักงานเขต,INV-48262,2025-07-01,วาร์มูฮำหมัด ถนัดหัตถกรรม,2025-07-09,2025-07-01,2025-07-09
cb2dc60d-60fc-4b60-95a6-8f7d4a9982db,PRJ1231,BUD575,วัสดุก่อสร้าง,ค่าวัสดุ,303738.24,เยอะชิงน้า ,กรมทางหลวง,INV-27030,2025-06-30,นาย เตชะกำพุ,2025-07-06,2025-06-30,2025-07-06
00b8b479-5dc9-4e8e-b9b2-7ce2138bad4b,PRJ4376,BUD731,เครื่องจักร,ค่าวัสดุ,380126.98,เลือกสาธารณรัฐเปลืองบันไดเศษกลางบอกใบ้ ,บริษัท GHI จำกัด,INV-99399,2024-10-09,บุญเทียน บุญบำรุง,2024-10-22,2024-10-09,2024-10-22
e1b33de2-5b36-4d60-b484-e417a0bd3a22,PRJ1690,BUD794,วัสดุก่อสร้าง,ค่าแรง,24989.72,เห็นตู้ลงมือใบไม้ ,บริษัท XYZ จำกัด,INV-03331,2024-08-03,โสภา ดุษฎีวนิช,2024-08-09,2024-08-03,2024-08-09
afbea822-a94e-4926-b56c-fe8586c7bc51,PRJ9698,BUD783,เครื่องจักร,ค่าวัสดุ,161031.91,ผู้ร้ายห่มผ้าอินเทอร์เน็ตวินโดวส์รถโดยสาร ,สำนักงานเขต,INV-01299,2025-05-02,ญาณพันธุ์ ทรงโกมล,2025-05-05,2025-05-02,2025-05-05
9a59cfad-82c5-4463-b822-76fa9cc24428,PRJ7704,BUD576,วัสดุก่อสร้าง,ค่าเครื่อง,384637.42,แม่มดแท็บลอยด์ใจมัสยิดเชื้อโรคหาย ,สำนักงานเขต,INV-99676,2024-11-15,กระสุน นามเสวตร,2024-11-16,2024-11-15,2024-11-16
014440ff-a9ac-4890-ae90-e18764ff3504,PRJ6996,BUD247,เครื่องจักร,ค่าเครื่อง,479136.36,ควรสหภาพตรวจกู ,องค์การบริหารส่วนตำบล,INV-15607,2024-09-18,รมิตา บุนยาภิสนท์,2024-09-22,2024-09-18,2024-09-22
7c59bab8-432e-4cf5-8113-e1dad5e6674c,PRJ4147,BUD323,วัสดุก่อสร้าง,ค่าวัสดุ,166191.35,ขี้ไคลคอมมิวนิสต์ขี่แหย่ ,หน่วยงานราชการ,INV-56200,2025-04-15,โกวิทย์ พรสีมา,2025-04-30,2025-04-15,2025-04-30
8166c455-e6d6-42de-8c78-1fb5076f4b94,PRJ3904,BUD976,เครื่องจักร,ค่าแรง,270655.85,ยูทูบยาคบห้องเรียนขนมชั้น ,บริษัท DEF จำกัด,INV-81181,2025-01-03,ฮานาฟี สุวรรณหงษ์,2025-01-10,2025-01-03,2025-01-10
8570fca7-f849-4bde-8788-270b618183a8,PRJ1134,BUD544,แรงงาน,ค่าเครื่อง,78076.05,ทั่วเขยื้อนดูเคารพ ,หน่วยงานราชการ,INV-91800,2025-01-05,รภัสพงษ์ พรสีมา,2025-01-08,2025-01-05,2025-01-08
6bfd1184-0753-4e1b-951d-58821b0543f9,PRJ6354,BUD702,แรงงาน,ค่าวัสดุ,187676.19,ต่อชุมนุมทวดนั่ง ,บริษัท ABC จำกัด,INV-97343,2025-06-28,วรรณชนะชัย ตรีเภรินทร์,2025-07-07,2025-06-28,2025-07-07
4a817183-5cc9-482b-b587-a4394c470d82,PRJ8140,BUD679,แรงงาน,ค่าวัสดุ,201154.89,หมุนสัญญาเปลืองปี่หน้าที่ ,บริษัท ABC จำกัด,INV-65190,2025-05-20,ปฐม ทรงโกมล,2025-06-03,2025-05-20,2025-06-03
eb2e01e7-6465-4224-86c3-c453d5ff5869,PRJ5584,BUD786,แรงงาน,ค่าแรง,173130.41,อินสตาแกรมลูกตาดังนี้บัดนี้บูดสีเทา ,บริษัท GHI จำกัด,INV-44881,2024-10-26,พรพิไล ถนัดอักษร,2024-11-04,2024-10-26,2024-11-04
d2f6e7cf-f77d-49b4-99f6-3c6df8f4e8c7,PRJ7243,BUD200,เครื่องจักร,ค่าเครื่อง,51044.02,แข้งกิโลเมตรความสด ,บริษัท DEF จำกัด,INV-60507,2025-07-03,โอภาส ไชยภา,2025-07-05,2025-07-03,2025-07-05
cdaf2c02-6fb0-4344-9373-b1129e74e88a,PRJ8211,BUD527,วัสดุก่อสร้าง,ค่าวัสดุ,177338.44,ออนซอนเด๊สหกรณ์ได้แก่เย็นผลทุ่ม ,มูลนิธิการกุศล,INV-36930,2025-01-20,นพ ดาบเงิน,2025-01-21,2025-01-20,2025-01-21
739e9bb4-894b-438d-ac3a-b9ea7f5733ff,PRJ2926,BUD415,เครื่องจักร,ค่าวัสดุ,318684.45,ประสบการณ์อาสาแม่มดที่ดินรถทัวร์โดยน้ำหวาน ,บริษัท XYZ จำกัด,INV-12016,2025-06-09,อาซือมะ ตรีเภรินทร์,2025-06-12,2025-06-09,2025-06-12
5086ef47-beaf-497c-826a-ee32728ce094,PRJ2464,BUD473,วัสดุก่อสร้าง,ค่าเครื่อง,64731.94,กิ่งไม้เข้ารหัสปกครองใหม่บันไดแลกทดลองหมอก ,หน่วยงานราชการ,INV-45352,2024-07-30,สมปอง ไทไชโย,2024-08-03,2024-07-30,2024-08-03
0f137019-6fd3-4d1e-a385-c4033494c481,PRJ3404,BUD837,เครื่องจักร,ค่าวัสดุ,279666.16,ศาสตร์ตั้งแต่ทดทำสวนย้ำ ,หน่วยงานราชการ,INV-86053,2025-03-16,ธเนษฐ ขอหมั่นกลาง,2025-03-28,2025-03-16,2025-03-28
634ccab1-c729-43cc-8007-d99b604a7181,PRJ2939,BUD874,เครื่องจักร,ค่าเครื่อง,367168.84,เดี่ยวปกครองเลี้ยวที่ ,องค์การบริหารส่วนตำบล,INV-06083,2024-07-31,ปภาวรินทร์ หิรัญสาลี,2024-08-01,2024-07-31,2024-08-01
3a7845fc-1fa4-4b53-a653-603b5c6ec927,PRJ7610,BUD641,เครื่องจักร,ค่าเครื่อง,238477.29,สบายคนตายเช้าเคเอฟซีคาวยึดที่ ,สำนักงานเขต,INV-42468,2025-05-05,ทองรัตน์ อุ่นอก,2025-05-13,2025-05-05,2025-05-13
8e52b26f-707d-4562-9cce-8f6186cef3e7,PRJ5512,BUD979,วัสดุก่อสร้าง,ค่าวัสดุ,226236.37,บูดแข่งขันยาราก ,บริษัท ABC จำกัด,INV-17903,2024-12-15,ธวัศชา ปรีชากุลเศรษฐ์,2024-12-30,2024-12-15,2024-12-30
18421960-4e82-4e16-a981-d63a87d8e65c,PRJ5853,BUD881,วัสดุก่อสร้าง,ค่าแรง,106343.74,มัสยิดเบียร์บาดด้ายข้างคอมมิวนิสต์ ,หน่วยงานราชการ,INV-52482,2025-07-08,ฉัตรปรียา ตระกูลไม้เรียง,2025-07-08,2025-07-08,2025-07-08
cf504085-dc13-40be-8c41-543fa0199ce7,PRJ5470,BUD694,วัสดุก่อสร้าง,ค่าแรง,113295.1,ล่อการความกตัญญูกตัญญูกระจาย ,กรมทางหลวง,INV-56615,2025-04-23,ลักษมี ศรีธนะเวทย์,2025-05-01,2025-04-23,2025-05-01
57903282-e7ac-4121-a16b-8c43418fa53c,PRJ2122,BUD106,วัสดุก่อสร้าง,ค่าแรง,241401.59,ทรัพย์สินออนซอนเด๊เผื่อขาดเคิ่งลูกชิ้นเป็น ,หน่วยงานราชการ,INV-42497,2025-03-04,ทิพรดา ถนัดหัตถกรรม,2025-03-11,2025-03-04,2025-03-11
7f5ff882-ff63-4790-846b-d8934858625c,PRJ2937,BUD211,เครื่องจักร,ค่าแรง,200879.31,เอิดคลานแข้งหน้ากาก ,หน่วยงานราชการ,INV-98050,2024-10-16,สัญชาน บุนยาภิสนท์,2024-10-22,2024-10-16,2024-10-22
92a4b07f-980f-4632-b8e5-1298dea82c5d,PRJ7197,BUD192,แรงงาน,ค่าแรง,262743.12,อัศจรรย์ขันน้ำใจบูชาเทเลแกรมกรรมการ ,การไฟฟ้าฝ่ายผลิต,INV-59754,2025-01-30,ทิมาภรณ์ ทวนทอง,2025-02-09,2025-01-30,2025-02-09
4351557e-d535-4973-8e60-ecda1baa92ef,PRJ8978,BUD509,เครื่องจักร,ค่าเครื่อง,12594.33,โก๋แก่ทานธาตุคู่อัศจรรย์ ,บริษัท GHI จำกัด,INV-89041,2025-05-30,ฉลองชัย ตรีครุธพันธุ์,2025-06-07,2025-05-30,2025-06-07
21f6ad8a-f435-4cbc-8ee2-106ec9b89f6f,PRJ6699,BUD347,เครื่องจักร,ค่าแรง,277648.06,ซอยอายุฝากชาว ,บริษัท XYZ จำกัด,INV-87857,2025-02-27,พลภูมิ ตระกูลบุญ,2025-03-02,2025-02-27,2025-03-02
d6f94038-b0a0-442b-81e2-c2c421b476de,PRJ9250,BUD163,แรงงาน,ค่าแรง,296916.1,ช้าดอกไม้ปากกระถางบูดชุมนุมกำ ,มูลนิธิการกุศล,INV-39133,2025-05-17,จุฑาภรณ์ ถนัดอาวุธ,2025-05-18,2025-05-17,2025-05-18
91b78214-63ad-4303-8c50-319cee4d44a5,PRJ6082,BUD184,วัสดุก่อสร้าง,ค่าวัสดุ,124741.27,อ่อนหวานสุขภาพตรวจ ,การไฟฟ้าฝ่ายผลิต,INV-95713,2025-02-08,เกษมชัย นกทอง,2025-02-10,2025-02-08,2025-02-10
62f2e974-91f1-4575-a2f6-ee1cc7817cf8,PRJ3544,BUD656,เครื่องจักร,ค่าแรง,495849.24,ร่างกายคนตายอัศจรรย์ดองตับ ,มูลนิธิการกุศล,INV-05933,2025-06-17,จันทภา ถะเกิงชศ,2025-06-27,2025-06-17,2025-06-27
daabe556-391d-41f7-a51b-245ab6375411,PRJ8091,BUD999,เครื่องจักร,ค่าเครื่อง,247184.64,ขันน้ำกระถางยูทูบ ,กรมทางหลวง,INV-50325,2025-02-10,จิฬาภรณ์ แน่นดุจป้อม,2025-02-21,2025-02-10,2025-02-21
dcb979da-2e6b-4741-a515-06d6c7b4cc50,PRJ2518,BUD347,แรงงาน,ค่าวัสดุ,359919.5,สุขภาพข้าวขี้ไคลเพลงผลิตสลับ ,สำนักงานเขต,INV-21439,2025-02-13,ปิยวัจน์ ธูปะวิโรจน์,2025-02-13,2025-02-13,2025-02-13
dd2ed874-7a17-4875-af46-2ebbf47f4a45,PRJ8969,BUD331,วัสดุก่อสร้าง,ค่าแรง,218495.94,ทหารตีนอายุไอศกรีมอัศจรรย์เสรีนิยม ,การไฟฟ้าฝ่ายผลิต,INV-51360,2024-09-19,พรชีวิน พรมอ่อน,2024-09-20,2024-09-19,2024-09-20
770a5fa9-a9b9-4fbf-9858-404348693358,PRJ6202,BUD217,เครื่องจักร,ค่าวัสดุ,98413.54,แท็กซี่อิสลามตกลงโควิดเชื่อรังแกดอกไม้ ,สำนักงานเขต,INV-64549,2024-11-21,เทอดศักดิ์ ศิวะวรเวท,2024-11-30,2024-11-21,2024-11-30
6706d308-b0be-4dc3-9986-fb4a381def30,PRJ1634,BUD600,แรงงาน,ค่าแรง,368454.38,เริ่มหมัดยึดประพฤติข้างตับข้าง ,องค์การบริหารส่วนตำบล,INV-16863,2025-02-01,ภูมิปัญญา ศรีอุ่น,2025-02-02,2025-02-01,2025-02-02
ae99ef3b-b797-42a1-936c-6fd5ac210c5e,PRJ5140,BUD931,แรงงาน,ค่าแรง,327772.11,ท้องฟ้าแหย่ทดลองแก้ดอง ,บริษัท GHI จำกัด,INV-25220,2025-05-02,สิทธิชัย ศรีอุ่น,2025-05-17,2025-05-02,2025-05-17
1727ec28-cb3c-4b02-87c0-840fb7a1efcf,PRJ8313,BUD819,แรงงาน,ค่าแรง,67792.24,มลายูดำทุกข์ใหม่เคเอฟซีต้น ,บริษัท XYZ จำกัด,INV-75102,2025-02-10,อาซือมะ เลขะพันธุ์,2025-02-25,2025-02-10,2025-02-25
1f47883a-6a0e-4021-86ec-0f5c101b6d6d,PRJ3538,BUD573,วัสดุก่อสร้าง,ค่าแรง,248002.66,ของหวานกลางที่ดินพนมมือบริโภคกิจกรรม ,หน่วยงานราชการ,INV-38734,2025-01-03,ศุภกรชนา เดชคุ้ม,2025-01-10,2025-01-03,2025-01-10
32fcae53-b9c5-4e69-8d49-215f4a16d418,PRJ2845,BUD192,เครื่องจักร,ค่าเครื่อง,422006.51,โดยยูทูบหมัดห่มผ้าหน้ากาก ,บริษัท GHI จำกัด,INV-54510,2025-01-30,ณาร์รีมาน บุนยาภิสนท์,2025-02-14,2025-01-30,2025-02-14
46c435ce-2843-4ca3-8db2-5314baa332d9,PRJ4808,BUD182,วัสดุก่อสร้าง,ค่าเครื่อง,394144.42,ร่างกายแม้ควรน้ำเย็น ,สำนักงานเขต,INV-97116,2025-07-08,อมัด สงประเสริฐ,2025-07-22,2025-07-08,2025-07-22
1cf44364-c322-4ab9-be6f-90316cce1b1b,PRJ4754,BUD731,วัสดุก่อสร้าง,ค่าแรง,188462.85,ผลเคารพรู้จักเงา ,การไฟฟ้าฝ่ายผลิต,INV-41357,2024-12-01,จำรัส จันอ้น,2024-12-15,2024-12-01,2024-12-15
12952981-ab51-425e-ad18-0c1f56c2e27e,PRJ5133,BUD126,เครื่องจักร,ค่าแรง,81823.73,ทุกข์คมนาคมพ่อถางแกะเริ่ม ,สำนักงานเขต,INV-55810,2025-04-07,ซูไรดา ดาบเพ็ชร์,2025-04-09,2025-04-07,2025-04-09
0650d23d-7d65-4758-a7bd-babf088ed9b0,PRJ6703,BUD532,เครื่องจักร,ค่าวัสดุ,49591.39,เย็บดำเนื้อเลี้ยว ,บริษัท XYZ จำกัด,INV-80743,2024-10-10,สิราพร จันอ้น,2024-10-10,2024-10-10,2024-10-10
7104204a-c0fd-44f0-9b5f-67a3feb30b2d,PRJ3516,BUD142,วัสดุก่อสร้าง,ค่าแรง,276960.26,ไหนวิ่งโกงใบไม้ ,มูลนิธิการกุศล,INV-65775,2025-01-22,ศรินยา ไทยแท้,2025-01-31,2025-01-22,2025-01-31
b1e21d79-dd1c-421c-a142-5d047dd4c01d,PRJ7095,BUD335,แรงงาน,ค่าแรง,389860.88,แก่ค่อยทรัพย์สินถีบอธิษฐานเรื่อยคบ ,บริษัท DEF จำกัด,INV-93943,2024-07-21,ปิยวัจน์ ดาตู,2024-08-01,2024-07-21,2024-08-01
18ed33ac-79b9-404a-a34f-973de0add938,PRJ8688,BUD705,วัสดุก่อสร้าง,ค่าวัสดุ,240081.65,อาหารฟากประพฤติรสชาติ ,หน่วยงานราชการ,INV-71224,2025-01-17,จักรีรัตน์ ร่มธิติรัตน์,2025-01-30,2025-01-17,2025-01-30
a97f8ac0-0dd9-4782-b13a-f62d76739e50,PRJ2250,BUD104,แรงงาน,ค่าแรง,92597.03,ปากพิการผลิต ,บริษัท XYZ จำกัด,INV-83947,2024-09-10,กิติยาธรณ์ นกทอง,2024-09-24,2024-09-10,2024-09-24
cdf649a1-854c-40f7-824f-f887ad4b3e88,PRJ1758,BUD545,เครื่องจักร,ค่าวัสดุ,381351.21,ผลขี่แก้วอิสลามผิดกระจายถึงเช้า ,กรมทางหลวง,INV-84889,2025-06-25,พลภูมิ เณรานุสนธิ์,2025-07-01,2025-06-25,2025-07-01
d801f3f3-75d0-4520-93af-78a178d325e3,PRJ8861,BUD670,วัสดุก่อสร้าง,ค่าเครื่อง,26945.6,ตีนดึกสำหรับ ,บริษัท DEF จำกัด,INV-84002,2025-03-14,อรรจน์ ปรีชากุลเศรษฐ์,2025-03-27,2025-03-14,2025-03-27
0888be23-d5d2-4759-93ad-9369cc0af690,PRJ8699,BUD836,เครื่องจักร,ค่าแรง,244443.14,ใหม่ทหารพ่อตัวเมียมอบท้องฟ้า ,บริษัท DEF จำกัด,INV-34416,2025-06-03,เยาวรัตน์ เขียวอ่อน,2025-06-08,2025-06-03,2025-06-08
30cc2951-866d-4830-bbe6-7d47cd831faf,PRJ6930,BUD790,วัสดุก่อสร้าง,ค่าแรง,287665.36,ชนิดผลลูกตาเป็นธาตุ ,สำนักงานเขต,INV-09977,2024-09-01,เพ็ญยุภา ขันธุลา,2024-09-12,2024-09-01,2024-09-12
d051dd88-f941-474e-9cc6-3716a68cb235,PRJ5923,BUD645,วัสดุก่อสร้าง,ค่าเครื่อง,366476.3,ร่างแมคคอมมิวนิสต์เบียร์สมองทวิตเตอร์ ,บริษัท XYZ จำกัด,INV-65036,2025-01-02,จด ทับทิมไทย,2025-01-15,2025-01-02,2025-01-15
167cc459-750b-4496-86ce-fd2b44657bed,PRJ5731,BUD505,เครื่องจักร,ค่าวัสดุ,366371.56,แข้งเกาหลีชะนีคอกเรื่อย ,กรมทางหลวง,INV-78664,2025-06-21,สุรการณ์ บินดี,2025-06-24,2025-06-21,2025-06-24
11fe8c62-e725-44e2-ba1d-4d996e8447db,PRJ9382,BUD960,แรงงาน,ค่าแรง,68157.4,หน้ากากวังสารวัตรทด ,หน่วยงานราชการ,INV-51448,2025-02-27,พงษ์นเรศ ถนัดหัตถกรรม,2025-02-27,2025-02-27,2025-02-27
