milestone_id,project_id,milestone_name,milestone_type,planned_date,actual_date,status,completion_percentage,budget_allocated,budget_spent,responsible_person,created_date,updated_date
MIL26375,PRJ5506,เริ่มงาน - โครงการโรงงาน แห่งที่ 2,เริ่มงาน,2022-08-31,,Not Started,57,829607,10385864,วิภา ขันที,2022-06-10,2025-07-16 10:24:43
MIL74237,PRJ5506,เสาเข็ม - โครงการโรงงาน แห่งที่ 2,เสาเข็ม,2022-09-14,2022-09-25,Completed,95,2250416,8497471,สมชาย เจริญ,2022-06-10,2025-07-16 10:24:43
MIL50578,PRJ5506,โครงสร้าง - โครงการโรงงาน แห่งที่ 2,โครงสร้าง,2022-09-29,2022-10-18,Not Started,91,644453,10707654,ปรีดา สมบูรณ์,2022-06-10,2025-07-16 10:24:43
MIL45369,PRJ5506,งานหลังคา - โครงการโรงงาน แห่งที่ 2,งานหลังคา,2022-10-13,,Completed,86,4263938,1825799,อรุณ ใจดี,2022-06-10,2025-07-16 10:24:43
MIL39040,PRJ5506,งานระบบ - โครงการโรงงาน แห่งที่ 2,งานระบบ,2022-10-27,,Completed,95,8275995,9905028,นงลักษณ์ มีสุข,2022-06-10,2025-07-16 10:24:43
MIL99814,PRJ5506,งานตกแต่ง - โครงการโรงงาน แห่งที่ 2,งานตกแต่ง,2022-11-11,2022-11-25,Delayed,44,8177079,5479336,สุดา ทรงธรรม,2022-06-10,2025-07-16 10:24:43
MIL55260,PRJ5506,ส่งมอบ - โครงการโรงงาน แห่งที่ 2,ส่งมอบ,2022-11-25,,In Progress,91,8536220,11989179,มานี มีสุข,2022-06-10,2025-07-16 10:24:43
MIL83603,PRJ5506,รับประกัน - โครงการโรงงาน แห่งที่ 2,รับประกัน,2022-12-10,,Not Started,87,8524230,5728253,นิรัชต์ ใสใจ,2022-06-10,2025-07-16 10:24:43
MIL99136,PRJ4257,เริ่มงาน - โครงการระบบสาธารณูปโภค แห่งที่,เริ่มงาน,2022-05-18,2022-06-04,Not Started,66,8624340,1228370,อรพิน ใสใจ,2022-01-19,2025-07-16 10:24:43
MIL71354,PRJ4257,เสาเข็ม - โครงการระบบสาธารณูปโภค แห่งที่,เสาเข็ม,2022-08-09,2022-08-19,Delayed,53,7086034,1408129,อรุณ ขันที,2022-01-19,2025-07-16 10:24:43
MIL83358,PRJ4257,โครงสร้าง - โครงการระบบสาธารณูปโภค แห่งที่,โครงสร้าง,2022-10-31,,Completed,72,4118375,7106124,วิภา รักงาน,2022-01-19,2025-07-16 10:24:43
MIL42883,PRJ4257,งานหลังคา - โครงการระบบสาธารณูปโภค แห่งที่,งานหลังคา,2023-01-22,,Completed,43,9640770,6265888,ธนากร ใจดี,2022-01-19,2025-07-16 10:24:43
MIL64174,PRJ4257,งานระบบ - โครงการระบบสาธารณูปโภค แห่งที่,งานระบบ,2023-04-15,2023-04-09,In Progress,26,9948433,5657301,อรุณ ชาญยุทธ,2022-01-19,2025-07-16 10:24:43
MIL34558,PRJ4257,งานตกแต่ง - โครงการระบบสาธารณูปโภค แห่งที่,งานตกแต่ง,2023-07-07,2023-07-13,Delayed,9,8669127,2542938,อรพิน รักงาน,2022-01-19,2025-07-16 10:24:43
MIL89559,PRJ4257,ส่งมอบ - โครงการระบบสาธารณูปโภค แห่งที่,ส่งมอบ,2023-09-28,,Completed,75,2258544,1417748,ปิยะ ขันที,2022-01-19,2025-07-16 10:24:43
MIL84384,PRJ4257,รับประกัน - โครงการระบบสาธารณูปโภค แห่งที่,รับประกัน,2023-12-20,,Delayed,71,6606753,9776320,ปรีดา ประสิทธิ์,2022-01-19,2025-07-16 10:24:43
MIL49868,PRJ2584,เริ่มงาน - โครงการสะพาน แห่งที่ 3,เริ่มงาน,2022-09-06,,Not Started,94,3425192,1480670,สมศักดิ์ ขันที,2022-05-28,2025-07-16 10:24:43
MIL39421,PRJ2584,เสาเข็ม - โครงการสะพาน แห่งที่ 3,เสาเข็ม,2022-11-05,2022-11-17,In Progress,63,954803,4409908,มานี รักงาน,2022-05-28,2025-07-16 10:24:43
MIL84803,PRJ2584,โครงสร้าง - โครงการสะพาน แห่งที่ 3,โครงสร้าง,2023-01-04,2023-01-05,Delayed,72,1418372,7129251,ชาคริต มีสุข,2022-05-28,2025-07-16 10:24:43
MIL40809,PRJ2584,งานหลังคา - โครงการสะพาน แห่งที่ 3,งานหลังคา,2023-03-05,2023-03-02,In Progress,61,4823918,6850921,สมศักดิ์ มั่งคั่ง,2022-05-28,2025-07-16 10:24:43
MIL24496,PRJ2584,งานระบบ - โครงการสะพาน แห่งที่ 3,งานระบบ,2023-05-04,,Not Started,26,1910583,10215964,นิรัชต์ มั่นใจ,2022-05-28,2025-07-16 10:24:43
MIL75851,PRJ2584,งานตกแต่ง - โครงการสะพาน แห่งที่ 3,งานตกแต่ง,2023-07-03,,In Progress,59,384865,8844036,อรพิน ใสใจ,2022-05-28,2025-07-16 10:24:43
MIL39651,PRJ2584,ส่งมอบ - โครงการสะพาน แห่งที่ 3,ส่งมอบ,2023-09-01,,Completed,53,2615004,2965490,มานี มั่งคั่ง,2022-05-28,2025-07-16 10:24:43
MIL64162,PRJ2584,รับประกัน - โครงการสะพาน แห่งที่ 3,รับประกัน,2023-10-31,2023-11-12,Not Started,60,3557534,10807101,อรพิน ทรงธรรม,2022-05-28,2025-07-16 10:24:43
MIL69608,PRJ4733,เริ่มงาน - โครงการถนน แห่งที่ 1,เริ่มงาน,2022-06-09,,Not Started,79,4954173,2838395,นงลักษณ์ ชื่นชม,2022-03-12,2025-07-16 10:24:43
MIL50552,PRJ4733,เสาเข็ม - โครงการถนน แห่งที่ 1,เสาเข็ม,2022-06-26,2022-06-16,Delayed,1,692818,3692131,สุดา ทรงธรรม,2022-03-12,2025-07-16 10:24:43
MIL36638,PRJ4733,โครงสร้าง - โครงการถนน แห่งที่ 1,โครงสร้าง,2022-07-13,2022-07-16,In Progress,39,8887251,2971160,สุธิดา เด่น,2022-03-12,2025-07-16 10:24:43
MIL59930,PRJ4733,งานหลังคา - โครงการถนน แห่งที่ 1,งานหลังคา,2022-07-30,2022-08-09,In Progress,87,3946483,5780101,อรุณ สุขสม,2022-03-12,2025-07-16 10:24:43
MIL25195,PRJ4733,งานระบบ - โครงการถนน แห่งที่ 1,งานระบบ,2022-08-16,2022-08-06,In Progress,69,155463,11571456,อรุณ มั่นใจ,2022-03-12,2025-07-16 10:24:43
MIL53190,PRJ4733,งานตกแต่ง - โครงการถนน แห่งที่ 1,งานตกแต่ง,2022-09-02,,In Progress,84,1225874,9481848,ธนากร ชาญยุทธ,2022-03-12,2025-07-16 10:24:43
MIL95123,PRJ4733,ส่งมอบ - โครงการถนน แห่งที่ 1,ส่งมอบ,2022-09-19,2022-09-15,Completed,83,2844403,8480829,นิรัชต์ สุกใส,2022-03-12,2025-07-16 10:24:43
MIL73494,PRJ4733,รับประกัน - โครงการถนน แห่งที่ 1,รับประกัน,2022-10-06,2022-10-09,Not Started,54,6558184,6647538,วิภา รักงาน,2022-03-12,2025-07-16 10:24:43
MIL95318,PRJ3803,เริ่มงาน - โครงการโรงงาน แห่งที่ 2,เริ่มงาน,2023-07-21,,Not Started,22,8608032,1285435,วิภา เก่งกาจ,2023-05-15,2025-07-16 10:24:43
MIL64282,PRJ3803,เสาเข็ม - โครงการโรงงาน แห่งที่ 2,เสาเข็ม,2023-08-10,,Delayed,43,270639,3279524,มานี ทรงธรรม,2023-05-15,2025-07-16 10:24:43
MIL90099,PRJ3803,โครงสร้าง - โครงการโรงงาน แห่งที่ 2,โครงสร้าง,2023-08-31,2023-09-01,Delayed,3,3873445,8280363,อรพิน ชาญยุทธ,2023-05-15,2025-07-16 10:24:43
MIL55224,PRJ3803,งานหลังคา - โครงการโรงงาน แห่งที่ 2,งานหลังคา,2023-09-20,2023-09-16,In Progress,19,4309965,5803744,ปิยะ สุกใส,2023-05-15,2025-07-16 10:24:43
MIL53256,PRJ3803,งานระบบ - โครงการโรงงาน แห่งที่ 2,งานระบบ,2023-10-10,,Not Started,12,9865135,10642453,ธนากร เจริญ,2023-05-15,2025-07-16 10:24:43
MIL42705,PRJ3803,งานตกแต่ง - โครงการโรงงาน แห่งที่ 2,งานตกแต่ง,2023-10-31,2023-11-13,Not Started,64,7729855,9368886,สมหญิง สุกใส,2023-05-15,2025-07-16 10:24:43
MIL18789,PRJ3803,ส่งมอบ - โครงการโรงงาน แห่งที่ 2,ส่งมอบ,2023-11-20,2023-12-05,Delayed,19,4865379,10495248,พรรณี ประสิทธิ์,2023-05-15,2025-07-16 10:24:43
MIL89119,PRJ3803,รับประกัน - โครงการโรงงาน แห่งที่ 2,รับประกัน,2023-12-11,2024-01-02,Delayed,20,8578059,4042287,วิไล ชื่นชม,2023-05-15,2025-07-16 10:24:43
MIL32183,PRJ6155,เริ่มงาน - โครงการโรงงาน ปรับปรุง,เริ่มงาน,2022-06-23,2022-06-17,Delayed,15,4739522,9899925,สุธิดา สุกใส,2022-03-22,2025-07-16 10:24:43
MIL75097,PRJ6155,เสาเข็ม - โครงการโรงงาน ปรับปรุง,เสาเข็ม,2022-07-31,,Delayed,73,1597427,4178736,กิตติ สุขสม,2022-03-22,2025-07-16 10:24:43
MIL63504,PRJ6155,โครงสร้าง - โครงการโรงงาน ปรับปรุง,โครงสร้าง,2022-09-07,,Not Started,52,5911274,2359653,วิไล เก่งกาจ,2022-03-22,2025-07-16 10:24:43
MIL27547,PRJ6155,งานหลังคา - โครงการโรงงาน ปรับปรุง,งานหลังคา,2022-10-16,,Completed,72,5599395,11065062,ชาคริต มั่นใจ,2022-03-22,2025-07-16 10:24:43
MIL97347,PRJ6155,งานระบบ - โครงการโรงงาน ปรับปรุง,งานระบบ,2022-11-23,2022-11-21,Delayed,71,4521473,9787516,พรรณี ชาญยุทธ,2022-03-22,2025-07-16 10:24:43
MIL97936,PRJ6155,งานตกแต่ง - โครงการโรงงาน ปรับปรุง,งานตกแต่ง,2022-12-31,,Delayed,58,8157391,6916565,กิตติ สุขสม,2022-03-22,2025-07-16 10:24:43
MIL41157,PRJ6155,ส่งมอบ - โครงการโรงงาน ปรับปรุง,ส่งมอบ,2023-02-07,,Delayed,80,5803186,326082,สมหญิง มั่นใจ,2022-03-22,2025-07-16 10:24:43
MIL21849,PRJ6155,รับประกัน - โครงการโรงงาน ปรับปรุง,รับประกัน,2023-03-18,,Delayed,92,6815568,7492372,วิไล ชาญยุทธ,2022-03-22,2025-07-16 10:24:43
MIL28565,PRJ3266,เริ่มงาน - โครงการศูนย์การค้า แห่งที่ 1,เริ่มงาน,2024-02-20,2024-03-17,Delayed,96,3258636,6486129,สมชาย ใจดี,2023-11-10,2025-07-16 10:24:43
MIL85913,PRJ3266,เสาเข็ม - โครงการศูนย์การค้า แห่งที่ 1,เสาเข็ม,2024-03-30,,Completed,19,7812060,564908,อรุณ รักงาน,2023-11-10,2025-07-16 10:24:43
MIL23903,PRJ3266,โครงสร้าง - โครงการศูนย์การค้า แห่งที่ 1,โครงสร้าง,2024-05-08,,In Progress,52,676090,11885876,วิไล ทรงธรรม,2023-11-10,2025-07-16 10:24:43
MIL80111,PRJ3266,งานหลังคา - โครงการศูนย์การค้า แห่งที่ 1,งานหลังคา,2024-06-17,2024-07-05,In Progress,0,2446371,537676,วิภา ชาญยุทธ,2023-11-10,2025-07-16 10:24:43
MIL82165,PRJ3266,งานระบบ - โครงการศูนย์การค้า แห่งที่ 1,งานระบบ,2024-07-26,2024-07-20,In Progress,1,9794550,10415055,อรุณ รักงาน,2023-11-10,2025-07-16 10:24:43
MIL72486,PRJ3266,งานตกแต่ง - โครงการศูนย์การค้า แห่งที่ 1,งานตกแต่ง,2024-09-03,,In Progress,56,2849647,342797,มานี สุกใส,2023-11-10,2025-07-16 10:24:43
MIL39300,PRJ3266,ส่งมอบ - โครงการศูนย์การค้า แห่งที่ 1,ส่งมอบ,2024-10-12,,Delayed,64,3854552,6347080,อรพิน ขันที,2023-11-10,2025-07-16 10:24:43
MIL73309,PRJ3266,รับประกัน - โครงการศูนย์การค้า แห่งที่ 1,รับประกัน,2024-11-21,2024-12-10,Completed,74,142116,5880197,กิตติ แสงทอง,2023-11-10,2025-07-16 10:24:43
MIL74275,PRJ1188,เริ่มงาน - โครงการคอนโดมิเนียม ปรับปรุง,เริ่มงาน,2023-08-20,,In Progress,75,6945748,8256047,ปรีดา เจริญ,2023-03-29,2025-07-16 10:24:43
MIL51634,PRJ1188,เสาเข็ม - โครงการคอนโดมิเนียม ปรับปรุง,เสาเข็ม,2023-11-10,,Not Started,57,3476025,10133721,วิภา สุขสม,2023-03-29,2025-07-16 10:24:43
MIL61441,PRJ1188,โครงสร้าง - โครงการคอนโดมิเนียม ปรับปรุง,โครงสร้าง,2024-01-31,,Completed,75,5833098,4589009,อรุณ ประสิทธิ์,2023-03-29,2025-07-16 10:24:43
MIL95695,PRJ1188,งานหลังคา - โครงการคอนโดมิเนียม ปรับปรุง,งานหลังคา,2024-04-22,,In Progress,91,940173,5985558,วิไล ชื่นชม,2023-03-29,2025-07-16 10:24:43
MIL66197,PRJ1188,งานระบบ - โครงการคอนโดมิเนียม ปรับปรุง,งานระบบ,2024-07-13,2024-07-06,In Progress,42,3662561,1635775,ปิยะ มั่นใจ,2023-03-29,2025-07-16 10:24:43
MIL33081,PRJ1188,งานตกแต่ง - โครงการคอนโดมิเนียม ปรับปรุง,งานตกแต่ง,2024-10-03,,Not Started,16,5405569,4615449,ปรีดา ชื่นชม,2023-03-29,2025-07-16 10:24:43
MIL16383,PRJ1188,ส่งมอบ - โครงการคอนโดมิเนียม ปรับปรุง,ส่งมอบ,2024-12-24,2025-01-19,Delayed,66,968201,5181396,สมชาย สุขสม,2023-03-29,2025-07-16 10:24:43
MIL48519,PRJ1188,รับประกัน - โครงการคอนโดมิเนียม ปรับปรุง,รับประกัน,2025-03-16,,Completed,40,7932372,268038,สมหญิง มั่งคั่ง,2023-03-29,2025-07-16 10:24:43
MIL19219,PRJ9317,เริ่มงาน - โครงการโรงงาน แห่งที่ 2,เริ่มงาน,2022-09-24,2022-09-16,Not Started,26,8808257,8547121,ธนากร ขยัน,2022-06-22,2025-07-16 10:24:43
MIL61444,PRJ9317,เสาเข็ม - โครงการโรงงาน แห่งที่ 2,เสาเข็ม,2022-11-12,,In Progress,80,5284666,8373962,พรรณี สมบูรณ์,2022-06-22,2025-07-16 10:24:43
MIL62675,PRJ9317,โครงสร้าง - โครงการโรงงาน แห่งที่ 2,โครงสร้าง,2023-01-01,2023-01-27,Completed,70,4735450,1805475,มานี ใจดี,2022-06-22,2025-07-16 10:24:43
MIL85284,PRJ9317,งานหลังคา - โครงการโรงงาน แห่งที่ 2,งานหลังคา,2023-02-19,,Not Started,63,1235541,8835821,วิภา มีสุข,2022-06-22,2025-07-16 10:24:43
MIL24314,PRJ9317,งานระบบ - โครงการโรงงาน แห่งที่ 2,งานระบบ,2023-04-09,2023-03-30,Delayed,37,2211457,11127919,ชูใจ ขยัน,2022-06-22,2025-07-16 10:24:43
MIL95818,PRJ9317,งานตกแต่ง - โครงการโรงงาน แห่งที่ 2,งานตกแต่ง,2023-05-29,2023-06-10,Completed,13,1552681,9829851,สมหญิง ชาญยุทธ,2022-06-22,2025-07-16 10:24:43
MIL56317,PRJ9317,ส่งมอบ - โครงการโรงงาน แห่งที่ 2,ส่งมอบ,2023-07-17,,Completed,73,5029261,2835892,สมศักดิ์ เด่น,2022-06-22,2025-07-16 10:24:43
MIL18264,PRJ9317,รับประกัน - โครงการโรงงาน แห่งที่ 2,รับประกัน,2023-09-05,2023-09-15,Not Started,79,9992303,659875,วิภา มีสุข,2022-06-22,2025-07-16 10:24:43
MIL42362,PRJ2290,เริ่มงาน - โครงการคอนโดมิเนียม ปรับปรุง,เริ่มงาน,2022-06-10,,Not Started,59,6629506,7267658,สมหญิง รักงาน,2022-03-03,2025-07-16 10:24:43
MIL31668,PRJ2290,เสาเข็ม - โครงการคอนโดมิเนียม ปรับปรุง,เสาเข็ม,2022-07-22,,Completed,25,5296614,330097,มานี มั่นใจ,2022-03-03,2025-07-16 10:24:43
MIL90202,PRJ2290,โครงสร้าง - โครงการคอนโดมิเนียม ปรับปรุง,โครงสร้าง,2022-09-02,,In Progress,68,7836569,4861204,พรรณี ชาญยุทธ,2022-03-03,2025-07-16 10:24:43
MIL12798,PRJ2290,งานหลังคา - โครงการคอนโดมิเนียม ปรับปรุง,งานหลังคา,2022-10-14,2022-11-05,In Progress,52,4106705,2752473,สมศักดิ์ ชาญยุทธ,2022-03-03,2025-07-16 10:24:43
MIL93052,PRJ2290,งานระบบ - โครงการคอนโดมิเนียม ปรับปรุง,งานระบบ,2022-11-25,,Completed,23,6556351,6456870,วิภา ชื่นชม,2022-03-03,2025-07-16 10:24:43
MIL31868,PRJ2290,งานตกแต่ง - โครงการคอนโดมิเนียม ปรับปรุง,งานตกแต่ง,2023-01-06,2023-01-26,Completed,44,5282772,9432497,นิรัชต์ ประสิทธิ์,2022-03-03,2025-07-16 10:24:43
MIL52690,PRJ2290,ส่งมอบ - โครงการคอนโดมิเนียม ปรับปรุง,ส่งมอบ,2023-02-17,2023-02-21,In Progress,13,1403237,7933680,วิไล ขันที,2022-03-03,2025-07-16 10:24:43
MIL17402,PRJ2290,รับประกัน - โครงการคอนโดมิเนียม ปรับปรุง,รับประกัน,2023-03-31,,Not Started,57,6911410,7638663,ปรีดา สุขสม,2022-03-03,2025-07-16 10:24:43
MIL87714,PRJ4295,เริ่มงาน - โครงการถนน ใหม่,เริ่มงาน,2023-05-29,2023-06-23,In Progress,97,659846,3869649,สมหญิง มีสุข,2023-01-25,2025-07-16 10:24:43
MIL79555,PRJ4295,เสาเข็ม - โครงการถนน ใหม่,เสาเข็ม,2023-08-17,,Delayed,56,4626762,611977,อรพิน ชื่นชม,2023-01-25,2025-07-16 10:24:43
MIL91821,PRJ4295,โครงสร้าง - โครงการถนน ใหม่,โครงสร้าง,2023-11-05,2023-11-10,Completed,26,7106932,267425,กิตติ สุกใส,2023-01-25,2025-07-16 10:24:43
MIL74068,PRJ4295,งานหลังคา - โครงการถนน ใหม่,งานหลังคา,2024-01-25,,Completed,76,2947893,4517578,นงลักษณ์ ทรงธรรม,2023-01-25,2025-07-16 10:24:43
MIL96820,PRJ4295,งานระบบ - โครงการถนน ใหม่,งานระบบ,2024-04-14,2024-04-28,Delayed,43,7907021,1126163,มานี รักงาน,2023-01-25,2025-07-16 10:24:43
MIL46936,PRJ4295,งานตกแต่ง - โครงการถนน ใหม่,งานตกแต่ง,2024-07-03,,Not Started,33,6198322,1639552,พรรณี แสงทอง,2023-01-25,2025-07-16 10:24:43
MIL39999,PRJ4295,ส่งมอบ - โครงการถนน ใหม่,ส่งมอบ,2024-09-21,,Delayed,97,3081279,6013362,สุธิดา เด่น,2023-01-25,2025-07-16 10:24:43
MIL48950,PRJ4295,รับประกัน - โครงการถนน ใหม่,รับประกัน,2024-12-11,2024-12-21,In Progress,92,7134031,11033961,นงลักษณ์ มั่นใจ,2023-01-25,2025-07-16 10:24:43
MIL16361,PRJ2163,เริ่มงาน - โครงการอาคารสำนักงาน แห่งที่ 2,เริ่มงาน,2023-04-09,2023-05-02,Delayed,13,1828484,1932691,ธนากร ขันที,2023-01-11,2025-07-16 10:24:43
MIL72432,PRJ2163,เสาเข็ม - โครงการอาคารสำนักงาน แห่งที่ 2,เสาเข็ม,2023-04-21,2023-04-25,Delayed,9,5464799,7766630,อรุณ เด่น,2023-01-11,2025-07-16 10:24:43
MIL65110,PRJ2163,โครงสร้าง - โครงการอาคารสำนักงาน แห่งที่ 2,โครงสร้าง,2023-05-03,,Completed,83,6278534,1061407,อรุณ ประสิทธิ์,2023-01-11,2025-07-16 10:24:43
MIL11211,PRJ2163,งานหลังคา - โครงการอาคารสำนักงาน แห่งที่ 2,งานหลังคา,2023-05-15,2023-06-06,In Progress,8,9879315,3797013,ชาคริต ขันที,2023-01-11,2025-07-16 10:24:43
MIL52416,PRJ2163,งานระบบ - โครงการอาคารสำนักงาน แห่งที่ 2,งานระบบ,2023-05-27,2023-05-28,Not Started,40,8642043,7236119,สมหญิง สมบูรณ์,2023-01-11,2025-07-16 10:24:43
MIL91999,PRJ2163,งานตกแต่ง - โครงการอาคารสำนักงาน แห่งที่ 2,งานตกแต่ง,2023-06-08,,Delayed,48,3501589,11595251,วิภา ชาญยุทธ,2023-01-11,2025-07-16 10:24:43
MIL80841,PRJ2163,ส่งมอบ - โครงการอาคารสำนักงาน แห่งที่ 2,ส่งมอบ,2023-06-20,2023-06-25,Delayed,79,6132508,2372079,ชาคริต แสงทอง,2023-01-11,2025-07-16 10:24:43
MIL69253,PRJ2163,รับประกัน - โครงการอาคารสำนักงาน แห่งที่ 2,รับประกัน,2023-07-03,2023-07-14,Completed,40,5758004,7943828,วิไล มีสุข,2023-01-11,2025-07-16 10:24:43
MIL62747,PRJ8749,เริ่มงาน - โครงการระบบสาธารณูปโภค แห่งที่,เริ่มงาน,2024-10-07,2024-10-31,Completed,81,3497885,2838171,ชาคริต มีสุข,2024-07-06,2025-07-16 10:24:43
MIL70815,PRJ8749,เสาเข็ม - โครงการระบบสาธารณูปโภค แห่งที่,เสาเข็ม,2024-11-18,2024-12-02,Completed,85,8913654,11319569,กิตติ เก่งกาจ,2024-07-06,2025-07-16 10:24:43
MIL77010,PRJ8749,โครงสร้าง - โครงการระบบสาธารณูปโภค แห่งที่,โครงสร้าง,2024-12-30,,Not Started,94,4310028,8126577,อรุณ เก่งกาจ,2024-07-06,2025-07-16 10:24:43
MIL38259,PRJ8749,งานหลังคา - โครงการระบบสาธารณูปโภค แห่งที่,งานหลังคา,2025-02-11,,Completed,26,9436675,5830464,ชาคริต ทรงธรรม,2024-07-06,2025-07-16 10:24:43
MIL83435,PRJ8749,งานระบบ - โครงการระบบสาธารณูปโภค แห่งที่,งานระบบ,2025-03-25,,In Progress,52,8935040,1660323,สมศักดิ์ ชาญยุทธ,2024-07-06,2025-07-16 10:24:43
MIL26102,PRJ8749,งานตกแต่ง - โครงการระบบสาธารณูปโภค แห่งที่,งานตกแต่ง,2025-05-06,2025-05-07,Delayed,11,3047772,11822535,วิภา มีสุข,2024-07-06,2025-07-16 10:24:43
MIL76902,PRJ8749,ส่งมอบ - โครงการระบบสาธารณูปโภค แห่งที่,ส่งมอบ,2025-06-17,2025-07-02,In Progress,44,4137486,11545800,สมศักดิ์ ขยัน,2024-07-06,2025-07-16 10:24:43
MIL22424,PRJ8749,รับประกัน - โครงการระบบสาธารณูปโภค แห่งที่,รับประกัน,2025-07-30,,Delayed,43,6274971,4717501,นิรัชต์ ประสิทธิ์,2024-07-06,2025-07-16 10:24:43
MIL90336,PRJ4139,เริ่มงาน - โครงการโรงงาน ขยาย,เริ่มงาน,2022-09-24,2022-10-04,In Progress,10,4483532,110401,สมหญิง สมบูรณ์,2022-07-10,2025-07-16 10:24:43
MIL55502,PRJ4139,เสาเข็ม - โครงการโรงงาน ขยาย,เสาเข็ม,2022-11-06,,In Progress,3,3506199,2709413,วิไล มีสุข,2022-07-10,2025-07-16 10:24:43
MIL66504,PRJ4139,โครงสร้าง - โครงการโรงงาน ขยาย,โครงสร้าง,2022-12-19,,In Progress,41,5179546,10323917,สมชาย เด่น,2022-07-10,2025-07-16 10:24:43
MIL68559,PRJ4139,งานหลังคา - โครงการโรงงาน ขยาย,งานหลังคา,2023-01-31,,Delayed,56,1782112,7207702,วิไล มั่นใจ,2022-07-10,2025-07-16 10:24:43
MIL67237,PRJ4139,งานระบบ - โครงการโรงงาน ขยาย,งานระบบ,2023-03-15,2023-03-10,In Progress,18,6251970,1051307,วิไล ขันที,2022-07-10,2025-07-16 10:24:43
MIL32625,PRJ4139,งานตกแต่ง - โครงการโรงงาน ขยาย,งานตกแต่ง,2023-04-27,,Delayed,49,5001835,10537552,มานี เด่น,2022-07-10,2025-07-16 10:24:43
MIL67442,PRJ4139,ส่งมอบ - โครงการโรงงาน ขยาย,ส่งมอบ,2023-06-09,,Completed,87,8888770,9080599,สุดา ชาญยุทธ,2022-07-10,2025-07-16 10:24:43
MIL12658,PRJ4139,รับประกัน - โครงการโรงงาน ขยาย,รับประกัน,2023-07-22,2023-08-04,Not Started,22,8835313,10082522,พรรณี รักงาน,2022-07-10,2025-07-16 10:24:43
MIL71188,PRJ4872,เริ่มงาน - โครงการบ้านเดี่ยว ใหม่,เริ่มงาน,2022-02-23,2022-03-10,In Progress,9,6754275,3444993,วิภา มั่งคั่ง,2021-12-14,2025-07-16 10:24:43
MIL82628,PRJ4872,เสาเข็ม - โครงการบ้านเดี่ยว ใหม่,เสาเข็ม,2022-03-18,,Not Started,5,1830197,7920015,สุดา รักงาน,2021-12-14,2025-07-16 10:24:43
MIL29955,PRJ4872,โครงสร้าง - โครงการบ้านเดี่ยว ใหม่,โครงสร้าง,2022-04-10,2022-04-15,In Progress,89,6898558,5277720,นงลักษณ์ เจริญ,2021-12-14,2025-07-16 10:24:43
MIL77576,PRJ4872,งานหลังคา - โครงการบ้านเดี่ยว ใหม่,งานหลังคา,2022-05-03,,Not Started,36,9679172,1404527,นิรัชต์ ขันที,2021-12-14,2025-07-16 10:24:43
MIL41397,PRJ4872,งานระบบ - โครงการบ้านเดี่ยว ใหม่,งานระบบ,2022-05-26,,In Progress,87,679978,3887587,วิชาญ เจริญ,2021-12-14,2025-07-16 10:24:43
MIL22834,PRJ4872,งานตกแต่ง - โครงการบ้านเดี่ยว ใหม่,งานตกแต่ง,2022-06-18,,Not Started,30,6397251,7289919,สุดา มีสุข,2021-12-14,2025-07-16 10:24:43
MIL78702,PRJ4872,ส่งมอบ - โครงการบ้านเดี่ยว ใหม่,ส่งมอบ,2022-07-11,,Delayed,40,5234282,1264176,พรรณี มั่งคั่ง,2021-12-14,2025-07-16 10:24:43
MIL79916,PRJ4872,รับประกัน - โครงการบ้านเดี่ยว ใหม่,รับประกัน,2022-08-04,,Not Started,78,6447868,2604558,สุดา มั่นใจ,2021-12-14,2025-07-16 10:24:43
MIL56136,PRJ8973,เริ่มงาน - โครงการบ้านเดี่ยว แห่งที่ 2,เริ่มงาน,2024-08-06,2024-08-02,Completed,65,5337825,8892409,อรุณ สุขสม,2024-03-15,2025-07-16 10:24:43
MIL14769,PRJ8973,เสาเข็ม - โครงการบ้านเดี่ยว แห่งที่ 2,เสาเข็ม,2024-10-27,,Not Started,95,834162,11120015,สมหญิง เก่งกาจ,2024-03-15,2025-07-16 10:24:43
MIL61048,PRJ8973,โครงสร้าง - โครงการบ้านเดี่ยว แห่งที่ 2,โครงสร้าง,2025-01-18,2025-01-26,Not Started,75,395068,10739473,วิชาญ สุกใส,2024-03-15,2025-07-16 10:24:43
MIL44320,PRJ8973,งานหลังคา - โครงการบ้านเดี่ยว แห่งที่ 2,งานหลังคา,2025-04-10,,In Progress,65,1877584,6420893,ปิยะ เด่น,2024-03-15,2025-07-16 10:24:43
MIL46366,PRJ8973,งานระบบ - โครงการบ้านเดี่ยว แห่งที่ 2,งานระบบ,2025-07-01,2025-06-22,Not Started,49,8347788,9205140,ชูใจ เด่น,2024-03-15,2025-07-16 10:24:43
MIL51870,PRJ8973,งานตกแต่ง - โครงการบ้านเดี่ยว แห่งที่ 2,งานตกแต่ง,2025-09-22,,In Progress,18,1377635,7273824,อรพิน เจริญ,2024-03-15,2025-07-16 10:24:43
MIL33291,PRJ8973,ส่งมอบ - โครงการบ้านเดี่ยว แห่งที่ 2,ส่งมอบ,2025-12-13,,In Progress,27,8905217,9650518,มานี ใสใจ,2024-03-15,2025-07-16 10:24:43
MIL44875,PRJ8973,รับประกัน - โครงการบ้านเดี่ยว แห่งที่ 2,รับประกัน,2026-03-06,,Completed,58,1379507,1185338,สมชาย สุกใส,2024-03-15,2025-07-16 10:24:43
MIL32483,PRJ1931,เริ่มงาน - โครงการคอนโดมิเนียม แห่งที่ 2,เริ่มงาน,2025-01-23,,Completed,21,4191675,11143485,สมชาย ใสใจ,2024-10-17,2025-07-16 10:24:43
MIL93714,PRJ1931,เสาเข็ม - โครงการคอนโดมิเนียม แห่งที่ 2,เสาเข็ม,2025-02-23,2025-03-12,Not Started,56,1681855,4287614,ชูใจ แสงทอง,2024-10-17,2025-07-16 10:24:43
MIL40668,PRJ1931,โครงสร้าง - โครงการคอนโดมิเนียม แห่งที่ 2,โครงสร้าง,2025-03-27,2025-03-29,Completed,63,1451890,4323567,สุธิดา มั่นใจ,2024-10-17,2025-07-16 10:24:43
MIL51522,PRJ1931,งานหลังคา - โครงการคอนโดมิเนียม แห่งที่ 2,งานหลังคา,2025-04-27,,Delayed,94,1207090,2913947,สมศักดิ์ ประสิทธิ์,2024-10-17,2025-07-16 10:24:43
MIL31736,PRJ1931,งานระบบ - โครงการคอนโดมิเนียม แห่งที่ 2,งานระบบ,2025-05-28,,In Progress,20,197082,3068266,วิไล ประสิทธิ์,2024-10-17,2025-07-16 10:24:43
MIL19466,PRJ1931,งานตกแต่ง - โครงการคอนโดมิเนียม แห่งที่ 2,งานตกแต่ง,2025-06-29,,In Progress,6,8639788,9890002,อรพิน มีสุข,2024-10-17,2025-07-16 10:24:43
MIL24504,PRJ1931,ส่งมอบ - โครงการคอนโดมิเนียม แห่งที่ 2,ส่งมอบ,2025-07-30,,Not Started,70,160153,2066591,สุดา ขันที,2024-10-17,2025-07-16 10:24:43
MIL89597,PRJ1931,รับประกัน - โครงการคอนโดมิเนียม แห่งที่ 2,รับประกัน,2025-08-31,,In Progress,42,863145,5546379,สมหญิง ทรงธรรม,2024-10-17,2025-07-16 10:24:43
MIL39880,PRJ5272,เริ่มงาน - โครงการโรงงาน ปรับปรุง,เริ่มงาน,2025-01-26,2025-02-02,Completed,29,5055089,4053207,สมหญิง สมบูรณ์,2024-09-28,2025-07-16 10:24:43
MIL32120,PRJ5272,เสาเข็ม - โครงการโรงงาน ปรับปรุง,เสาเข็ม,2025-03-19,,Completed,94,2925056,8209497,ชาคริต ไว้ใจ,2024-09-28,2025-07-16 10:24:43
MIL62092,PRJ5272,โครงสร้าง - โครงการโรงงาน ปรับปรุง,โครงสร้าง,2025-05-09,2025-05-14,In Progress,64,4826384,5010818,สมหญิง สมบูรณ์,2024-09-28,2025-07-16 10:24:43
MIL73154,PRJ5272,งานหลังคา - โครงการโรงงาน ปรับปรุง,งานหลังคา,2025-06-30,,Delayed,32,3631380,10051304,สมศักดิ์ มั่นใจ,2024-09-28,2025-07-16 10:24:43
MIL44867,PRJ5272,งานระบบ - โครงการโรงงาน ปรับปรุง,งานระบบ,2025-08-21,2025-09-15,Delayed,94,8900406,371412,มานี สมบูรณ์,2024-09-28,2025-07-16 10:24:43
MIL13447,PRJ5272,งานตกแต่ง - โครงการโรงงาน ปรับปรุง,งานตกแต่ง,2025-10-11,,Delayed,12,4923151,9388619,อรุณ สมบูรณ์,2024-09-28,2025-07-16 10:24:43
MIL26782,PRJ5272,ส่งมอบ - โครงการโรงงาน ปรับปรุง,ส่งมอบ,2025-12-02,2025-12-24,Delayed,2,5681778,1010095,ชาคริต ชื่นชม,2024-09-28,2025-07-16 10:24:43
MIL74956,PRJ5272,รับประกัน - โครงการโรงงาน ปรับปรุง,รับประกัน,2026-01-23,2026-02-03,Completed,40,2078343,9396482,ปิยะ ชาญยุทธ,2024-09-28,2025-07-16 10:24:43
MIL71161,PRJ9808,เริ่มงาน - โครงการโรงงาน ขยาย,เริ่มงาน,2022-08-13,,In Progress,13,1095792,10356059,สมหญิง ทรงธรรม,2022-06-05,2025-07-16 10:24:43
MIL43178,PRJ9808,เสาเข็ม - โครงการโรงงาน ขยาย,เสาเข็ม,2022-09-03,,Delayed,60,9703074,11640916,วิภา มั่นใจ,2022-06-05,2025-07-16 10:24:43
MIL24053,PRJ9808,โครงสร้าง - โครงการโรงงาน ขยาย,โครงสร้าง,2022-09-23,2022-10-13,Completed,62,4318201,215855,สมชาย ชาญยุทธ,2022-06-05,2025-07-16 10:24:43
MIL43580,PRJ9808,งานหลังคา - โครงการโรงงาน ขยาย,งานหลังคา,2022-10-14,,Not Started,67,8557812,11589467,ชาคริต ชื่นชม,2022-06-05,2025-07-16 10:24:43
MIL61921,PRJ9808,งานระบบ - โครงการโรงงาน ขยาย,งานระบบ,2022-11-04,,Not Started,96,3591462,8083985,พรรณี ขยัน,2022-06-05,2025-07-16 10:24:43
MIL88495,PRJ9808,งานตกแต่ง - โครงการโรงงาน ขยาย,งานตกแต่ง,2022-11-24,,Not Started,48,182410,7473638,ปิยะ สมบูรณ์,2022-06-05,2025-07-16 10:24:43
MIL61610,PRJ9808,ส่งมอบ - โครงการโรงงาน ขยาย,ส่งมอบ,2022-12-15,,Completed,98,5002041,7934678,ชาคริต ใจดี,2022-06-05,2025-07-16 10:24:43
MIL29396,PRJ9808,รับประกัน - โครงการโรงงาน ขยาย,รับประกัน,2023-01-05,2023-01-30,Completed,69,126375,3287341,อรุณ ชื่นชม,2022-06-05,2025-07-16 10:24:43
MIL87884,PRJ5905,เริ่มงาน - โครงการคอนโดมิเนียม แห่งที่ 2,เริ่มงาน,2024-12-31,2025-01-22,In Progress,45,2327322,9000282,สมศักดิ์ เด่น,2024-09-26,2025-07-16 10:24:43
MIL10622,PRJ5905,เสาเข็ม - โครงการคอนโดมิเนียม แห่งที่ 2,เสาเข็ม,2025-01-12,,In Progress,74,4245090,6173946,วิชาญ รักงาน,2024-09-26,2025-07-16 10:24:43
MIL12387,PRJ5905,โครงสร้าง - โครงการคอนโดมิเนียม แห่งที่ 2,โครงสร้าง,2025-01-24,2025-02-08,Delayed,61,7501384,6315745,ปิยะ ขันที,2024-09-26,2025-07-16 10:24:43
MIL64884,PRJ5905,งานหลังคา - โครงการคอนโดมิเนียม แห่งที่ 2,งานหลังคา,2025-02-06,,Completed,27,1755024,7219805,มานี รักงาน,2024-09-26,2025-07-16 10:24:43
MIL71588,PRJ5905,งานระบบ - โครงการคอนโดมิเนียม แห่งที่ 2,งานระบบ,2025-02-18,2025-03-09,Delayed,19,4489336,10913672,ชูใจ สุขสม,2024-09-26,2025-07-16 10:24:43
MIL42570,PRJ5905,งานตกแต่ง - โครงการคอนโดมิเนียม แห่งที่ 2,งานตกแต่ง,2025-03-02,,In Progress,62,6567175,4540118,สุดา ไว้ใจ,2024-09-26,2025-07-16 10:24:43
MIL77520,PRJ5905,ส่งมอบ - โครงการคอนโดมิเนียม แห่งที่ 2,ส่งมอบ,2025-03-14,2025-04-12,In Progress,1,3609673,10520970,อรพิน สมบูรณ์,2024-09-26,2025-07-16 10:24:43
MIL88566,PRJ5905,รับประกัน - โครงการคอนโดมิเนียม แห่งที่ 2,รับประกัน,2025-03-27,,In Progress,94,6762761,750728,วิไล ประสิทธิ์,2024-09-26,2025-07-16 10:24:43
MIL55314,PRJ9004,เริ่มงาน - โครงการถนน แห่งที่ 1,เริ่มงาน,2023-09-08,2023-09-09,Not Started,30,4970086,11874851,สมชาย สุขสม,2023-04-11,2025-07-16 10:24:43
MIL21021,PRJ9004,เสาเข็ม - โครงการถนน แห่งที่ 1,เสาเข็ม,2023-11-23,,Not Started,92,5210010,7688619,ธนากร ขยัน,2023-04-11,2025-07-16 10:24:43
MIL74152,PRJ9004,โครงสร้าง - โครงการถนน แห่งที่ 1,โครงสร้าง,2024-02-07,2024-02-25,Not Started,4,4721442,9922782,นงลักษณ์ เจริญ,2023-04-11,2025-07-16 10:24:43
MIL85487,PRJ9004,งานหลังคา - โครงการถนน แห่งที่ 1,งานหลังคา,2024-04-23,,Not Started,68,1238370,10169255,พรรณี ใสใจ,2023-04-11,2025-07-16 10:24:43
MIL61034,PRJ9004,งานระบบ - โครงการถนน แห่งที่ 1,งานระบบ,2024-07-08,,Not Started,57,4009332,10277372,กิตติ ใจดี,2023-04-11,2025-07-16 10:24:43
MIL14105,PRJ9004,งานตกแต่ง - โครงการถนน แห่งที่ 1,งานตกแต่ง,2024-09-22,2024-09-28,Completed,43,7987673,3499294,กิตติ ประสิทธิ์,2023-04-11,2025-07-16 10:24:43
MIL86094,PRJ9004,ส่งมอบ - โครงการถนน แห่งที่ 1,ส่งมอบ,2024-12-07,2024-11-30,Completed,37,1937195,11890716,ปรีดา แสงทอง,2023-04-11,2025-07-16 10:24:43
MIL66271,PRJ9004,รับประกัน - โครงการถนน แห่งที่ 1,รับประกัน,2025-02-21,,In Progress,4,8049056,2760310,วิชาญ ชื่นชม,2023-04-11,2025-07-16 10:24:43
MIL96538,PRJ1158,เริ่มงาน - โครงการคอนโดมิเนียม แห่งที่ 1,เริ่มงาน,2024-08-16,,Not Started,8,7219299,9716585,สมศักดิ์ ใจดี,2024-02-28,2025-07-16 10:24:43
MIL60751,PRJ1158,เสาเข็ม - โครงการคอนโดมิเนียม แห่งที่ 1,เสาเข็ม,2024-11-07,,Not Started,23,3985590,6931680,วิภา เด่น,2024-02-28,2025-07-16 10:24:43
MIL19193,PRJ1158,โครงสร้าง - โครงการคอนโดมิเนียม แห่งที่ 1,โครงสร้าง,2025-01-29,2025-01-21,Delayed,68,5666909,7426165,ชูใจ ขันที,2024-02-28,2025-07-16 10:24:43
MIL68884,PRJ1158,งานหลังคา - โครงการคอนโดมิเนียม แห่งที่ 1,งานหลังคา,2025-04-22,2025-04-21,Not Started,41,8103755,11697397,สุดา ประสิทธิ์,2024-02-28,2025-07-16 10:24:43
MIL18739,PRJ1158,งานระบบ - โครงการคอนโดมิเนียม แห่งที่ 1,งานระบบ,2025-07-14,2025-08-10,Completed,21,8329962,9482358,นงลักษณ์ ประสิทธิ์,2024-02-28,2025-07-16 10:24:43
MIL76701,PRJ1158,งานตกแต่ง - โครงการคอนโดมิเนียม แห่งที่ 1,งานตกแต่ง,2025-10-05,,In Progress,33,9788037,11353990,สมศักดิ์ สุขสม,2024-02-28,2025-07-16 10:24:43
MIL91857,PRJ1158,ส่งมอบ - โครงการคอนโดมิเนียม แห่งที่ 1,ส่งมอบ,2025-12-27,,Completed,81,8989042,4952360,วิชาญ ใสใจ,2024-02-28,2025-07-16 10:24:43
MIL98786,PRJ1158,รับประกัน - โครงการคอนโดมิเนียม แห่งที่ 1,รับประกัน,2026-03-20,,Delayed,24,7904749,3856913,สมหญิง ขยัน,2024-02-28,2025-07-16 10:24:43
MIL38115,PRJ4441,เริ่มงาน - โครงการโรงงาน ปรับปรุง,เริ่มงาน,2022-05-19,,Not Started,26,2180016,8935419,ธนากร ใสใจ,2022-02-10,2025-07-16 10:24:43
MIL84119,PRJ4441,เสาเข็ม - โครงการโรงงาน ปรับปรุง,เสาเข็ม,2022-07-15,,Not Started,2,8372003,2117916,อรุณ ไว้ใจ,2022-02-10,2025-07-16 10:24:43
MIL43482,PRJ4441,โครงสร้าง - โครงการโรงงาน ปรับปรุง,โครงสร้าง,2022-09-10,,Completed,34,5224193,88026,สมชาย เจริญ,2022-02-10,2025-07-16 10:24:43
MIL45616,PRJ4441,งานหลังคา - โครงการโรงงาน ปรับปรุง,งานหลังคา,2022-11-06,2022-11-24,Delayed,52,857251,2549757,วิภา ใจดี,2022-02-10,2025-07-16 10:24:43
MIL16673,PRJ4441,งานระบบ - โครงการโรงงาน ปรับปรุง,งานระบบ,2023-01-02,,Delayed,99,776964,7508025,นงลักษณ์ ทรงธรรม,2022-02-10,2025-07-16 10:24:43
MIL30828,PRJ4441,งานตกแต่ง - โครงการโรงงาน ปรับปรุง,งานตกแต่ง,2023-02-28,,In Progress,22,9525710,8494015,ธนากร เด่น,2022-02-10,2025-07-16 10:24:43
MIL30167,PRJ4441,ส่งมอบ - โครงการโรงงาน ปรับปรุง,ส่งมอบ,2023-04-26,,In Progress,95,4585857,4388975,สมศักดิ์ ทรงธรรม,2022-02-10,2025-07-16 10:24:43
MIL85461,PRJ4441,รับประกัน - โครงการโรงงาน ปรับปรุง,รับประกัน,2023-06-22,2023-07-05,Completed,82,8160455,11620464,มานี ขันที,2022-02-10,2025-07-16 10:24:43
MIL63459,PRJ5065,เริ่มงาน - โครงการถนน แห่งที่ 2,เริ่มงาน,2024-01-14,,Delayed,57,6244239,8585058,สุธิดา ประสิทธิ์,2023-09-01,2025-07-16 10:24:43
MIL97424,PRJ5065,เสาเข็ม - โครงการถนน แห่งที่ 2,เสาเข็ม,2024-03-18,2024-04-07,Completed,7,5512573,3195966,สมศักดิ์ มีสุข,2023-09-01,2025-07-16 10:24:43
MIL56478,PRJ5065,โครงสร้าง - โครงการถนน แห่งที่ 2,โครงสร้าง,2024-05-21,2024-06-07,Not Started,58,2119510,9415801,ธนากร ชาญยุทธ,2023-09-01,2025-07-16 10:24:43
MIL62599,PRJ5065,งานหลังคา - โครงการถนน แห่งที่ 2,งานหลังคา,2024-07-24,2024-08-23,Completed,60,4956597,3814793,สมชาย ขยัน,2023-09-01,2025-07-16 10:24:43
MIL18030,PRJ5065,งานระบบ - โครงการถนน แห่งที่ 2,งานระบบ,2024-09-26,2024-10-08,Not Started,7,884190,4974400,วิชาญ ชาญยุทธ,2023-09-01,2025-07-16 10:24:43
MIL23055,PRJ5065,งานตกแต่ง - โครงการถนน แห่งที่ 2,งานตกแต่ง,2024-11-29,,Not Started,63,7898859,5957637,ปิยะ ทรงธรรม,2023-09-01,2025-07-16 10:24:43
MIL10078,PRJ5065,ส่งมอบ - โครงการถนน แห่งที่ 2,ส่งมอบ,2025-02-01,,Completed,19,7614188,9707858,สุธิดา ใจดี,2023-09-01,2025-07-16 10:24:43
MIL67550,PRJ5065,รับประกัน - โครงการถนน แห่งที่ 2,รับประกัน,2025-04-06,,In Progress,94,5565937,205534,อรุณ เด่น,2023-09-01,2025-07-16 10:24:43
MIL33389,PRJ6378,เริ่มงาน - โครงการถนน แห่งที่ 1,เริ่มงาน,2023-04-03,,In Progress,72,494507,11585244,พรรณี ชาญยุทธ,2022-12-30,2025-07-16 10:24:43
MIL77072,PRJ6378,เสาเข็ม - โครงการถนน แห่งที่ 1,เสาเข็ม,2023-06-04,2023-06-25,Not Started,59,6771280,2323202,สุดา สุกใส,2022-12-30,2025-07-16 10:24:43
MIL14541,PRJ6378,โครงสร้าง - โครงการถนน แห่งที่ 1,โครงสร้าง,2023-08-05,2023-08-17,Delayed,31,1305654,6698252,วิภา มั่นใจ,2022-12-30,2025-07-16 10:24:43
MIL18748,PRJ6378,งานหลังคา - โครงการถนน แห่งที่ 1,งานหลังคา,2023-10-07,,Delayed,53,4675300,8144876,ปิยะ แสงทอง,2022-12-30,2025-07-16 10:24:43
MIL64859,PRJ6378,งานระบบ - โครงการถนน แห่งที่ 1,งานระบบ,2023-12-08,2023-12-16,Not Started,59,8696189,2693673,สมหญิง ชาญยุทธ,2022-12-30,2025-07-16 10:24:43
MIL67126,PRJ6378,งานตกแต่ง - โครงการถนน แห่งที่ 1,งานตกแต่ง,2024-02-08,2024-02-23,Completed,40,5987479,600536,สุดา รักงาน,2022-12-30,2025-07-16 10:24:43
MIL18476,PRJ6378,ส่งมอบ - โครงการถนน แห่งที่ 1,ส่งมอบ,2024-04-10,2024-04-16,Completed,89,8006508,3848950,นิรัชต์ มีสุข,2022-12-30,2025-07-16 10:24:43
MIL30280,PRJ6378,รับประกัน - โครงการถนน แห่งที่ 1,รับประกัน,2024-06-12,2024-06-29,Not Started,56,7405250,6860625,ธนากร เด่น,2022-12-30,2025-07-16 10:24:43
MIL95981,PRJ8119,เริ่มงาน - โครงการสะพาน ปรับปรุง,เริ่มงาน,2022-11-06,2022-11-16,In Progress,94,3099094,4709304,สุดา ใจดี,2022-06-09,2025-07-16 10:24:43
MIL63985,PRJ8119,เสาเข็ม - โครงการสะพาน ปรับปรุง,เสาเข็ม,2023-02-02,,In Progress,42,3852452,11815446,สุดา ชื่นชม,2022-06-09,2025-07-16 10:24:43
MIL66929,PRJ8119,โครงสร้าง - โครงการสะพาน ปรับปรุง,โครงสร้าง,2023-04-30,2023-05-19,Completed,46,9394922,1187192,วิภา ชื่นชม,2022-06-09,2025-07-16 10:24:43
MIL14197,PRJ8119,งานหลังคา - โครงการสะพาน ปรับปรุง,งานหลังคา,2023-07-27,,Not Started,28,3233831,1991871,วิภา รักงาน,2022-06-09,2025-07-16 10:24:43
MIL68141,PRJ8119,งานระบบ - โครงการสะพาน ปรับปรุง,งานระบบ,2023-10-22,,Delayed,45,5674204,6295985,ปิยะ ขันที,2022-06-09,2025-07-16 10:24:43
MIL24445,PRJ8119,งานตกแต่ง - โครงการสะพาน ปรับปรุง,งานตกแต่ง,2024-01-18,,Completed,3,7489817,236804,อรพิน ใสใจ,2022-06-09,2025-07-16 10:24:43
MIL75237,PRJ8119,ส่งมอบ - โครงการสะพาน ปรับปรุง,ส่งมอบ,2024-04-14,2024-04-27,In Progress,79,6365980,655957,ชูใจ รักงาน,2022-06-09,2025-07-16 10:24:43
MIL79678,PRJ8119,รับประกัน - โครงการสะพาน ปรับปรุง,รับประกัน,2024-07-11,,Delayed,37,1653735,2175796,มานี แสงทอง,2022-06-09,2025-07-16 10:24:43
MIL98294,PRJ8066,เริ่มงาน - โครงการคอนโดมิเนียม ปรับปรุง,เริ่มงาน,2023-04-06,,In Progress,40,9517326,6713007,นงลักษณ์ มีสุข,2022-12-22,2025-07-16 10:24:43
MIL62319,PRJ8066,เสาเข็ม - โครงการคอนโดมิเนียม ปรับปรุง,เสาเข็ม,2023-06-03,2023-06-13,Not Started,3,687065,6473587,สุดา แสงทอง,2022-12-22,2025-07-16 10:24:43
MIL97229,PRJ8066,โครงสร้าง - โครงการคอนโดมิเนียม ปรับปรุง,โครงสร้าง,2023-07-31,,Completed,46,1566202,8146157,สมศักดิ์ สุกใส,2022-12-22,2025-07-16 10:24:43
MIL57609,PRJ8066,งานหลังคา - โครงการคอนโดมิเนียม ปรับปรุง,งานหลังคา,2023-09-27,2023-10-24,In Progress,60,8840624,4252089,สมศักดิ์ แสงทอง,2022-12-22,2025-07-16 10:24:43
MIL38557,PRJ8066,งานระบบ - โครงการคอนโดมิเนียม ปรับปรุง,งานระบบ,2023-11-23,2023-11-24,Not Started,25,4581499,4264069,ธนากร ชื่นชม,2022-12-22,2025-07-16 10:24:43
MIL94720,PRJ8066,งานตกแต่ง - โครงการคอนโดมิเนียม ปรับปรุง,งานตกแต่ง,2024-01-20,2024-01-14,Not Started,54,2776026,1929023,มานี ขยัน,2022-12-22,2025-07-16 10:24:43
MIL64640,PRJ8066,ส่งมอบ - โครงการคอนโดมิเนียม ปรับปรุง,ส่งมอบ,2024-03-18,2024-04-02,Delayed,87,6420094,1340925,ธนากร มีสุข,2022-12-22,2025-07-16 10:24:43
MIL66561,PRJ8066,รับประกัน - โครงการคอนโดมิเนียม ปรับปรุง,รับประกัน,2024-05-15,,In Progress,19,2467892,2189202,ชาคริต สุกใส,2022-12-22,2025-07-16 10:24:43
MIL15128,PRJ7888,เริ่มงาน - โครงการระบบสาธารณูปโภค ปรับปรุ,เริ่มงาน,2022-10-23,2022-10-13,Completed,34,8958797,11642857,วิชาญ เก่งกาจ,2022-07-12,2025-07-16 10:24:43
MIL86396,PRJ7888,เสาเข็ม - โครงการระบบสาธารณูปโภค ปรับปรุ,เสาเข็ม,2022-11-28,,Completed,78,9467894,9029905,ชาคริต เจริญ,2022-07-12,2025-07-16 10:24:43
MIL82817,PRJ7888,โครงสร้าง - โครงการระบบสาธารณูปโภค ปรับปรุ,โครงสร้าง,2023-01-03,,In Progress,57,5167403,9341277,วิชาญ มีสุข,2022-07-12,2025-07-16 10:24:43
MIL62671,PRJ7888,งานหลังคา - โครงการระบบสาธารณูปโภค ปรับปรุ,งานหลังคา,2023-02-08,2023-03-01,In Progress,1,338320,8794211,สมชาย แสงทอง,2022-07-12,2025-07-16 10:24:43
MIL77500,PRJ7888,งานระบบ - โครงการระบบสาธารณูปโภค ปรับปรุ,งานระบบ,2023-03-15,2023-03-26,Completed,69,2125651,4542447,สมชาย ชาญยุทธ,2022-07-12,2025-07-16 10:24:43
MIL38394,PRJ7888,งานตกแต่ง - โครงการระบบสาธารณูปโภค ปรับปรุ,งานตกแต่ง,2023-04-20,,Completed,43,659207,9325555,วิชาญ เจริญ,2022-07-12,2025-07-16 10:24:43
MIL54446,PRJ7888,ส่งมอบ - โครงการระบบสาธารณูปโภค ปรับปรุ,ส่งมอบ,2023-05-26,,In Progress,43,8794175,11077517,อรุณ มั่นใจ,2022-07-12,2025-07-16 10:24:43
MIL87371,PRJ7888,รับประกัน - โครงการระบบสาธารณูปโภค ปรับปรุ,รับประกัน,2023-07-01,2023-07-31,In Progress,13,4057974,1199024,วิชาญ ขันที,2022-07-12,2025-07-16 10:24:43
MIL64374,PRJ8238,เริ่มงาน - โครงการศูนย์การค้า ปรับปรุง,เริ่มงาน,2023-12-31,,Not Started,2,2400101,10726538,นิรัชต์ เก่งกาจ,2023-08-02,2025-07-16 10:24:43
MIL48091,PRJ8238,เสาเข็ม - โครงการศูนย์การค้า ปรับปรุง,เสาเข็ม,2024-03-11,,Not Started,54,4433198,2469050,วิไล ใจดี,2023-08-02,2025-07-16 10:24:43
MIL29533,PRJ8238,โครงสร้าง - โครงการศูนย์การค้า ปรับปรุง,โครงสร้าง,2024-05-21,,In Progress,50,2762420,915277,สุธิดา ขยัน,2023-08-02,2025-07-16 10:24:43
MIL91512,PRJ8238,งานหลังคา - โครงการศูนย์การค้า ปรับปรุง,งานหลังคา,2024-07-31,,Delayed,76,1355802,2938418,กิตติ มั่งคั่ง,2023-08-02,2025-07-16 10:24:43
MIL85854,PRJ8238,งานระบบ - โครงการศูนย์การค้า ปรับปรุง,งานระบบ,2024-10-09,2024-09-29,In Progress,28,1425986,4407321,อรุณ ใสใจ,2023-08-02,2025-07-16 10:24:43
MIL64690,PRJ8238,งานตกแต่ง - โครงการศูนย์การค้า ปรับปรุง,งานตกแต่ง,2024-12-19,,Not Started,91,2112984,7089212,กิตติ ใสใจ,2023-08-02,2025-07-16 10:24:43
MIL74352,PRJ8238,ส่งมอบ - โครงการศูนย์การค้า ปรับปรุง,ส่งมอบ,2025-02-28,2025-03-03,Completed,36,9741857,10512635,อรพิน เจริญ,2023-08-02,2025-07-16 10:24:43
MIL49741,PRJ8238,รับประกัน - โครงการศูนย์การค้า ปรับปรุง,รับประกัน,2025-05-10,2025-06-01,Not Started,37,1784884,6726251,ชาคริต ใสใจ,2023-08-02,2025-07-16 10:24:43
MIL15172,PRJ1400,เริ่มงาน - โครงการอาคารสำนักงาน แห่งที่ 2,เริ่มงาน,2023-03-14,,In Progress,92,9554615,5468402,มานี มีสุข,2023-01-04,2025-07-16 10:24:43
MIL26656,PRJ1400,เสาเข็ม - โครงการอาคารสำนักงาน แห่งที่ 2,เสาเข็ม,2023-04-13,2023-04-04,Not Started,18,4650247,9320820,ปรีดา รักงาน,2023-01-04,2025-07-16 10:24:43
MIL43380,PRJ1400,โครงสร้าง - โครงการอาคารสำนักงาน แห่งที่ 2,โครงสร้าง,2023-05-13,2023-05-14,Not Started,12,3750222,11282367,สมศักดิ์ ใสใจ,2023-01-04,2025-07-16 10:24:43
MIL57584,PRJ1400,งานหลังคา - โครงการอาคารสำนักงาน แห่งที่ 2,งานหลังคา,2023-06-12,,Delayed,41,9228282,6708219,วิชาญ ชื่นชม,2023-01-04,2025-07-16 10:24:43
MIL11746,PRJ1400,งานระบบ - โครงการอาคารสำนักงาน แห่งที่ 2,งานระบบ,2023-07-12,,In Progress,73,4217131,5289391,สมหญิง ชื่นชม,2023-01-04,2025-07-16 10:24:43
MIL38737,PRJ1400,งานตกแต่ง - โครงการอาคารสำนักงาน แห่งที่ 2,งานตกแต่ง,2023-08-11,,Delayed,81,4785098,2411529,ปรีดา ชื่นชม,2023-01-04,2025-07-16 10:24:43
MIL79520,PRJ1400,ส่งมอบ - โครงการอาคารสำนักงาน แห่งที่ 2,ส่งมอบ,2023-09-10,,Completed,75,2985423,304638,อรุณ ไว้ใจ,2023-01-04,2025-07-16 10:24:43
MIL60210,PRJ1400,รับประกัน - โครงการอาคารสำนักงาน แห่งที่ 2,รับประกัน,2023-10-10,,Not Started,78,3390759,3032652,อรพิน ไว้ใจ,2023-01-04,2025-07-16 10:24:43
MIL64366,PRJ7965,เริ่มงาน - โครงการโรงงาน แห่งที่ 2,เริ่มงาน,2022-02-05,2022-02-24,Not Started,88,2838588,2379622,วิภา ขันที,2021-11-23,2025-07-16 10:24:43
MIL80631,PRJ7965,เสาเข็ม - โครงการโรงงาน แห่งที่ 2,เสาเข็ม,2022-03-02,2022-02-25,In Progress,60,5811907,3920435,ชาคริต ใจดี,2021-11-23,2025-07-16 10:24:43
MIL79785,PRJ7965,โครงสร้าง - โครงการโรงงาน แห่งที่ 2,โครงสร้าง,2022-03-27,2022-04-25,Delayed,43,7990316,9462415,สมหญิง เก่งกาจ,2021-11-23,2025-07-16 10:24:43
MIL27590,PRJ7965,งานหลังคา - โครงการโรงงาน แห่งที่ 2,งานหลังคา,2022-04-21,2022-04-16,Not Started,63,1453346,11424011,สมชาย ขันที,2021-11-23,2025-07-16 10:24:43
MIL27032,PRJ7965,งานระบบ - โครงการโรงงาน แห่งที่ 2,งานระบบ,2022-05-16,,Delayed,2,2340086,6535646,สมศักดิ์ เด่น,2021-11-23,2025-07-16 10:24:43
MIL45056,PRJ7965,งานตกแต่ง - โครงการโรงงาน แห่งที่ 2,งานตกแต่ง,2022-06-10,,In Progress,99,6219561,11239497,มานี ขยัน,2021-11-23,2025-07-16 10:24:43
MIL22515,PRJ7965,ส่งมอบ - โครงการโรงงาน แห่งที่ 2,ส่งมอบ,2022-07-05,,In Progress,79,1328485,564234,มานี เก่งกาจ,2021-11-23,2025-07-16 10:24:43
MIL41238,PRJ7965,รับประกัน - โครงการโรงงาน แห่งที่ 2,รับประกัน,2022-07-30,2022-08-22,Not Started,84,7263068,7912814,สมศักดิ์ เจริญ,2021-11-23,2025-07-16 10:24:43
MIL65646,PRJ9270,เริ่มงาน - โครงการระบบสาธารณูปโภค ขยาย,เริ่มงาน,2024-09-22,,Not Started,95,4411871,7946939,ปรีดา มีสุข,2024-05-11,2025-07-16 10:24:43
MIL16781,PRJ9270,เสาเข็ม - โครงการระบบสาธารณูปโภค ขยาย,เสาเข็ม,2024-12-21,2024-12-16,Completed,37,125783,9299350,วิภา ชื่นชม,2024-05-11,2025-07-16 10:24:43
MIL42810,PRJ9270,โครงสร้าง - โครงการระบบสาธารณูปโภค ขยาย,โครงสร้าง,2025-03-20,2025-04-08,In Progress,50,399367,1474936,ชูใจ สุกใส,2024-05-11,2025-07-16 10:24:43
MIL71443,PRJ9270,งานหลังคา - โครงการระบบสาธารณูปโภค ขยาย,งานหลังคา,2025-06-18,,Delayed,82,3819320,3210647,พรรณี มีสุข,2024-05-11,2025-07-16 10:24:43
MIL27465,PRJ9270,งานระบบ - โครงการระบบสาธารณูปโภค ขยาย,งานระบบ,2025-09-16,,In Progress,75,3891261,10384182,ปิยะ มีสุข,2024-05-11,2025-07-16 10:24:43
MIL44560,PRJ9270,งานตกแต่ง - โครงการระบบสาธารณูปโภค ขยาย,งานตกแต่ง,2025-12-14,2025-12-27,Not Started,61,7666726,3094361,สุธิดา สุกใส,2024-05-11,2025-07-16 10:24:43
MIL43063,PRJ9270,ส่งมอบ - โครงการระบบสาธารณูปโภค ขยาย,ส่งมอบ,2026-03-14,,Not Started,86,5788767,853653,สุดา ใจดี,2024-05-11,2025-07-16 10:24:43
MIL96293,PRJ9270,รับประกัน - โครงการระบบสาธารณูปโภค ขยาย,รับประกัน,2026-06-12,,In Progress,11,1774492,4780740,วิไล เด่น,2024-05-11,2025-07-16 10:24:43
MIL66619,PRJ2269,เริ่มงาน - โครงการถนน แห่งที่ 2,เริ่มงาน,2023-09-22,2023-09-26,Not Started,24,9012808,3913674,สมศักดิ์ รักงาน,2023-06-13,2025-07-16 10:24:43
MIL80022,PRJ2269,เสาเข็ม - โครงการถนน แห่งที่ 2,เสาเข็ม,2023-11-29,,Delayed,22,365323,11242966,พรรณี สุกใส,2023-06-13,2025-07-16 10:24:43
MIL53414,PRJ2269,โครงสร้าง - โครงการถนน แห่งที่ 2,โครงสร้าง,2024-02-04,2024-02-17,Delayed,57,8065888,989149,กิตติ มั่นใจ,2023-06-13,2025-07-16 10:24:43
MIL42039,PRJ2269,งานหลังคา - โครงการถนน แห่งที่ 2,งานหลังคา,2024-04-12,2024-05-05,Delayed,30,2294497,10874895,สมหญิง มีสุข,2023-06-13,2025-07-16 10:24:43
MIL51580,PRJ2269,งานระบบ - โครงการถนน แห่งที่ 2,งานระบบ,2024-06-18,,Not Started,10,7141170,11209610,ปรีดา มั่นใจ,2023-06-13,2025-07-16 10:24:43
MIL47986,PRJ2269,งานตกแต่ง - โครงการถนน แห่งที่ 2,งานตกแต่ง,2024-08-25,,Not Started,82,7687594,8863729,นิรัชต์ ชื่นชม,2023-06-13,2025-07-16 10:24:43
MIL84646,PRJ2269,ส่งมอบ - โครงการถนน แห่งที่ 2,ส่งมอบ,2024-10-31,,In Progress,91,7050212,1365815,วิภา มั่นใจ,2023-06-13,2025-07-16 10:24:43
MIL52672,PRJ2269,รับประกัน - โครงการถนน แห่งที่ 2,รับประกัน,2025-01-07,,Delayed,100,9927678,2316062,นิรัชต์ ใจดี,2023-06-13,2025-07-16 10:24:43
MIL83436,PRJ6421,เริ่มงาน - โครงการศูนย์การค้า ใหม่,เริ่มงาน,2024-07-01,,Not Started,22,3952994,10662548,ธนากร เจริญ,2024-02-11,2025-07-16 10:24:43
MIL21453,PRJ6421,เสาเข็ม - โครงการศูนย์การค้า ใหม่,เสาเข็ม,2024-09-02,,Not Started,27,8393469,8227478,สมศักดิ์ ขันที,2024-02-11,2025-07-16 10:24:43
MIL28040,PRJ6421,โครงสร้าง - โครงการศูนย์การค้า ใหม่,โครงสร้าง,2024-11-05,,In Progress,64,9888045,6409787,อรพิน เด่น,2024-02-11,2025-07-16 10:24:43
MIL83757,PRJ6421,งานหลังคา - โครงการศูนย์การค้า ใหม่,งานหลังคา,2025-01-07,,Not Started,72,1541072,11928269,ปรีดา ประสิทธิ์,2024-02-11,2025-07-16 10:24:43
MIL92187,PRJ6421,งานระบบ - โครงการศูนย์การค้า ใหม่,งานระบบ,2025-03-11,2025-03-09,Completed,5,9329828,10868023,วิชาญ มั่งคั่ง,2024-02-11,2025-07-16 10:24:43
MIL13952,PRJ6421,งานตกแต่ง - โครงการศูนย์การค้า ใหม่,งานตกแต่ง,2025-05-14,2025-05-20,In Progress,64,6941747,11253906,อรุณ ไว้ใจ,2024-02-11,2025-07-16 10:24:43
MIL17563,PRJ6421,ส่งมอบ - โครงการศูนย์การค้า ใหม่,ส่งมอบ,2025-07-16,,In Progress,40,1539596,5449101,ปรีดา แสงทอง,2024-02-11,2025-07-16 10:24:43
MIL86830,PRJ6421,รับประกัน - โครงการศูนย์การค้า ใหม่,รับประกัน,2025-09-18,,Completed,32,9875933,767135,สมศักดิ์ รักงาน,2024-02-11,2025-07-16 10:24:43
MIL68366,PRJ9818,เริ่มงาน - โครงการโรงงาน ใหม่,เริ่มงาน,2024-05-12,2024-06-11,Completed,84,8677406,182919,สมชาย ขยัน,2023-12-31,2025-07-16 10:24:43
MIL92727,PRJ9818,เสาเข็ม - โครงการโรงงาน ใหม่,เสาเข็ม,2024-07-16,,Not Started,23,4678455,2677758,สุดา ทรงธรรม,2023-12-31,2025-07-16 10:24:43
MIL98262,PRJ9818,โครงสร้าง - โครงการโรงงาน ใหม่,โครงสร้าง,2024-09-19,,Not Started,54,5964827,11857308,ปิยะ ไว้ใจ,2023-12-31,2025-07-16 10:24:43
MIL48982,PRJ9818,งานหลังคา - โครงการโรงงาน ใหม่,งานหลังคา,2024-11-23,2024-11-15,Delayed,14,7761118,2135366,สมศักดิ์ สุกใส,2023-12-31,2025-07-16 10:24:43
MIL30353,PRJ9818,งานระบบ - โครงการโรงงาน ใหม่,งานระบบ,2025-01-27,,Completed,23,3743060,4345287,มานี สมบูรณ์,2023-12-31,2025-07-16 10:24:43
MIL52932,PRJ9818,งานตกแต่ง - โครงการโรงงาน ใหม่,งานตกแต่ง,2025-04-02,2025-04-19,Not Started,47,7607729,11455915,ปรีดา ทรงธรรม,2023-12-31,2025-07-16 10:24:43
MIL68232,PRJ9818,ส่งมอบ - โครงการโรงงาน ใหม่,ส่งมอบ,2025-06-06,2025-06-12,In Progress,49,5717119,8976023,ปรีดา แสงทอง,2023-12-31,2025-07-16 10:24:43
MIL16303,PRJ9818,รับประกัน - โครงการโรงงาน ใหม่,รับประกัน,2025-08-10,2025-08-04,Completed,38,7441765,10104006,นิรัชต์ ขยัน,2023-12-31,2025-07-16 10:24:43
MIL10132,PRJ7455,เริ่มงาน - โครงการอาคารสำนักงาน แห่งที่ 1,เริ่มงาน,2025-01-12,,Not Started,9,3158955,8606458,สมชาย ขันที,2024-11-08,2025-07-16 10:24:43
MIL21185,PRJ7455,เสาเข็ม - โครงการอาคารสำนักงาน แห่งที่ 1,เสาเข็ม,2025-01-27,2025-02-16,Delayed,50,6694058,11927967,อรุณ ไว้ใจ,2024-11-08,2025-07-16 10:24:43
MIL75213,PRJ7455,โครงสร้าง - โครงการอาคารสำนักงาน แห่งที่ 1,โครงสร้าง,2025-02-10,,Not Started,19,1611667,7758517,วิชาญ เก่งกาจ,2024-11-08,2025-07-16 10:24:43
MIL47988,PRJ7455,งานหลังคา - โครงการอาคารสำนักงาน แห่งที่ 1,งานหลังคา,2025-02-25,2025-03-10,Not Started,54,8496191,11063127,วิภา เจริญ,2024-11-08,2025-07-16 10:24:43
MIL38576,PRJ7455,งานระบบ - โครงการอาคารสำนักงาน แห่งที่ 1,งานระบบ,2025-03-12,2025-03-24,In Progress,49,9710352,6286341,ปิยะ ใสใจ,2024-11-08,2025-07-16 10:24:43
MIL52719,PRJ7455,งานตกแต่ง - โครงการอาคารสำนักงาน แห่งที่ 1,งานตกแต่ง,2025-03-26,,Not Started,62,3570875,5421660,สมชาย ทรงธรรม,2024-11-08,2025-07-16 10:24:43
MIL83431,PRJ7455,ส่งมอบ - โครงการอาคารสำนักงาน แห่งที่ 1,ส่งมอบ,2025-04-10,2025-04-03,Not Started,22,8867637,11602336,วิภา ไว้ใจ,2024-11-08,2025-07-16 10:24:43
MIL48998,PRJ7455,รับประกัน - โครงการอาคารสำนักงาน แห่งที่ 1,รับประกัน,2025-04-25,,Not Started,34,7065880,11432148,นิรัชต์ เก่งกาจ,2024-11-08,2025-07-16 10:24:43
MIL99111,PRJ7906,เริ่มงาน - โครงการถนน แห่งที่ 1,เริ่มงาน,2024-04-02,,Completed,33,3532778,11060229,กิตติ สมบูรณ์,2023-12-09,2025-07-16 10:24:43
MIL24066,PRJ7906,เสาเข็ม - โครงการถนน แห่งที่ 1,เสาเข็ม,2024-05-19,,In Progress,56,5699325,6667987,พรรณี ขยัน,2023-12-09,2025-07-16 10:24:43
MIL39224,PRJ7906,โครงสร้าง - โครงการถนน แห่งที่ 1,โครงสร้าง,2024-07-05,2024-08-01,Delayed,8,5752152,6647618,กิตติ ชาญยุทธ,2023-12-09,2025-07-16 10:24:43
MIL12163,PRJ7906,งานหลังคา - โครงการถนน แห่งที่ 1,งานหลังคา,2024-08-21,2024-09-05,In Progress,49,2534258,11978708,วิชาญ เจริญ,2023-12-09,2025-07-16 10:24:43
MIL57015,PRJ7906,งานระบบ - โครงการถนน แห่งที่ 1,งานระบบ,2024-10-06,2024-10-20,Delayed,7,7571450,8613386,สุธิดา เจริญ,2023-12-09,2025-07-16 10:24:43
MIL49381,PRJ7906,งานตกแต่ง - โครงการถนน แห่งที่ 1,งานตกแต่ง,2024-11-22,2024-11-17,In Progress,94,6205995,3328458,ปรีดา สมบูรณ์,2023-12-09,2025-07-16 10:24:43
MIL89213,PRJ7906,ส่งมอบ - โครงการถนน แห่งที่ 1,ส่งมอบ,2025-01-08,,Delayed,20,8198876,10596303,สุดา ไว้ใจ,2023-12-09,2025-07-16 10:24:43
MIL51537,PRJ7906,รับประกัน - โครงการถนน แห่งที่ 1,รับประกัน,2025-02-24,,Not Started,58,7965380,11743267,สมหญิง แสงทอง,2023-12-09,2025-07-16 10:24:43
MIL57256,PRJ3068,เริ่มงาน - โครงการศูนย์การค้า ปรับปรุง,เริ่มงาน,2022-12-20,,Completed,60,1596053,3105918,สมศักดิ์ ไว้ใจ,2022-08-26,2025-07-16 10:24:43
MIL60355,PRJ3068,เสาเข็ม - โครงการศูนย์การค้า ปรับปรุง,เสาเข็ม,2023-01-31,2023-02-10,Delayed,90,9312251,3121584,ปรีดา มั่งคั่ง,2022-08-26,2025-07-16 10:24:43
MIL16504,PRJ3068,โครงสร้าง - โครงการศูนย์การค้า ปรับปรุง,โครงสร้าง,2023-03-14,2023-04-09,In Progress,27,1859413,3609198,ปิยะ รักงาน,2022-08-26,2025-07-16 10:24:43
MIL76756,PRJ3068,งานหลังคา - โครงการศูนย์การค้า ปรับปรุง,งานหลังคา,2023-04-25,2023-05-15,Delayed,53,430703,2677379,นิรัชต์ สมบูรณ์,2022-08-26,2025-07-16 10:24:43
MIL66958,PRJ3068,งานระบบ - โครงการศูนย์การค้า ปรับปรุง,งานระบบ,2023-06-05,,Completed,46,8483946,8137114,นิรัชต์ มีสุข,2022-08-26,2025-07-16 10:24:43
MIL89629,PRJ3068,งานตกแต่ง - โครงการศูนย์การค้า ปรับปรุง,งานตกแต่ง,2023-07-17,2023-08-09,Delayed,22,6381558,1109050,สมศักดิ์ ใสใจ,2022-08-26,2025-07-16 10:24:43
MIL64221,PRJ3068,ส่งมอบ - โครงการศูนย์การค้า ปรับปรุง,ส่งมอบ,2023-08-28,2023-09-17,Not Started,85,6216762,5687087,ชูใจ ไว้ใจ,2022-08-26,2025-07-16 10:24:43
MIL30514,PRJ3068,รับประกัน - โครงการศูนย์การค้า ปรับปรุง,รับประกัน,2023-10-09,2023-10-13,Delayed,46,2275100,11639757,ชูใจ แสงทอง,2022-08-26,2025-07-16 10:24:43
MIL82924,PRJ6096,เริ่มงาน - โครงการคอนโดมิเนียม ขยาย,เริ่มงาน,2022-09-24,,Completed,55,3370874,146335,ปิยะ มีสุข,2022-06-05,2025-07-16 10:24:43
MIL81688,PRJ6096,เสาเข็ม - โครงการคอนโดมิเนียม ขยาย,เสาเข็ม,2022-10-26,2022-11-23,In Progress,30,6086353,2461214,ชูใจ สุกใส,2022-06-05,2025-07-16 10:24:43
MIL79095,PRJ6096,โครงสร้าง - โครงการคอนโดมิเนียม ขยาย,โครงสร้าง,2022-11-27,,Completed,47,3352875,5934604,นงลักษณ์ ขันที,2022-06-05,2025-07-16 10:24:43
MIL49363,PRJ6096,งานหลังคา - โครงการคอนโดมิเนียม ขยาย,งานหลังคา,2022-12-29,,In Progress,52,8928977,11193238,พรรณี ทรงธรรม,2022-06-05,2025-07-16 10:24:43
MIL44875,PRJ6096,งานระบบ - โครงการคอนโดมิเนียม ขยาย,งานระบบ,2023-01-30,,Delayed,86,6138727,5434795,สมหญิง สุกใส,2022-06-05,2025-07-16 10:24:43
MIL99712,PRJ6096,งานตกแต่ง - โครงการคอนโดมิเนียม ขยาย,งานตกแต่ง,2023-03-03,2023-03-26,In Progress,13,264547,2111983,ชูใจ ใสใจ,2022-06-05,2025-07-16 10:24:43
MIL99691,PRJ6096,ส่งมอบ - โครงการคอนโดมิเนียม ขยาย,ส่งมอบ,2023-04-04,2023-04-27,Completed,69,8156135,5353143,กิตติ เด่น,2022-06-05,2025-07-16 10:24:43
MIL55956,PRJ6096,รับประกัน - โครงการคอนโดมิเนียม ขยาย,รับประกัน,2023-05-07,2023-05-18,Completed,83,300952,5419723,วิไล มั่งคั่ง,2022-06-05,2025-07-16 10:24:43
MIL24270,PRJ2983,เริ่มงาน - โครงการอาคารสำนักงาน แห่งที่ 3,เริ่มงาน,2023-12-07,2024-01-01,Not Started,62,8351411,4411988,ชาคริต ทรงธรรม,2023-07-02,2025-07-16 10:24:43
MIL67048,PRJ2983,เสาเข็ม - โครงการอาคารสำนักงาน แห่งที่ 3,เสาเข็ม,2024-03-04,2024-03-31,In Progress,57,9015254,9244808,อรุณ รักงาน,2023-07-02,2025-07-16 10:24:43
MIL35409,PRJ2983,โครงสร้าง - โครงการอาคารสำนักงาน แห่งที่ 3,โครงสร้าง,2024-05-31,,Delayed,49,5644773,4114060,วิภา สมบูรณ์,2023-07-02,2025-07-16 10:24:43
MIL49367,PRJ2983,งานหลังคา - โครงการอาคารสำนักงาน แห่งที่ 3,งานหลังคา,2024-08-27,,Not Started,35,9731389,6902215,วิภา ชาญยุทธ,2023-07-02,2025-07-16 10:24:43
MIL72850,PRJ2983,งานระบบ - โครงการอาคารสำนักงาน แห่งที่ 3,งานระบบ,2024-11-23,2024-11-22,Not Started,21,8522139,1970040,นงลักษณ์ สุขสม,2023-07-02,2025-07-16 10:24:43
MIL55210,PRJ2983,งานตกแต่ง - โครงการอาคารสำนักงาน แห่งที่ 3,งานตกแต่ง,2025-02-19,2025-02-20,In Progress,62,4968243,3518454,ชูใจ ทรงธรรม,2023-07-02,2025-07-16 10:24:43
MIL42096,PRJ2983,ส่งมอบ - โครงการอาคารสำนักงาน แห่งที่ 3,ส่งมอบ,2025-05-18,,Delayed,6,5521260,2811351,วิชาญ ไว้ใจ,2023-07-02,2025-07-16 10:24:43
MIL47983,PRJ2983,รับประกัน - โครงการอาคารสำนักงาน แห่งที่ 3,รับประกัน,2025-08-14,2025-08-24,Completed,32,8039617,2240505,อรุณ มั่งคั่ง,2023-07-02,2025-07-16 10:24:43
MIL91830,PRJ8135,เริ่มงาน - โครงการบ้านเดี่ยว ปรับปรุง,เริ่มงาน,2024-08-29,,Not Started,20,1375659,4574500,อรพิน มั่นใจ,2024-06-15,2025-07-16 10:24:43
MIL73807,PRJ8135,เสาเข็ม - โครงการบ้านเดี่ยว ปรับปรุง,เสาเข็ม,2024-09-29,,In Progress,52,6435901,319689,สมศักดิ์ ประสิทธิ์,2024-06-15,2025-07-16 10:24:43
MIL51560,PRJ8135,โครงสร้าง - โครงการบ้านเดี่ยว ปรับปรุง,โครงสร้าง,2024-10-30,2024-11-27,Completed,56,5100263,8181738,วิภา รักงาน,2024-06-15,2025-07-16 10:24:43
MIL67126,PRJ8135,งานหลังคา - โครงการบ้านเดี่ยว ปรับปรุง,งานหลังคา,2024-11-30,,In Progress,78,7502448,10880433,วิไล ชื่นชม,2024-06-15,2025-07-16 10:24:43
MIL55884,PRJ8135,งานระบบ - โครงการบ้านเดี่ยว ปรับปรุง,งานระบบ,2024-12-30,,Delayed,64,5910876,11032020,อรพิน สุกใส,2024-06-15,2025-07-16 10:24:43
MIL25265,PRJ8135,งานตกแต่ง - โครงการบ้านเดี่ยว ปรับปรุง,งานตกแต่ง,2025-01-30,2025-01-27,Delayed,33,4528279,10131879,กิตติ สุขสม,2024-06-15,2025-07-16 10:24:43
MIL67034,PRJ8135,ส่งมอบ - โครงการบ้านเดี่ยว ปรับปรุง,ส่งมอบ,2025-03-02,2025-03-28,Delayed,23,5786594,8084474,ชาคริต ทรงธรรม,2024-06-15,2025-07-16 10:24:43
MIL72486,PRJ8135,รับประกัน - โครงการบ้านเดี่ยว ปรับปรุง,รับประกัน,2025-04-02,,Delayed,30,7458289,10790941,สุดา สุขสม,2024-06-15,2025-07-16 10:24:43
MIL28560,PRJ7209,เริ่มงาน - โครงการสะพาน แห่งที่ 1,เริ่มงาน,2024-11-01,2024-11-23,Delayed,65,7735347,7505384,อรพิน รักงาน,2024-05-15,2025-07-16 10:24:43
MIL19529,PRJ7209,เสาเข็ม - โครงการสะพาน แห่งที่ 1,เสาเข็ม,2025-01-24,2025-02-18,Not Started,42,6363149,8317414,สมศักดิ์ ประสิทธิ์,2024-05-15,2025-07-16 10:24:43
MIL38959,PRJ7209,โครงสร้าง - โครงการสะพาน แห่งที่ 1,โครงสร้าง,2025-04-18,2025-04-19,Completed,81,577613,1052200,ธนากร มั่นใจ,2024-05-15,2025-07-16 10:24:43
MIL11611,PRJ7209,งานหลังคา - โครงการสะพาน แห่งที่ 1,งานหลังคา,2025-07-11,,Delayed,44,2001025,7400939,วิภา รักงาน,2024-05-15,2025-07-16 10:24:43
MIL52216,PRJ7209,งานระบบ - โครงการสะพาน แห่งที่ 1,งานระบบ,2025-10-03,,Delayed,4,5510982,9567296,นิรัชต์ มั่นใจ,2024-05-15,2025-07-16 10:24:43
MIL39375,PRJ7209,งานตกแต่ง - โครงการสะพาน แห่งที่ 1,งานตกแต่ง,2025-12-26,,Delayed,23,4972940,6907683,ปิยะ ทรงธรรม,2024-05-15,2025-07-16 10:24:43
MIL23519,PRJ7209,ส่งมอบ - โครงการสะพาน แห่งที่ 1,ส่งมอบ,2026-03-20,2026-03-22,In Progress,31,1028193,6868594,ธนากร สมบูรณ์,2024-05-15,2025-07-16 10:24:43
MIL36499,PRJ7209,รับประกัน - โครงการสะพาน แห่งที่ 1,รับประกัน,2026-06-13,,In Progress,91,6281186,10326585,ปรีดา แสงทอง,2024-05-15,2025-07-16 10:24:43
MIL86718,PRJ1166,เริ่มงาน - โครงการโรงงาน แห่งที่ 1,เริ่มงาน,2023-10-10,2023-11-05,Not Started,20,8551843,3168959,วิชาญ ไว้ใจ,2023-06-06,2025-07-16 10:24:43
MIL62866,PRJ1166,เสาเข็ม - โครงการโรงงาน แห่งที่ 1,เสาเข็ม,2023-12-31,2024-01-23,Not Started,71,8300633,10606323,ธนากร ทรงธรรม,2023-06-06,2025-07-16 10:24:43
MIL76092,PRJ1166,โครงสร้าง - โครงการโรงงาน แห่งที่ 1,โครงสร้าง,2024-03-23,2024-04-12,In Progress,59,7229030,4203215,สมหญิง มั่นใจ,2023-06-06,2025-07-16 10:24:43
MIL71454,PRJ1166,งานหลังคา - โครงการโรงงาน แห่งที่ 1,งานหลังคา,2024-06-13,,In Progress,74,8748175,4198319,อรุณ รักงาน,2023-06-06,2025-07-16 10:24:43
MIL63990,PRJ1166,งานระบบ - โครงการโรงงาน แห่งที่ 1,งานระบบ,2024-09-03,2024-09-29,Not Started,84,9652657,8414957,วิไล แสงทอง,2023-06-06,2025-07-16 10:24:43
MIL53906,PRJ1166,งานตกแต่ง - โครงการโรงงาน แห่งที่ 1,งานตกแต่ง,2024-11-25,2024-11-18,Delayed,35,6203548,11152484,สมหญิง สุกใส,2023-06-06,2025-07-16 10:24:43
MIL28415,PRJ1166,ส่งมอบ - โครงการโรงงาน แห่งที่ 1,ส่งมอบ,2025-02-15,,In Progress,78,556381,11563677,นิรัชต์ มั่งคั่ง,2023-06-06,2025-07-16 10:24:43
MIL67860,PRJ1166,รับประกัน - โครงการโรงงาน แห่งที่ 1,รับประกัน,2025-05-09,2025-05-10,In Progress,51,6067528,2528269,สุธิดา ชื่นชม,2023-06-06,2025-07-16 10:24:43
MIL30753,PRJ6016,เริ่มงาน - โครงการสะพาน ใหม่,เริ่มงาน,2024-05-20,,Delayed,49,4086296,313396,ธนากร ไว้ใจ,2024-03-02,2025-07-16 10:24:43
MIL49883,PRJ6016,เสาเข็ม - โครงการสะพาน ใหม่,เสาเข็ม,2024-07-01,2024-07-13,Not Started,63,2131167,1185612,สุธิดา สุกใส,2024-03-02,2025-07-16 10:24:43
MIL51875,PRJ6016,โครงสร้าง - โครงการสะพาน ใหม่,โครงสร้าง,2024-08-13,2024-09-09,Not Started,21,4763408,10745631,ธนากร ประสิทธิ์,2024-03-02,2025-07-16 10:24:43
MIL21869,PRJ6016,งานหลังคา - โครงการสะพาน ใหม่,งานหลังคา,2024-09-24,,Completed,64,8502269,5152929,สมชาย ทรงธรรม,2024-03-02,2025-07-16 10:24:43
MIL53166,PRJ6016,งานระบบ - โครงการสะพาน ใหม่,งานระบบ,2024-11-05,,In Progress,88,9337876,87242,อรพิน ชาญยุทธ,2024-03-02,2025-07-16 10:24:43
MIL61364,PRJ6016,งานตกแต่ง - โครงการสะพาน ใหม่,งานตกแต่ง,2024-12-18,,Not Started,18,7437996,8800555,มานี ไว้ใจ,2024-03-02,2025-07-16 10:24:43
MIL58622,PRJ6016,ส่งมอบ - โครงการสะพาน ใหม่,ส่งมอบ,2025-01-29,2025-02-17,Completed,44,1476926,3235689,สมหญิง ขันที,2024-03-02,2025-07-16 10:24:43
MIL89430,PRJ6016,รับประกัน - โครงการสะพาน ใหม่,รับประกัน,2025-03-13,,Not Started,23,1187597,2205733,ชูใจ ใจดี,2024-03-02,2025-07-16 10:24:43
MIL51624,PRJ2958,เริ่มงาน - โครงการบ้านเดี่ยว แห่งที่ 2,เริ่มงาน,2023-03-22,,In Progress,70,7648108,521332,สุดา ทรงธรรม,2022-12-08,2025-07-16 10:24:43
MIL78248,PRJ2958,เสาเข็ม - โครงการบ้านเดี่ยว แห่งที่ 2,เสาเข็ม,2023-05-13,,In Progress,57,9648959,9390647,ปิยะ ใจดี,2022-12-08,2025-07-16 10:24:43
MIL47851,PRJ2958,โครงสร้าง - โครงการบ้านเดี่ยว แห่งที่ 2,โครงสร้าง,2023-07-03,2023-07-12,Completed,28,8037868,1785182,ปรีดา สมบูรณ์,2022-12-08,2025-07-16 10:24:43
MIL10330,PRJ2958,งานหลังคา - โครงการบ้านเดี่ยว แห่งที่ 2,งานหลังคา,2023-08-24,,In Progress,72,692910,8928202,อรพิน ชื่นชม,2022-12-08,2025-07-16 10:24:43
MIL38278,PRJ2958,งานระบบ - โครงการบ้านเดี่ยว แห่งที่ 2,งานระบบ,2023-10-15,2023-10-31,Delayed,87,8519810,3475716,อรุณ ชื่นชม,2022-12-08,2025-07-16 10:24:43
MIL26203,PRJ2958,งานตกแต่ง - โครงการบ้านเดี่ยว แห่งที่ 2,งานตกแต่ง,2023-12-05,,Not Started,20,3437850,9038061,กิตติ ขันที,2022-12-08,2025-07-16 10:24:43
MIL54036,PRJ2958,ส่งมอบ - โครงการบ้านเดี่ยว แห่งที่ 2,ส่งมอบ,2024-01-26,,Completed,51,8065878,8115626,อรพิน ใสใจ,2022-12-08,2025-07-16 10:24:43
MIL83940,PRJ2958,รับประกัน - โครงการบ้านเดี่ยว แห่งที่ 2,รับประกัน,2024-03-18,,Not Started,100,4185482,5538569,พรรณี ใจดี,2022-12-08,2025-07-16 10:24:43
MIL10393,PRJ1231,เริ่มงาน - โครงการบ้านเดี่ยว แห่งที่ 3,เริ่มงาน,2023-02-21,,Not Started,61,2295107,5985637,สมชาย เด่น,2022-11-04,2025-07-16 10:24:43
MIL15124,PRJ1231,เสาเข็ม - โครงการบ้านเดี่ยว แห่งที่ 3,เสาเข็ม,2023-04-12,2023-04-23,Completed,3,9169419,5421339,ธนากร ชื่นชม,2022-11-04,2025-07-16 10:24:43
MIL68661,PRJ1231,โครงสร้าง - โครงการบ้านเดี่ยว แห่งที่ 3,โครงสร้าง,2023-06-01,2023-06-04,Delayed,62,8553211,4948293,อรพิน ทรงธรรม,2022-11-04,2025-07-16 10:24:43
MIL92481,PRJ1231,งานหลังคา - โครงการบ้านเดี่ยว แห่งที่ 3,งานหลังคา,2023-07-21,2023-07-13,Completed,19,4934019,1964975,สมชาย เด่น,2022-11-04,2025-07-16 10:24:43
MIL21225,PRJ1231,งานระบบ - โครงการบ้านเดี่ยว แห่งที่ 3,งานระบบ,2023-09-09,,Completed,59,5183078,9778328,วิภา ใจดี,2022-11-04,2025-07-16 10:24:43
MIL63224,PRJ1231,งานตกแต่ง - โครงการบ้านเดี่ยว แห่งที่ 3,งานตกแต่ง,2023-10-29,,Completed,66,2094518,7232699,วิชาญ สุขสม,2022-11-04,2025-07-16 10:24:43
MIL54993,PRJ1231,ส่งมอบ - โครงการบ้านเดี่ยว แห่งที่ 3,ส่งมอบ,2023-12-18,,Not Started,55,1598750,3924829,พรรณี มั่งคั่ง,2022-11-04,2025-07-16 10:24:43
MIL46109,PRJ1231,รับประกัน - โครงการบ้านเดี่ยว แห่งที่ 3,รับประกัน,2024-02-06,,Delayed,5,806189,745101,พรรณี แสงทอง,2022-11-04,2025-07-16 10:24:43
MIL82351,PRJ6582,เริ่มงาน - โครงการบ้านเดี่ยว แห่งที่ 1,เริ่มงาน,2024-11-13,,Completed,82,9390061,9900926,ปิยะ มีสุข,2024-08-03,2025-07-16 10:24:43
MIL92076,PRJ6582,เสาเข็ม - โครงการบ้านเดี่ยว แห่งที่ 1,เสาเข็ม,2025-01-20,,Completed,51,9674409,10501711,สมหญิง รักงาน,2024-08-03,2025-07-16 10:24:43
MIL50654,PRJ6582,โครงสร้าง - โครงการบ้านเดี่ยว แห่งที่ 1,โครงสร้าง,2025-03-28,,In Progress,42,7433233,10940499,อรพิน ชื่นชม,2024-08-03,2025-07-16 10:24:43
MIL15337,PRJ6582,งานหลังคา - โครงการบ้านเดี่ยว แห่งที่ 1,งานหลังคา,2025-06-04,2025-06-19,In Progress,71,3749622,6818766,พรรณี ทรงธรรม,2024-08-03,2025-07-16 10:24:43
MIL28363,PRJ6582,งานระบบ - โครงการบ้านเดี่ยว แห่งที่ 1,งานระบบ,2025-08-11,2025-08-20,Delayed,41,8656164,1682065,ปรีดา เจริญ,2024-08-03,2025-07-16 10:24:43
MIL78678,PRJ6582,งานตกแต่ง - โครงการบ้านเดี่ยว แห่งที่ 1,งานตกแต่ง,2025-10-17,2025-10-22,Delayed,8,5079258,10834769,สุดา ขยัน,2024-08-03,2025-07-16 10:24:43
MIL45670,PRJ6582,ส่งมอบ - โครงการบ้านเดี่ยว แห่งที่ 1,ส่งมอบ,2025-12-24,,Not Started,89,4257137,11310758,นงลักษณ์ เจริญ,2024-08-03,2025-07-16 10:24:43
MIL15325,PRJ6582,รับประกัน - โครงการบ้านเดี่ยว แห่งที่ 1,รับประกัน,2026-03-02,2026-03-08,Delayed,27,9306882,354979,ชาคริต ประสิทธิ์,2024-08-03,2025-07-16 10:24:43
MIL81268,PRJ7818,เริ่มงาน - โครงการโรงงาน ขยาย,เริ่มงาน,2023-06-19,,Not Started,80,2880266,5354580,วิชาญ เด่น,2023-03-15,2025-07-16 10:24:43
MIL11342,PRJ7818,เสาเข็ม - โครงการโรงงาน ขยาย,เสาเข็ม,2023-07-15,,Completed,94,7440537,904458,สมศักดิ์ มั่นใจ,2023-03-15,2025-07-16 10:24:43
MIL75793,PRJ7818,โครงสร้าง - โครงการโรงงาน ขยาย,โครงสร้าง,2023-08-11,,In Progress,9,8451973,283398,สมศักดิ์ ชื่นชม,2023-03-15,2025-07-16 10:24:43
MIL25165,PRJ7818,งานหลังคา - โครงการโรงงาน ขยาย,งานหลังคา,2023-09-06,,Not Started,68,9511188,1772135,วิภา มั่งคั่ง,2023-03-15,2025-07-16 10:24:43
MIL40123,PRJ7818,งานระบบ - โครงการโรงงาน ขยาย,งานระบบ,2023-10-02,,Not Started,77,1921701,11447831,สุดา ประสิทธิ์,2023-03-15,2025-07-16 10:24:43
MIL22573,PRJ7818,งานตกแต่ง - โครงการโรงงาน ขยาย,งานตกแต่ง,2023-10-29,,Completed,12,6492491,4284273,ธนากร ขยัน,2023-03-15,2025-07-16 10:24:43
MIL63589,PRJ7818,ส่งมอบ - โครงการโรงงาน ขยาย,ส่งมอบ,2023-11-24,,In Progress,47,7468425,3936176,วิชาญ มีสุข,2023-03-15,2025-07-16 10:24:43
MIL55767,PRJ7818,รับประกัน - โครงการโรงงาน ขยาย,รับประกัน,2023-12-21,2024-01-06,Completed,16,7505045,6801734,สมศักดิ์ ชื่นชม,2023-03-15,2025-07-16 10:24:43
MIL69300,PRJ2330,เริ่มงาน - โครงการบ้านเดี่ยว แห่งที่ 2,เริ่มงาน,2023-04-23,,In Progress,98,2814559,9847951,อรพิน ทรงธรรม,2022-12-24,2025-07-16 10:24:43
MIL93738,PRJ2330,เสาเข็ม - โครงการบ้านเดี่ยว แห่งที่ 2,เสาเข็ม,2023-06-07,,Not Started,35,6204557,672850,ชูใจ เจริญ,2022-12-24,2025-07-16 10:24:43
MIL92689,PRJ2330,โครงสร้าง - โครงการบ้านเดี่ยว แห่งที่ 2,โครงสร้าง,2023-07-22,,Completed,59,3984598,10989231,วิภา สุขสม,2022-12-24,2025-07-16 10:24:43
MIL54151,PRJ2330,งานหลังคา - โครงการบ้านเดี่ยว แห่งที่ 2,งานหลังคา,2023-09-05,,Completed,54,717785,4709788,สุดา รักงาน,2022-12-24,2025-07-16 10:24:43
MIL20811,PRJ2330,งานระบบ - โครงการบ้านเดี่ยว แห่งที่ 2,งานระบบ,2023-10-20,,Delayed,57,1569071,7052686,ธนากร เจริญ,2022-12-24,2025-07-16 10:24:43
MIL44722,PRJ2330,งานตกแต่ง - โครงการบ้านเดี่ยว แห่งที่ 2,งานตกแต่ง,2023-12-04,,Completed,47,3209743,7266557,ชาคริต เด่น,2022-12-24,2025-07-16 10:24:43
MIL55220,PRJ2330,ส่งมอบ - โครงการบ้านเดี่ยว แห่งที่ 2,ส่งมอบ,2024-01-18,2024-02-15,Not Started,94,4895036,6242647,ชาคริต สุขสม,2022-12-24,2025-07-16 10:24:43
MIL96489,PRJ2330,รับประกัน - โครงการบ้านเดี่ยว แห่งที่ 2,รับประกัน,2024-03-03,2024-03-07,Not Started,71,847200,4316286,นงลักษณ์ ชื่นชม,2022-12-24,2025-07-16 10:24:43
MIL73583,PRJ2166,เริ่มงาน - โครงการโรงงาน แห่งที่ 3,เริ่มงาน,2023-10-11,,In Progress,2,3276777,9236884,มานี สุกใส,2023-05-15,2025-07-16 10:24:43
MIL42313,PRJ2166,เสาเข็ม - โครงการโรงงาน แห่งที่ 3,เสาเข็ม,2023-12-19,,Delayed,94,2864568,5292181,สุดา ทรงธรรม,2023-05-15,2025-07-16 10:24:43
MIL97833,PRJ2166,โครงสร้าง - โครงการโรงงาน แห่งที่ 3,โครงสร้าง,2024-02-26,,Completed,90,8251087,4769731,วิชาญ เด่น,2023-05-15,2025-07-16 10:24:43
MIL67220,PRJ2166,งานหลังคา - โครงการโรงงาน แห่งที่ 3,งานหลังคา,2024-05-06,,Delayed,0,2958115,7353634,วิชาญ ชาญยุทธ,2023-05-15,2025-07-16 10:24:43
MIL56177,PRJ2166,งานระบบ - โครงการโรงงาน แห่งที่ 3,งานระบบ,2024-07-14,2024-07-22,In Progress,41,6026077,5779194,กิตติ สุขสม,2023-05-15,2025-07-16 10:24:43
MIL83005,PRJ2166,งานตกแต่ง - โครงการโรงงาน แห่งที่ 3,งานตกแต่ง,2024-09-21,2024-09-20,Not Started,92,2657449,1531170,มานี ประสิทธิ์,2023-05-15,2025-07-16 10:24:43
MIL43532,PRJ2166,ส่งมอบ - โครงการโรงงาน แห่งที่ 3,ส่งมอบ,2024-11-29,2024-12-12,Delayed,9,249213,9707628,อรพิน ขยัน,2023-05-15,2025-07-16 10:24:43
MIL27370,PRJ2166,รับประกัน - โครงการโรงงาน แห่งที่ 3,รับประกัน,2025-02-07,,In Progress,61,5791980,161203,อรพิน รักงาน,2023-05-15,2025-07-16 10:24:43
