risk_id,project_id,risk_description,risk_category,probability,impact,risk_score,mitigation_plan,owner,status,identified_date,target_close_date,created_date,updated_date
RSK76919,PRJ5506,ความเสี่ยงด้านกฎหมายในโครงการ,สิ่งแวดล้อม,High,Low,15,แผนลดความเสี่ยงด้านสิ่งแวดล้อม,ปรีดา สุขสม,Mitigated,2024-10-26,2025-07-22,2022-06-10,2025-07-16 10:24:43
RSK36938,PRJ5506,ความเสี่ยงด้านกฎหมายในโครงการ,การเงิน,High,Medium,22,แผนลดความเสี่ยงด้านความปลอดภัย,ปรีดา ชื่นชม,Active,2024-01-07,2025-07-20,2022-06-10,2025-07-16 10:24:43
RSK63308,PRJ5506,ความเสี่ยงด้านคุณภาพในโครงการ,สิ่งแวดล้อม,Medium,Medium,8,แผนลดความเสี่ยงด้านสิ่งแวดล้อม,อรุณ มีสุข,Transferred,2025-02-17,2025-08-14,2022-06-10,2025-07-16 10:24:43
RSK67536,PRJ4257,ความเสี่ยงด้านกฎหมายในโครงการ,ทรัพยากร,High,High,17,แผนลดความเสี่ยงด้านเทคนิค,สมศักดิ์ เด่น,Transferred,2025-02-28,2025-07-30,2022-01-19,2025-07-16 10:24:43
RSK93907,PRJ4257,ความเสี่ยงด้านคุณภาพในโครงการ,กฎหมาย,High,Medium,19,แผนลดความเสี่ยงด้านกฎหมาย,ชาคริต ไว้ใจ,Mitigated,2022-07-23,2025-07-22,2022-01-19,2025-07-16 10:24:43
RSK64667,PRJ4257,ความเสี่ยงด้านคุณภาพในโครงการ,ตลาด,High,Critical,6,แผนลดความเสี่ยงด้านทรัพยากร,อรุณ ชื่นชม,Closed,2025-07-14,2025-08-13,2022-01-19,2025-07-16 10:24:43
RSK10599,PRJ4257,ความเสี่ยงด้านตลาดในโครงการ,ความปลอดภัย,Medium,Critical,15,แผนลดความเสี่ยงด้านความปลอดภัย,สุดา เจริญ,Mitigated,2022-07-28,2025-07-28,2022-01-19,2025-07-16 10:24:43
RSK26179,PRJ4257,ความเสี่ยงด้านความปลอดภัยในโครงการ,เทคนิค,Medium,Critical,20,แผนลดความเสี่ยงด้านการเงิน,ธนากร สมบูรณ์,Closed,2022-05-19,2025-08-14,2022-01-19,2025-07-16 10:24:43
RSK37180,PRJ4257,ความเสี่ยงด้านความปลอดภัยในโครงการ,ความปลอดภัย,Low,Low,21,แผนลดความเสี่ยงด้านตลาด,วิชาญ ชื่นชม,Active,2022-09-27,2025-07-28,2022-01-19,2025-07-16 10:24:43
RSK62797,PRJ4257,ความเสี่ยงด้านกฎหมายในโครงการ,การเงิน,Low,Medium,14,แผนลดความเสี่ยงด้านสิ่งแวดล้อม,ชูใจ เจริญ,Active,2025-06-30,2025-07-23,2022-01-19,2025-07-16 10:24:43
RSK75632,PRJ4257,ความเสี่ยงด้านตลาดในโครงการ,ความปลอดภัย,Low,Low,12,แผนลดความเสี่ยงด้านกฎหมาย,วิภา มั่นใจ,Transferred,2025-03-14,2025-08-14,2022-01-19,2025-07-16 10:24:43
RSK22353,PRJ4257,ความเสี่ยงด้านตลาดในโครงการ,คุณภาพ,Low,High,3,แผนลดความเสี่ยงด้านตลาด,สมศักดิ์ สุขสม,Active,2024-04-07,2025-08-09,2022-01-19,2025-07-16 10:24:43
RSK11613,PRJ2584,ความเสี่ยงด้านทรัพยากรในโครงการ,สิ่งแวดล้อม,Low,Critical,12,แผนลดความเสี่ยงด้านการเงิน,พรรณี รักงาน,Active,2023-04-24,2025-07-29,2022-05-28,2025-07-16 10:24:43
RSK95592,PRJ2584,ความเสี่ยงด้านสิ่งแวดล้อมในโครงการ,สิ่งแวดล้อม,Medium,Critical,18,แผนลดความเสี่ยงด้านสิ่งแวดล้อม,ปิยะ แสงทอง,Active,2023-05-04,2025-08-12,2022-05-28,2025-07-16 10:24:43
RSK65870,PRJ2584,ความเสี่ยงด้านเทคนิคในโครงการ,ความปลอดภัย,Medium,Low,14,แผนลดความเสี่ยงด้านสิ่งแวดล้อม,นิรัชต์ เจริญ,Closed,2022-09-14,2025-07-18,2022-05-28,2025-07-16 10:24:43
RSK52346,PRJ2584,ความเสี่ยงด้านคุณภาพในโครงการ,คุณภาพ,High,Low,13,แผนลดความเสี่ยงด้านสิ่งแวดล้อม,นงลักษณ์ ชื่นชม,Active,2022-09-23,2025-08-03,2022-05-28,2025-07-16 10:24:43
RSK90188,PRJ2584,ความเสี่ยงด้านคุณภาพในโครงการ,ตลาด,Low,Critical,17,แผนลดความเสี่ยงด้านทรัพยากร,อรุณ ใสใจ,Active,2025-07-05,2025-07-22,2022-05-28,2025-07-16 10:24:43
RSK64886,PRJ2584,ความเสี่ยงด้านเทคนิคในโครงการ,ทรัพยากร,High,Medium,4,แผนลดความเสี่ยงด้านกฎหมาย,สมหญิง สุกใส,Mitigated,2025-02-27,2025-07-22,2022-05-28,2025-07-16 10:24:43
RSK17066,PRJ2584,ความเสี่ยงด้านคุณภาพในโครงการ,เทคนิค,Medium,Medium,19,แผนลดความเสี่ยงด้านการเงิน,มานี ไว้ใจ,Active,2023-05-22,2025-07-16,2022-05-28,2025-07-16 10:24:43
RSK16822,PRJ2584,ความเสี่ยงด้านตลาดในโครงการ,ทรัพยากร,Low,Critical,2,แผนลดความเสี่ยงด้านคุณภาพ,สมชาย เก่งกาจ,Closed,2025-04-12,2025-07-25,2022-05-28,2025-07-16 10:24:43
RSK77327,PRJ2584,ความเสี่ยงด้านตลาดในโครงการ,คุณภาพ,High,Medium,3,แผนลดความเสี่ยงด้านความปลอดภัย,สุดา สุกใส,Mitigated,2025-07-04,2025-07-19,2022-05-28,2025-07-16 10:24:43
RSK32821,PRJ4733,ความเสี่ยงด้านสิ่งแวดล้อมในโครงการ,ความปลอดภัย,Low,Medium,19,แผนลดความเสี่ยงด้านคุณภาพ,สุดา แสงทอง,Closed,2022-08-07,2025-07-19,2022-03-12,2025-07-16 10:24:43
RSK48891,PRJ4733,ความเสี่ยงด้านความปลอดภัยในโครงการ,กฎหมาย,Medium,High,10,แผนลดความเสี่ยงด้านความปลอดภัย,นิรัชต์ ชื่นชม,Transferred,2024-02-19,2025-07-27,2022-03-12,2025-07-16 10:24:43
RSK88663,PRJ4733,ความเสี่ยงด้านกฎหมายในโครงการ,คุณภาพ,High,Low,2,แผนลดความเสี่ยงด้านคุณภาพ,สมศักดิ์ เก่งกาจ,Closed,2024-10-16,2025-07-22,2022-03-12,2025-07-16 10:24:43
RSK62400,PRJ4733,ความเสี่ยงด้านทรัพยากรในโครงการ,ความปลอดภัย,Medium,High,12,แผนลดความเสี่ยงด้านตลาด,สมชาย ขยัน,Closed,2025-06-10,2025-07-23,2022-03-12,2025-07-16 10:24:43
RSK80734,PRJ4733,ความเสี่ยงด้านคุณภาพในโครงการ,ตลาด,Low,Low,24,แผนลดความเสี่ยงด้านคุณภาพ,สุธิดา เจริญ,Active,2023-06-12,2025-07-19,2022-03-12,2025-07-16 10:24:43
RSK68169,PRJ4733,ความเสี่ยงด้านสิ่งแวดล้อมในโครงการ,เทคนิค,High,Low,8,แผนลดความเสี่ยงด้านตลาด,สมศักดิ์ ชื่นชม,Active,2023-12-23,2025-07-22,2022-03-12,2025-07-16 10:24:43
RSK37456,PRJ4733,ความเสี่ยงด้านความปลอดภัยในโครงการ,เทคนิค,Medium,Critical,19,แผนลดความเสี่ยงด้านทรัพยากร,ชาคริต มั่งคั่ง,Active,2022-08-30,2025-07-18,2022-03-12,2025-07-16 10:24:43
RSK50944,PRJ4733,ความเสี่ยงด้านทรัพยากรในโครงการ,การเงิน,Low,Medium,7,แผนลดความเสี่ยงด้านตลาด,สุดา มั่งคั่ง,Transferred,2023-04-28,2025-07-21,2022-03-12,2025-07-16 10:24:43
RSK17151,PRJ3803,ความเสี่ยงด้านความปลอดภัยในโครงการ,เทคนิค,Medium,High,5,แผนลดความเสี่ยงด้านทรัพยากร,กิตติ สมบูรณ์,Mitigated,2023-10-28,2025-07-28,2023-05-15,2025-07-16 10:24:43
RSK22385,PRJ3803,ความเสี่ยงด้านกฎหมายในโครงการ,การเงิน,High,Medium,7,แผนลดความเสี่ยงด้านเทคนิค,สมชาย สุขสม,Transferred,2023-09-26,2025-08-07,2023-05-15,2025-07-16 10:24:43
RSK68835,PRJ3803,ความเสี่ยงด้านเทคนิคในโครงการ,กฎหมาย,Medium,Critical,24,แผนลดความเสี่ยงด้านกฎหมาย,สมหญิง แสงทอง,Active,2025-03-10,2025-08-06,2023-05-15,2025-07-16 10:24:43
RSK93471,PRJ3803,ความเสี่ยงด้านตลาดในโครงการ,การเงิน,High,Low,20,แผนลดความเสี่ยงด้านการเงิน,สมชาย แสงทอง,Transferred,2024-09-24,2025-08-10,2023-05-15,2025-07-16 10:24:43
RSK40507,PRJ3803,ความเสี่ยงด้านตลาดในโครงการ,สิ่งแวดล้อม,Medium,Medium,12,แผนลดความเสี่ยงด้านตลาด,นิรัชต์ ทรงธรรม,Transferred,2024-03-01,2025-07-27,2023-05-15,2025-07-16 10:24:43
RSK33870,PRJ3803,ความเสี่ยงด้านกฎหมายในโครงการ,เทคนิค,Low,Low,5,แผนลดความเสี่ยงด้านสิ่งแวดล้อม,วิไล รักงาน,Transferred,2023-10-09,2025-07-17,2023-05-15,2025-07-16 10:24:43
RSK62016,PRJ3803,ความเสี่ยงด้านทรัพยากรในโครงการ,ตลาด,High,Critical,1,แผนลดความเสี่ยงด้านสิ่งแวดล้อม,พรรณี มั่นใจ,Mitigated,2024-01-14,2025-07-27,2023-05-15,2025-07-16 10:24:43
RSK68425,PRJ3803,ความเสี่ยงด้านคุณภาพในโครงการ,คุณภาพ,Medium,Low,22,แผนลดความเสี่ยงด้านกฎหมาย,สมศักดิ์ เจริญ,Closed,2024-10-25,2025-07-18,2023-05-15,2025-07-16 10:24:43
RSK75323,PRJ3803,ความเสี่ยงด้านตลาดในโครงการ,ความปลอดภัย,Low,Medium,23,แผนลดความเสี่ยงด้านคุณภาพ,นงลักษณ์ ไว้ใจ,Transferred,2025-06-10,2025-08-10,2023-05-15,2025-07-16 10:24:43
RSK31392,PRJ6155,ความเสี่ยงด้านทรัพยากรในโครงการ,เทคนิค,Medium,Critical,17,แผนลดความเสี่ยงด้านเทคนิค,กิตติ ประสิทธิ์,Mitigated,2022-12-04,2025-07-31,2022-03-22,2025-07-16 10:24:43
RSK23879,PRJ6155,ความเสี่ยงด้านตลาดในโครงการ,เทคนิค,Low,Low,9,แผนลดความเสี่ยงด้านสิ่งแวดล้อม,ชาคริต ใจดี,Mitigated,2024-01-05,2025-08-07,2022-03-22,2025-07-16 10:24:43
RSK75634,PRJ6155,ความเสี่ยงด้านกฎหมายในโครงการ,ตลาด,Medium,Critical,15,แผนลดความเสี่ยงด้านความปลอดภัย,นิรัชต์ ชาญยุทธ,Transferred,2022-10-15,2025-08-14,2022-03-22,2025-07-16 10:24:43
RSK71598,PRJ6155,ความเสี่ยงด้านกฎหมายในโครงการ,เทคนิค,High,Low,22,แผนลดความเสี่ยงด้านทรัพยากร,กิตติ ไว้ใจ,Closed,2024-02-10,2025-08-13,2022-03-22,2025-07-16 10:24:43
RSK51612,PRJ6155,ความเสี่ยงด้านการเงินในโครงการ,ตลาด,Medium,Low,7,แผนลดความเสี่ยงด้านกฎหมาย,สมชาย ใจดี,Active,2025-02-18,2025-07-28,2022-03-22,2025-07-16 10:24:43
RSK21709,PRJ6155,ความเสี่ยงด้านคุณภาพในโครงการ,การเงิน,Medium,Low,7,แผนลดความเสี่ยงด้านการเงิน,วิชาญ ใจดี,Mitigated,2024-11-26,2025-07-22,2022-03-22,2025-07-16 10:24:43
RSK79764,PRJ6155,ความเสี่ยงด้านความปลอดภัยในโครงการ,เทคนิค,High,Low,15,แผนลดความเสี่ยงด้านสิ่งแวดล้อม,สมชาย สมบูรณ์,Closed,2025-01-02,2025-08-03,2022-03-22,2025-07-16 10:24:43
RSK59896,PRJ6155,ความเสี่ยงด้านตลาดในโครงการ,ทรัพยากร,Medium,Low,1,แผนลดความเสี่ยงด้านเทคนิค,สมศักดิ์ สุขสม,Closed,2024-01-01,2025-08-12,2022-03-22,2025-07-16 10:24:43
RSK62272,PRJ3266,ความเสี่ยงด้านการเงินในโครงการ,คุณภาพ,High,Medium,10,แผนลดความเสี่ยงด้านเทคนิค,วิชาญ ขันที,Closed,2024-08-09,2025-07-24,2023-11-10,2025-07-16 10:24:43
RSK32613,PRJ3266,ความเสี่ยงด้านกฎหมายในโครงการ,เทคนิค,Low,High,16,แผนลดความเสี่ยงด้านตลาด,พรรณี รักงาน,Transferred,2024-06-07,2025-07-24,2023-11-10,2025-07-16 10:24:43
RSK79228,PRJ3266,ความเสี่ยงด้านสิ่งแวดล้อมในโครงการ,สิ่งแวดล้อม,Low,Low,21,แผนลดความเสี่ยงด้านทรัพยากร,พรรณี มีสุข,Active,2024-04-02,2025-07-29,2023-11-10,2025-07-16 10:24:43
RSK77005,PRJ3266,ความเสี่ยงด้านกฎหมายในโครงการ,ทรัพยากร,Low,Medium,17,แผนลดความเสี่ยงด้านตลาด,วิชาญ แสงทอง,Mitigated,2024-09-11,2025-07-24,2023-11-10,2025-07-16 10:24:43
RSK65387,PRJ3266,ความเสี่ยงด้านทรัพยากรในโครงการ,ตลาด,Low,Low,25,แผนลดความเสี่ยงด้านคุณภาพ,พรรณี ขันที,Closed,2024-12-09,2025-07-22,2023-11-10,2025-07-16 10:24:43
RSK22917,PRJ1188,ความเสี่ยงด้านทรัพยากรในโครงการ,กฎหมาย,High,High,1,แผนลดความเสี่ยงด้านทรัพยากร,สมหญิง แสงทอง,Closed,2023-09-12,2025-07-19,2023-03-29,2025-07-16 10:24:43
RSK37943,PRJ1188,ความเสี่ยงด้านคุณภาพในโครงการ,เทคนิค,Low,High,21,แผนลดความเสี่ยงด้านทรัพยากร,วิภา ใจดี,Active,2024-10-19,2025-08-02,2023-03-29,2025-07-16 10:24:43
RSK88462,PRJ1188,ความเสี่ยงด้านการเงินในโครงการ,คุณภาพ,High,Critical,19,แผนลดความเสี่ยงด้านตลาด,สุธิดา รักงาน,Active,2023-09-21,2025-08-02,2023-03-29,2025-07-16 10:24:43
RSK79060,PRJ1188,ความเสี่ยงด้านความปลอดภัยในโครงการ,การเงิน,Medium,Low,23,แผนลดความเสี่ยงด้านตลาด,ชาคริต เด่น,Transferred,2024-04-07,2025-08-11,2023-03-29,2025-07-16 10:24:43
RSK75314,PRJ1188,ความเสี่ยงด้านความปลอดภัยในโครงการ,ความปลอดภัย,Medium,Medium,12,แผนลดความเสี่ยงด้านคุณภาพ,วิภา ขันที,Transferred,2023-07-04,2025-07-19,2023-03-29,2025-07-16 10:24:43
RSK97143,PRJ1188,ความเสี่ยงด้านทรัพยากรในโครงการ,ตลาด,Low,High,8,แผนลดความเสี่ยงด้านเทคนิค,ปรีดา แสงทอง,Active,2024-02-14,2025-07-16,2023-03-29,2025-07-16 10:24:43
RSK72097,PRJ9317,ความเสี่ยงด้านการเงินในโครงการ,เทคนิค,High,Low,17,แผนลดความเสี่ยงด้านตลาด,นงลักษณ์ รักงาน,Transferred,2024-02-07,2025-08-05,2022-06-22,2025-07-16 10:24:43
RSK12339,PRJ9317,ความเสี่ยงด้านตลาดในโครงการ,สิ่งแวดล้อม,High,Low,11,แผนลดความเสี่ยงด้านตลาด,สมหญิง ไว้ใจ,Closed,2025-04-21,2025-08-14,2022-06-22,2025-07-16 10:24:43
RSK84778,PRJ9317,ความเสี่ยงด้านสิ่งแวดล้อมในโครงการ,เทคนิค,High,High,15,แผนลดความเสี่ยงด้านสิ่งแวดล้อม,กิตติ รักงาน,Active,2024-10-26,2025-07-22,2022-06-22,2025-07-16 10:24:43
RSK89474,PRJ9317,ความเสี่ยงด้านสิ่งแวดล้อมในโครงการ,กฎหมาย,Low,Critical,21,แผนลดความเสี่ยงด้านเทคนิค,นิรัชต์ ไว้ใจ,Closed,2024-02-08,2025-07-17,2022-06-22,2025-07-16 10:24:43
RSK93395,PRJ9317,ความเสี่ยงด้านทรัพยากรในโครงการ,สิ่งแวดล้อม,High,Critical,17,แผนลดความเสี่ยงด้านการเงิน,วิไล ประสิทธิ์,Active,2024-10-20,2025-08-01,2022-06-22,2025-07-16 10:24:43
RSK36395,PRJ9317,ความเสี่ยงด้านเทคนิคในโครงการ,เทคนิค,Low,Low,15,แผนลดความเสี่ยงด้านตลาด,นงลักษณ์ มีสุข,Mitigated,2023-06-30,2025-07-22,2022-06-22,2025-07-16 10:24:43
RSK20657,PRJ2290,ความเสี่ยงด้านสิ่งแวดล้อมในโครงการ,ตลาด,Medium,Critical,16,แผนลดความเสี่ยงด้านสิ่งแวดล้อม,อรพิน มั่งคั่ง,Mitigated,2025-03-27,2025-08-12,2022-03-03,2025-07-16 10:24:43
RSK55093,PRJ2290,ความเสี่ยงด้านทรัพยากรในโครงการ,เทคนิค,Medium,Medium,23,แผนลดความเสี่ยงด้านคุณภาพ,วิชาญ ขยัน,Active,2023-05-22,2025-07-24,2022-03-03,2025-07-16 10:24:43
RSK32867,PRJ2290,ความเสี่ยงด้านคุณภาพในโครงการ,คุณภาพ,Low,Medium,7,แผนลดความเสี่ยงด้านตลาด,ปรีดา สมบูรณ์,Transferred,2023-10-01,2025-07-21,2022-03-03,2025-07-16 10:24:43
RSK23268,PRJ2290,ความเสี่ยงด้านกฎหมายในโครงการ,สิ่งแวดล้อม,Low,High,6,แผนลดความเสี่ยงด้านการเงิน,สุธิดา ไว้ใจ,Mitigated,2025-01-08,2025-07-24,2022-03-03,2025-07-16 10:24:43
RSK24671,PRJ2290,ความเสี่ยงด้านตลาดในโครงการ,คุณภาพ,Low,High,5,แผนลดความเสี่ยงด้านตลาด,สมหญิง แสงทอง,Mitigated,2024-03-04,2025-07-23,2022-03-03,2025-07-16 10:24:43
RSK94016,PRJ2290,ความเสี่ยงด้านการเงินในโครงการ,ตลาด,Medium,Critical,16,แผนลดความเสี่ยงด้านความปลอดภัย,กิตติ เด่น,Mitigated,2025-01-23,2025-07-22,2022-03-03,2025-07-16 10:24:43
RSK86673,PRJ4295,ความเสี่ยงด้านตลาดในโครงการ,คุณภาพ,Low,Medium,17,แผนลดความเสี่ยงด้านเทคนิค,อรุณ สุขสม,Mitigated,2024-10-26,2025-07-20,2023-01-25,2025-07-16 10:24:43
RSK21149,PRJ4295,ความเสี่ยงด้านความปลอดภัยในโครงการ,ตลาด,Low,Low,22,แผนลดความเสี่ยงด้านเทคนิค,วิภา ชาญยุทธ,Active,2023-06-27,2025-07-16,2023-01-25,2025-07-16 10:24:43
RSK72314,PRJ4295,ความเสี่ยงด้านตลาดในโครงการ,ความปลอดภัย,Medium,Low,6,แผนลดความเสี่ยงด้านกฎหมาย,กิตติ มั่นใจ,Closed,2024-08-28,2025-08-11,2023-01-25,2025-07-16 10:24:43
RSK47794,PRJ4295,ความเสี่ยงด้านเทคนิคในโครงการ,สิ่งแวดล้อม,Low,Medium,24,แผนลดความเสี่ยงด้านสิ่งแวดล้อม,สุดา สมบูรณ์,Mitigated,2023-04-13,2025-08-02,2023-01-25,2025-07-16 10:24:43
RSK73451,PRJ4295,ความเสี่ยงด้านความปลอดภัยในโครงการ,ตลาด,High,Critical,2,แผนลดความเสี่ยงด้านกฎหมาย,มานี มั่นใจ,Active,2023-11-19,2025-07-31,2023-01-25,2025-07-16 10:24:43
RSK11564,PRJ4295,ความเสี่ยงด้านตลาดในโครงการ,คุณภาพ,High,Medium,16,แผนลดความเสี่ยงด้านสิ่งแวดล้อม,วิชาญ สมบูรณ์,Active,2024-05-17,2025-08-11,2023-01-25,2025-07-16 10:24:43
RSK82599,PRJ4295,ความเสี่ยงด้านสิ่งแวดล้อมในโครงการ,สิ่งแวดล้อม,Medium,Low,17,แผนลดความเสี่ยงด้านการเงิน,นงลักษณ์ ไว้ใจ,Mitigated,2024-06-09,2025-07-18,2023-01-25,2025-07-16 10:24:43
RSK58808,PRJ4295,ความเสี่ยงด้านเทคนิคในโครงการ,ความปลอดภัย,Low,Critical,18,แผนลดความเสี่ยงด้านกฎหมาย,ชาคริต ไว้ใจ,Mitigated,2024-09-13,2025-07-16,2023-01-25,2025-07-16 10:24:43
RSK35866,PRJ4295,ความเสี่ยงด้านคุณภาพในโครงการ,กฎหมาย,High,Critical,24,แผนลดความเสี่ยงด้านความปลอดภัย,ชูใจ ใจดี,Active,2023-10-24,2025-08-10,2023-01-25,2025-07-16 10:24:43
RSK37376,PRJ4295,ความเสี่ยงด้านคุณภาพในโครงการ,การเงิน,High,High,19,แผนลดความเสี่ยงด้านกฎหมาย,กิตติ เก่งกาจ,Closed,2024-03-19,2025-07-26,2023-01-25,2025-07-16 10:24:43
RSK14085,PRJ2163,ความเสี่ยงด้านคุณภาพในโครงการ,คุณภาพ,Low,Low,11,แผนลดความเสี่ยงด้านความปลอดภัย,อรพิน แสงทอง,Mitigated,2023-10-23,2025-08-14,2023-01-11,2025-07-16 10:24:43
RSK44576,PRJ2163,ความเสี่ยงด้านเทคนิคในโครงการ,เทคนิค,High,Low,22,แผนลดความเสี่ยงด้านสิ่งแวดล้อม,สมศักดิ์ สมบูรณ์,Closed,2023-05-26,2025-08-10,2023-01-11,2025-07-16 10:24:43
RSK27862,PRJ2163,ความเสี่ยงด้านกฎหมายในโครงการ,คุณภาพ,Medium,Medium,11,แผนลดความเสี่ยงด้านคุณภาพ,อรพิน สมบูรณ์,Transferred,2023-06-07,2025-07-27,2023-01-11,2025-07-16 10:24:43
RSK65858,PRJ2163,ความเสี่ยงด้านกฎหมายในโครงการ,เทคนิค,Medium,Medium,7,แผนลดความเสี่ยงด้านการเงิน,สุธิดา มั่งคั่ง,Transferred,2024-05-21,2025-07-29,2023-01-11,2025-07-16 10:24:43
RSK99268,PRJ2163,ความเสี่ยงด้านคุณภาพในโครงการ,การเงิน,High,Critical,7,แผนลดความเสี่ยงด้านความปลอดภัย,นิรัชต์ ใจดี,Active,2025-04-01,2025-07-29,2023-01-11,2025-07-16 10:24:43
RSK22228,PRJ2163,ความเสี่ยงด้านเทคนิคในโครงการ,ตลาด,Medium,Medium,1,แผนลดความเสี่ยงด้านความปลอดภัย,ปรีดา ชาญยุทธ,Active,2023-10-08,2025-07-24,2023-01-11,2025-07-16 10:24:43
RSK99807,PRJ2163,ความเสี่ยงด้านการเงินในโครงการ,ความปลอดภัย,Medium,Critical,20,แผนลดความเสี่ยงด้านเทคนิค,สุธิดา มั่งคั่ง,Mitigated,2024-08-06,2025-08-03,2023-01-11,2025-07-16 10:24:43
RSK13602,PRJ8749,ความเสี่ยงด้านทรัพยากรในโครงการ,เทคนิค,High,Medium,2,แผนลดความเสี่ยงด้านการเงิน,พรรณี ใสใจ,Mitigated,2024-09-18,2025-07-31,2024-07-06,2025-07-16 10:24:43
RSK28858,PRJ8749,ความเสี่ยงด้านเทคนิคในโครงการ,ทรัพยากร,Low,High,15,แผนลดความเสี่ยงด้านกฎหมาย,ปิยะ เด่น,Transferred,2025-06-08,2025-07-24,2024-07-06,2025-07-16 10:24:43
RSK72676,PRJ8749,ความเสี่ยงด้านความปลอดภัยในโครงการ,สิ่งแวดล้อม,Medium,High,2,แผนลดความเสี่ยงด้านทรัพยากร,ธนากร มีสุข,Active,2025-02-13,2025-08-07,2024-07-06,2025-07-16 10:24:43
RSK38684,PRJ8749,ความเสี่ยงด้านทรัพยากรในโครงการ,คุณภาพ,High,Low,5,แผนลดความเสี่ยงด้านการเงิน,สุธิดา เก่งกาจ,Active,2025-07-10,2025-07-27,2024-07-06,2025-07-16 10:24:43
RSK72480,PRJ8749,ความเสี่ยงด้านการเงินในโครงการ,ความปลอดภัย,Medium,High,1,แผนลดความเสี่ยงด้านเทคนิค,สมศักดิ์ ไว้ใจ,Transferred,2025-05-29,2025-08-12,2024-07-06,2025-07-16 10:24:43
RSK44478,PRJ8749,ความเสี่ยงด้านกฎหมายในโครงการ,ตลาด,Medium,High,23,แผนลดความเสี่ยงด้านคุณภาพ,ชูใจ สุขสม,Transferred,2025-01-07,2025-07-25,2024-07-06,2025-07-16 10:24:43
RSK14406,PRJ4139,ความเสี่ยงด้านตลาดในโครงการ,กฎหมาย,Low,High,3,แผนลดความเสี่ยงด้านตลาด,ธนากร ขันที,Transferred,2024-03-08,2025-07-16,2022-07-10,2025-07-16 10:24:43
RSK83921,PRJ4139,ความเสี่ยงด้านสิ่งแวดล้อมในโครงการ,การเงิน,Low,Critical,21,แผนลดความเสี่ยงด้านคุณภาพ,ธนากร ไว้ใจ,Mitigated,2022-10-23,2025-08-14,2022-07-10,2025-07-16 10:24:43
RSK13150,PRJ4139,ความเสี่ยงด้านเทคนิคในโครงการ,ความปลอดภัย,Medium,Low,10,แผนลดความเสี่ยงด้านการเงิน,อรพิน ประสิทธิ์,Active,2024-10-13,2025-08-05,2022-07-10,2025-07-16 10:24:43
RSK72751,PRJ4139,ความเสี่ยงด้านการเงินในโครงการ,เทคนิค,Medium,High,14,แผนลดความเสี่ยงด้านตลาด,พรรณี ชื่นชม,Closed,2022-08-23,2025-07-17,2022-07-10,2025-07-16 10:24:43
RSK11776,PRJ4139,ความเสี่ยงด้านการเงินในโครงการ,กฎหมาย,Low,Low,10,แผนลดความเสี่ยงด้านทรัพยากร,ชาคริต ใสใจ,Closed,2025-03-15,2025-07-28,2022-07-10,2025-07-16 10:24:43
RSK48756,PRJ4872,ความเสี่ยงด้านคุณภาพในโครงการ,ตลาด,Low,High,14,แผนลดความเสี่ยงด้านการเงิน,พรรณี ประสิทธิ์,Mitigated,2023-08-31,2025-07-28,2021-12-14,2025-07-16 10:24:43
RSK65705,PRJ4872,ความเสี่ยงด้านสิ่งแวดล้อมในโครงการ,ตลาด,Medium,Critical,2,แผนลดความเสี่ยงด้านเทคนิค,มานี ชื่นชม,Active,2024-09-20,2025-08-04,2021-12-14,2025-07-16 10:24:43
RSK53437,PRJ4872,ความเสี่ยงด้านเทคนิคในโครงการ,เทคนิค,High,Low,6,แผนลดความเสี่ยงด้านเทคนิค,กิตติ ใสใจ,Mitigated,2024-03-04,2025-07-17,2021-12-14,2025-07-16 10:24:43
RSK82990,PRJ4872,ความเสี่ยงด้านเทคนิคในโครงการ,ตลาด,High,High,20,แผนลดความเสี่ยงด้านการเงิน,พรรณี สมบูรณ์,Active,2023-12-24,2025-07-16,2021-12-14,2025-07-16 10:24:43
RSK67565,PRJ4872,ความเสี่ยงด้านเทคนิคในโครงการ,คุณภาพ,Medium,Low,21,แผนลดความเสี่ยงด้านทรัพยากร,ชาคริต ทรงธรรม,Transferred,2024-04-03,2025-08-13,2021-12-14,2025-07-16 10:24:43
RSK34732,PRJ4872,ความเสี่ยงด้านเทคนิคในโครงการ,การเงิน,High,Medium,25,แผนลดความเสี่ยงด้านสิ่งแวดล้อม,วิภา ใจดี,Transferred,2024-05-03,2025-07-31,2021-12-14,2025-07-16 10:24:43
RSK31254,PRJ8973,ความเสี่ยงด้านตลาดในโครงการ,กฎหมาย,Medium,Low,14,แผนลดความเสี่ยงด้านกฎหมาย,พรรณี ขยัน,Transferred,2025-03-15,2025-10-31,2024-03-15,2025-07-16 10:24:43
RSK47074,PRJ8973,ความเสี่ยงด้านตลาดในโครงการ,สิ่งแวดล้อม,Medium,High,3,แผนลดความเสี่ยงด้านความปลอดภัย,สุดา ชื่นชม,Active,2024-06-30,2026-02-20,2024-03-15,2025-07-16 10:24:43
RSK41729,PRJ8973,ความเสี่ยงด้านคุณภาพในโครงการ,สิ่งแวดล้อม,Medium,High,25,แผนลดความเสี่ยงด้านคุณภาพ,นงลักษณ์ เก่งกาจ,Transferred,2025-06-03,2026-01-15,2024-03-15,2025-07-16 10:24:43
RSK85326,PRJ1931,ความเสี่ยงด้านเทคนิคในโครงการ,กฎหมาย,Medium,High,1,แผนลดความเสี่ยงด้านการเงิน,สมศักดิ์ เด่น,Transferred,2025-03-19,2025-08-19,2024-10-17,2025-07-16 10:24:43
RSK43432,PRJ1931,ความเสี่ยงด้านทรัพยากรในโครงการ,ความปลอดภัย,High,Medium,21,แผนลดความเสี่ยงด้านกฎหมาย,ชูใจ ชื่นชม,Transferred,2025-05-15,2025-07-17,2024-10-17,2025-07-16 10:24:43
RSK94412,PRJ1931,ความเสี่ยงด้านคุณภาพในโครงการ,ความปลอดภัย,Medium,Critical,22,แผนลดความเสี่ยงด้านคุณภาพ,อรุณ ขยัน,Transferred,2025-02-13,2025-08-13,2024-10-17,2025-07-16 10:24:43
RSK79616,PRJ1931,ความเสี่ยงด้านการเงินในโครงการ,ตลาด,Low,High,5,แผนลดความเสี่ยงด้านตลาด,วิชาญ มั่นใจ,Active,2025-05-09,2025-08-14,2024-10-17,2025-07-16 10:24:43
RSK26071,PRJ1931,ความเสี่ยงด้านทรัพยากรในโครงการ,สิ่งแวดล้อม,High,Critical,10,แผนลดความเสี่ยงด้านคุณภาพ,อรุณ สุกใส,Transferred,2025-04-10,2025-08-29,2024-10-17,2025-07-16 10:24:43
RSK62465,PRJ1931,ความเสี่ยงด้านการเงินในโครงการ,เทคนิค,High,Low,20,แผนลดความเสี่ยงด้านความปลอดภัย,อรพิน เก่งกาจ,Transferred,2025-02-25,2025-07-24,2024-10-17,2025-07-16 10:24:43
RSK54893,PRJ1931,ความเสี่ยงด้านความปลอดภัยในโครงการ,เทคนิค,Medium,Critical,19,แผนลดความเสี่ยงด้านคุณภาพ,สมชาย ชื่นชม,Closed,2025-04-09,2025-08-13,2024-10-17,2025-07-16 10:24:43
RSK51754,PRJ1931,ความเสี่ยงด้านเทคนิคในโครงการ,การเงิน,High,High,21,แผนลดความเสี่ยงด้านทรัพยากร,มานี มั่นใจ,Transferred,2025-04-26,2025-07-18,2024-10-17,2025-07-16 10:24:43
RSK46368,PRJ5272,ความเสี่ยงด้านคุณภาพในโครงการ,คุณภาพ,Medium,Low,9,แผนลดความเสี่ยงด้านการเงิน,อรพิน สุกใส,Transferred,2024-12-20,2025-08-19,2024-09-28,2025-07-16 10:24:43
RSK57866,PRJ5272,ความเสี่ยงด้านการเงินในโครงการ,เทคนิค,Medium,High,10,แผนลดความเสี่ยงด้านกฎหมาย,นงลักษณ์ เด่น,Active,2025-05-18,2025-12-21,2024-09-28,2025-07-16 10:24:43
RSK91656,PRJ5272,ความเสี่ยงด้านตลาดในโครงการ,คุณภาพ,Medium,Medium,12,แผนลดความเสี่ยงด้านทรัพยากร,มานี ทรงธรรม,Closed,2025-02-12,2025-12-03,2024-09-28,2025-07-16 10:24:43
RSK45269,PRJ5272,ความเสี่ยงด้านตลาดในโครงการ,ตลาด,High,High,23,แผนลดความเสี่ยงด้านคุณภาพ,กิตติ ขันที,Mitigated,2025-02-05,2025-10-10,2024-09-28,2025-07-16 10:24:43
RSK45584,PRJ5272,ความเสี่ยงด้านสิ่งแวดล้อมในโครงการ,การเงิน,High,High,1,แผนลดความเสี่ยงด้านตลาด,มานี มั่งคั่ง,Transferred,2025-01-16,2025-11-13,2024-09-28,2025-07-16 10:24:43
RSK71623,PRJ5272,ความเสี่ยงด้านสิ่งแวดล้อมในโครงการ,สิ่งแวดล้อม,Medium,Critical,19,แผนลดความเสี่ยงด้านตลาด,วิไล ประสิทธิ์,Transferred,2024-12-21,2026-01-15,2024-09-28,2025-07-16 10:24:43
RSK82787,PRJ5272,ความเสี่ยงด้านกฎหมายในโครงการ,สิ่งแวดล้อม,High,Critical,13,แผนลดความเสี่ยงด้านการเงิน,วิภา ขันที,Transferred,2025-07-01,2025-12-19,2024-09-28,2025-07-16 10:24:43
RSK93390,PRJ9808,ความเสี่ยงด้านสิ่งแวดล้อมในโครงการ,คุณภาพ,Medium,High,9,แผนลดความเสี่ยงด้านสิ่งแวดล้อม,นงลักษณ์ เด่น,Mitigated,2024-07-31,2025-07-17,2022-06-05,2025-07-16 10:24:43
RSK17422,PRJ9808,ความเสี่ยงด้านคุณภาพในโครงการ,ทรัพยากร,Low,Critical,12,แผนลดความเสี่ยงด้านความปลอดภัย,ปรีดา ทรงธรรม,Transferred,2025-07-04,2025-07-24,2022-06-05,2025-07-16 10:24:43
RSK28293,PRJ9808,ความเสี่ยงด้านกฎหมายในโครงการ,คุณภาพ,Low,Critical,10,แผนลดความเสี่ยงด้านเทคนิค,สมศักดิ์ ใจดี,Transferred,2023-08-23,2025-08-06,2022-06-05,2025-07-16 10:24:43
RSK86276,PRJ5905,ความเสี่ยงด้านตลาดในโครงการ,การเงิน,High,Critical,6,แผนลดความเสี่ยงด้านตลาด,นงลักษณ์ เก่งกาจ,Closed,2024-12-28,2025-07-19,2024-09-26,2025-07-16 10:24:43
RSK60881,PRJ5905,ความเสี่ยงด้านเทคนิคในโครงการ,ตลาด,Medium,Critical,17,แผนลดความเสี่ยงด้านการเงิน,ปรีดา ไว้ใจ,Mitigated,2025-02-10,2025-07-17,2024-09-26,2025-07-16 10:24:43
RSK72685,PRJ5905,ความเสี่ยงด้านการเงินในโครงการ,การเงิน,High,Low,7,แผนลดความเสี่ยงด้านความปลอดภัย,พรรณี มั่นใจ,Active,2025-01-24,2025-07-22,2024-09-26,2025-07-16 10:24:43
RSK72957,PRJ5905,ความเสี่ยงด้านกฎหมายในโครงการ,ความปลอดภัย,Low,Critical,19,แผนลดความเสี่ยงด้านสิ่งแวดล้อม,ชาคริต ไว้ใจ,Closed,2025-01-13,2025-08-02,2024-09-26,2025-07-16 10:24:43
RSK10495,PRJ5905,ความเสี่ยงด้านเทคนิคในโครงการ,ทรัพยากร,High,High,20,แผนลดความเสี่ยงด้านเทคนิค,วิชาญ เก่งกาจ,Closed,2025-04-05,2025-08-13,2024-09-26,2025-07-16 10:24:43
RSK44451,PRJ5905,ความเสี่ยงด้านการเงินในโครงการ,ความปลอดภัย,Low,Low,18,แผนลดความเสี่ยงด้านสิ่งแวดล้อม,ชูใจ สุกใส,Active,2025-02-24,2025-07-29,2024-09-26,2025-07-16 10:24:43
RSK56822,PRJ5905,ความเสี่ยงด้านตลาดในโครงการ,เทคนิค,Low,Medium,1,แผนลดความเสี่ยงด้านความปลอดภัย,วิภา มั่นใจ,Active,2025-03-23,2025-08-04,2024-09-26,2025-07-16 10:24:43
RSK60432,PRJ5905,ความเสี่ยงด้านทรัพยากรในโครงการ,ทรัพยากร,High,High,5,แผนลดความเสี่ยงด้านความปลอดภัย,สมศักดิ์ เด่น,Mitigated,2025-05-10,2025-08-06,2024-09-26,2025-07-16 10:24:43
RSK37237,PRJ5905,ความเสี่ยงด้านคุณภาพในโครงการ,ตลาด,High,High,6,แผนลดความเสี่ยงด้านกฎหมาย,กิตติ สมบูรณ์,Transferred,2025-06-21,2025-07-31,2024-09-26,2025-07-16 10:24:43
RSK50172,PRJ9004,ความเสี่ยงด้านตลาดในโครงการ,การเงิน,High,Medium,1,แผนลดความเสี่ยงด้านสิ่งแวดล้อม,สุธิดา ทรงธรรม,Mitigated,2025-05-25,2025-08-10,2023-04-11,2025-07-16 10:24:43
RSK20396,PRJ9004,ความเสี่ยงด้านคุณภาพในโครงการ,ความปลอดภัย,Low,Critical,6,แผนลดความเสี่ยงด้านตลาด,สมหญิง แสงทอง,Closed,2024-01-13,2025-07-21,2023-04-11,2025-07-16 10:24:43
RSK65642,PRJ9004,ความเสี่ยงด้านคุณภาพในโครงการ,สิ่งแวดล้อม,Medium,High,22,แผนลดความเสี่ยงด้านความปลอดภัย,สุธิดา มีสุข,Transferred,2025-01-16,2025-08-07,2023-04-11,2025-07-16 10:24:43
RSK70472,PRJ9004,ความเสี่ยงด้านคุณภาพในโครงการ,ความปลอดภัย,High,High,20,แผนลดความเสี่ยงด้านเทคนิค,สุดา ชื่นชม,Transferred,2024-09-20,2025-07-21,2023-04-11,2025-07-16 10:24:43
RSK76378,PRJ9004,ความเสี่ยงด้านคุณภาพในโครงการ,คุณภาพ,Medium,Critical,18,แผนลดความเสี่ยงด้านทรัพยากร,นงลักษณ์ สุขสม,Active,2024-04-21,2025-07-16,2023-04-11,2025-07-16 10:24:43
RSK68079,PRJ9004,ความเสี่ยงด้านทรัพยากรในโครงการ,สิ่งแวดล้อม,High,Critical,20,แผนลดความเสี่ยงด้านทรัพยากร,ธนากร เก่งกาจ,Closed,2023-10-05,2025-08-08,2023-04-11,2025-07-16 10:24:43
RSK73711,PRJ1158,ความเสี่ยงด้านความปลอดภัยในโครงการ,เทคนิค,High,Low,5,แผนลดความเสี่ยงด้านการเงิน,พรรณี มั่งคั่ง,Closed,2024-07-03,2026-01-12,2024-02-28,2025-07-16 10:24:43
RSK11042,PRJ1158,ความเสี่ยงด้านคุณภาพในโครงการ,เทคนิค,High,Low,5,แผนลดความเสี่ยงด้านกฎหมาย,วิภา สมบูรณ์,Transferred,2024-06-22,2026-03-10,2024-02-28,2025-07-16 10:24:43
RSK33597,PRJ1158,ความเสี่ยงด้านทรัพยากรในโครงการ,ตลาด,Medium,Low,10,แผนลดความเสี่ยงด้านทรัพยากร,วิภา ใสใจ,Closed,2024-06-09,2025-08-05,2024-02-28,2025-07-16 10:24:43
RSK86341,PRJ1158,ความเสี่ยงด้านความปลอดภัยในโครงการ,ตลาด,Low,Low,22,แผนลดความเสี่ยงด้านเทคนิค,สมชาย ใจดี,Closed,2025-02-10,2025-10-01,2024-02-28,2025-07-16 10:24:43
RSK58415,PRJ1158,ความเสี่ยงด้านทรัพยากรในโครงการ,คุณภาพ,Low,Low,8,แผนลดความเสี่ยงด้านคุณภาพ,สมหญิง เจริญ,Active,2025-04-30,2026-01-09,2024-02-28,2025-07-16 10:24:43
RSK70446,PRJ1158,ความเสี่ยงด้านกฎหมายในโครงการ,ความปลอดภัย,Low,Critical,12,แผนลดความเสี่ยงด้านทรัพยากร,สมชาย ทรงธรรม,Mitigated,2024-05-28,2025-09-01,2024-02-28,2025-07-16 10:24:43
RSK23586,PRJ1158,ความเสี่ยงด้านคุณภาพในโครงการ,ความปลอดภัย,Medium,Medium,8,แผนลดความเสี่ยงด้านคุณภาพ,สมหญิง สุขสม,Active,2024-07-14,2026-01-01,2024-02-28,2025-07-16 10:24:43
RSK47935,PRJ1158,ความเสี่ยงด้านสิ่งแวดล้อมในโครงการ,ทรัพยากร,Low,Low,18,แผนลดความเสี่ยงด้านสิ่งแวดล้อม,สุดา ขยัน,Active,2024-05-25,2025-10-30,2024-02-28,2025-07-16 10:24:43
RSK37356,PRJ4441,ความเสี่ยงด้านทรัพยากรในโครงการ,ตลาด,Medium,Critical,13,แผนลดความเสี่ยงด้านการเงิน,สุดา แสงทอง,Active,2023-09-28,2025-07-23,2022-02-10,2025-07-16 10:24:43
RSK54746,PRJ4441,ความเสี่ยงด้านการเงินในโครงการ,กฎหมาย,Medium,Low,3,แผนลดความเสี่ยงด้านการเงิน,สมหญิง เด่น,Closed,2022-07-08,2025-07-18,2022-02-10,2025-07-16 10:24:43
RSK51396,PRJ4441,ความเสี่ยงด้านความปลอดภัยในโครงการ,เทคนิค,High,Low,19,แผนลดความเสี่ยงด้านตลาด,นงลักษณ์ ขันที,Active,2023-01-26,2025-07-31,2022-02-10,2025-07-16 10:24:43
RSK63245,PRJ4441,ความเสี่ยงด้านความปลอดภัยในโครงการ,กฎหมาย,Medium,Critical,20,แผนลดความเสี่ยงด้านทรัพยากร,อรุณ เจริญ,Closed,2023-08-30,2025-08-14,2022-02-10,2025-07-16 10:24:43
RSK59286,PRJ5065,ความเสี่ยงด้านสิ่งแวดล้อมในโครงการ,ตลาด,Medium,High,1,แผนลดความเสี่ยงด้านกฎหมาย,สุดา เก่งกาจ,Closed,2024-12-26,2025-08-12,2023-09-01,2025-07-16 10:24:43
RSK44201,PRJ5065,ความเสี่ยงด้านการเงินในโครงการ,ทรัพยากร,High,High,22,แผนลดความเสี่ยงด้านทรัพยากร,วิชาญ ทรงธรรม,Closed,2024-08-02,2025-08-13,2023-09-01,2025-07-16 10:24:43
RSK23879,PRJ5065,ความเสี่ยงด้านสิ่งแวดล้อมในโครงการ,คุณภาพ,Medium,Low,4,แผนลดความเสี่ยงด้านกฎหมาย,ชูใจ ประสิทธิ์,Active,2024-12-07,2025-07-17,2023-09-01,2025-07-16 10:24:43
RSK58377,PRJ5065,ความเสี่ยงด้านการเงินในโครงการ,เทคนิค,High,Critical,22,แผนลดความเสี่ยงด้านตลาด,อรพิน ทรงธรรม,Active,2025-06-04,2025-07-21,2023-09-01,2025-07-16 10:24:43
RSK62624,PRJ5065,ความเสี่ยงด้านคุณภาพในโครงการ,ทรัพยากร,Medium,Low,9,แผนลดความเสี่ยงด้านกฎหมาย,พรรณี สุขสม,Closed,2024-08-23,2025-08-08,2023-09-01,2025-07-16 10:24:43
RSK28009,PRJ5065,ความเสี่ยงด้านกฎหมายในโครงการ,สิ่งแวดล้อม,High,Critical,16,แผนลดความเสี่ยงด้านการเงิน,วิไล ประสิทธิ์,Active,2024-10-31,2025-08-12,2023-09-01,2025-07-16 10:24:43
RSK15718,PRJ5065,ความเสี่ยงด้านเทคนิคในโครงการ,ตลาด,Low,Medium,15,แผนลดความเสี่ยงด้านทรัพยากร,สุดา ขันที,Closed,2025-02-08,2025-07-17,2023-09-01,2025-07-16 10:24:43
RSK48445,PRJ5065,ความเสี่ยงด้านสิ่งแวดล้อมในโครงการ,กฎหมาย,Low,Critical,24,แผนลดความเสี่ยงด้านเทคนิค,พรรณี มีสุข,Active,2025-02-09,2025-07-28,2023-09-01,2025-07-16 10:24:43
RSK67558,PRJ6378,ความเสี่ยงด้านการเงินในโครงการ,การเงิน,Medium,Low,9,แผนลดความเสี่ยงด้านความปลอดภัย,อรุณ ใสใจ,Transferred,2023-07-07,2025-08-06,2022-12-30,2025-07-16 10:24:43
RSK39573,PRJ6378,ความเสี่ยงด้านคุณภาพในโครงการ,ทรัพยากร,Medium,Low,22,แผนลดความเสี่ยงด้านการเงิน,ธนากร ขยัน,Active,2025-07-05,2025-07-30,2022-12-30,2025-07-16 10:24:43
RSK20949,PRJ6378,ความเสี่ยงด้านตลาดในโครงการ,การเงิน,Low,Critical,14,แผนลดความเสี่ยงด้านการเงิน,นิรัชต์ สุกใส,Closed,2025-03-16,2025-07-19,2022-12-30,2025-07-16 10:24:43
RSK80370,PRJ6378,ความเสี่ยงด้านการเงินในโครงการ,การเงิน,Medium,Critical,18,แผนลดความเสี่ยงด้านกฎหมาย,สุดา ชื่นชม,Closed,2024-02-11,2025-07-27,2022-12-30,2025-07-16 10:24:43
RSK67252,PRJ8119,ความเสี่ยงด้านเทคนิคในโครงการ,ทรัพยากร,Medium,Critical,2,แผนลดความเสี่ยงด้านทรัพยากร,อรุณ ทรงธรรม,Mitigated,2023-02-16,2025-08-04,2022-06-09,2025-07-16 10:24:43
RSK30882,PRJ8119,ความเสี่ยงด้านสิ่งแวดล้อมในโครงการ,ความปลอดภัย,Medium,Low,9,แผนลดความเสี่ยงด้านความปลอดภัย,สมชาย มั่นใจ,Mitigated,2023-03-25,2025-07-27,2022-06-09,2025-07-16 10:24:43
RSK30767,PRJ8119,ความเสี่ยงด้านคุณภาพในโครงการ,สิ่งแวดล้อม,High,High,20,แผนลดความเสี่ยงด้านคุณภาพ,ชูใจ สมบูรณ์,Mitigated,2024-12-23,2025-08-11,2022-06-09,2025-07-16 10:24:43
RSK70799,PRJ8119,ความเสี่ยงด้านกฎหมายในโครงการ,การเงิน,High,Low,6,แผนลดความเสี่ยงด้านการเงิน,อรพิน มั่นใจ,Closed,2024-03-19,2025-08-07,2022-06-09,2025-07-16 10:24:43
RSK70990,PRJ8119,ความเสี่ยงด้านทรัพยากรในโครงการ,การเงิน,Low,Medium,22,แผนลดความเสี่ยงด้านสิ่งแวดล้อม,ธนากร รักงาน,Mitigated,2022-12-13,2025-08-02,2022-06-09,2025-07-16 10:24:43
RSK38334,PRJ8119,ความเสี่ยงด้านทรัพยากรในโครงการ,เทคนิค,High,Low,18,แผนลดความเสี่ยงด้านการเงิน,ปิยะ ใสใจ,Transferred,2022-10-28,2025-08-10,2022-06-09,2025-07-16 10:24:43
RSK19157,PRJ8119,ความเสี่ยงด้านทรัพยากรในโครงการ,สิ่งแวดล้อม,High,Low,24,แผนลดความเสี่ยงด้านทรัพยากร,วิภา สุกใส,Active,2023-11-17,2025-08-13,2022-06-09,2025-07-16 10:24:43
RSK58714,PRJ8119,ความเสี่ยงด้านตลาดในโครงการ,ตลาด,High,Low,11,แผนลดความเสี่ยงด้านเทคนิค,กิตติ สุกใส,Transferred,2023-01-15,2025-07-29,2022-06-09,2025-07-16 10:24:43
RSK64178,PRJ8119,ความเสี่ยงด้านสิ่งแวดล้อมในโครงการ,ทรัพยากร,Medium,Critical,24,แผนลดความเสี่ยงด้านความปลอดภัย,กิตติ เจริญ,Mitigated,2024-08-16,2025-07-23,2022-06-09,2025-07-16 10:24:43
RSK59245,PRJ8119,ความเสี่ยงด้านคุณภาพในโครงการ,ความปลอดภัย,Low,Low,20,แผนลดความเสี่ยงด้านสิ่งแวดล้อม,สุดา แสงทอง,Closed,2024-08-16,2025-07-17,2022-06-09,2025-07-16 10:24:43
RSK60752,PRJ8066,ความเสี่ยงด้านกฎหมายในโครงการ,การเงิน,High,Critical,18,แผนลดความเสี่ยงด้านคุณภาพ,มานี ประสิทธิ์,Transferred,2023-05-18,2025-08-11,2022-12-22,2025-07-16 10:24:43
RSK80230,PRJ8066,ความเสี่ยงด้านความปลอดภัยในโครงการ,กฎหมาย,Low,Low,2,แผนลดความเสี่ยงด้านการเงิน,อรุณ รักงาน,Closed,2024-08-13,2025-07-25,2022-12-22,2025-07-16 10:24:43
RSK77538,PRJ8066,ความเสี่ยงด้านกฎหมายในโครงการ,ความปลอดภัย,High,Medium,1,แผนลดความเสี่ยงด้านการเงิน,ชาคริต ขันที,Active,2023-09-26,2025-08-07,2022-12-22,2025-07-16 10:24:43
RSK95210,PRJ7888,ความเสี่ยงด้านทรัพยากรในโครงการ,การเงิน,High,Critical,2,แผนลดความเสี่ยงด้านทรัพยากร,ชาคริต มั่นใจ,Mitigated,2025-05-08,2025-07-27,2022-07-12,2025-07-16 10:24:43
RSK91765,PRJ7888,ความเสี่ยงด้านการเงินในโครงการ,กฎหมาย,Medium,Critical,20,แผนลดความเสี่ยงด้านการเงิน,ธนากร ประสิทธิ์,Mitigated,2023-01-14,2025-07-24,2022-07-12,2025-07-16 10:24:43
RSK71589,PRJ7888,ความเสี่ยงด้านการเงินในโครงการ,สิ่งแวดล้อม,Medium,Low,6,แผนลดความเสี่ยงด้านคุณภาพ,อรุณ ขยัน,Closed,2023-05-08,2025-07-22,2022-07-12,2025-07-16 10:24:43
RSK10574,PRJ7888,ความเสี่ยงด้านการเงินในโครงการ,ตลาด,High,Low,4,แผนลดความเสี่ยงด้านตลาด,ปรีดา แสงทอง,Closed,2025-06-01,2025-07-22,2022-07-12,2025-07-16 10:24:43
RSK81056,PRJ7888,ความเสี่ยงด้านการเงินในโครงการ,กฎหมาย,Low,Critical,10,แผนลดความเสี่ยงด้านการเงิน,กิตติ เก่งกาจ,Mitigated,2025-07-10,2025-07-26,2022-07-12,2025-07-16 10:24:43
RSK10349,PRJ7888,ความเสี่ยงด้านคุณภาพในโครงการ,สิ่งแวดล้อม,Medium,High,8,แผนลดความเสี่ยงด้านสิ่งแวดล้อม,สมชาย ใสใจ,Mitigated,2024-09-25,2025-07-18,2022-07-12,2025-07-16 10:24:43
RSK51890,PRJ7888,ความเสี่ยงด้านตลาดในโครงการ,การเงิน,Low,Medium,11,แผนลดความเสี่ยงด้านสิ่งแวดล้อม,ชาคริต สุกใส,Active,2023-03-25,2025-08-10,2022-07-12,2025-07-16 10:24:43
RSK67372,PRJ7888,ความเสี่ยงด้านคุณภาพในโครงการ,ตลาด,Low,High,4,แผนลดความเสี่ยงด้านความปลอดภัย,นงลักษณ์ ใจดี,Closed,2023-03-16,2025-08-01,2022-07-12,2025-07-16 10:24:43
RSK57036,PRJ8238,ความเสี่ยงด้านเทคนิคในโครงการ,กฎหมาย,Low,Medium,1,แผนลดความเสี่ยงด้านการเงิน,ปรีดา ขยัน,Active,2024-07-29,2025-08-08,2023-08-02,2025-07-16 10:24:43
RSK58979,PRJ8238,ความเสี่ยงด้านเทคนิคในโครงการ,ตลาด,Medium,Medium,7,แผนลดความเสี่ยงด้านสิ่งแวดล้อม,ปรีดา ขันที,Mitigated,2024-11-16,2025-08-02,2023-08-02,2025-07-16 10:24:43
RSK84939,PRJ8238,ความเสี่ยงด้านกฎหมายในโครงการ,คุณภาพ,Low,Critical,20,แผนลดความเสี่ยงด้านความปลอดภัย,สมหญิง มั่นใจ,Mitigated,2024-11-03,2025-07-21,2023-08-02,2025-07-16 10:24:43
RSK89001,PRJ1400,ความเสี่ยงด้านการเงินในโครงการ,ทรัพยากร,Low,High,14,แผนลดความเสี่ยงด้านความปลอดภัย,อรุณ เจริญ,Transferred,2023-05-05,2025-07-20,2023-01-04,2025-07-16 10:24:43
RSK49540,PRJ1400,ความเสี่ยงด้านเทคนิคในโครงการ,ความปลอดภัย,Medium,Medium,20,แผนลดความเสี่ยงด้านกฎหมาย,นงลักษณ์ สุขสม,Mitigated,2024-12-03,2025-07-26,2023-01-04,2025-07-16 10:24:43
RSK80150,PRJ1400,ความเสี่ยงด้านเทคนิคในโครงการ,ความปลอดภัย,Medium,Critical,19,แผนลดความเสี่ยงด้านกฎหมาย,มานี ขันที,Closed,2023-09-12,2025-07-29,2023-01-04,2025-07-16 10:24:43
RSK55867,PRJ1400,ความเสี่ยงด้านความปลอดภัยในโครงการ,เทคนิค,High,High,24,แผนลดความเสี่ยงด้านตลาด,นงลักษณ์ ขยัน,Closed,2024-04-17,2025-08-02,2023-01-04,2025-07-16 10:24:43
RSK25380,PRJ1400,ความเสี่ยงด้านตลาดในโครงการ,การเงิน,High,High,4,แผนลดความเสี่ยงด้านกฎหมาย,กิตติ สมบูรณ์,Active,2024-08-11,2025-07-30,2023-01-04,2025-07-16 10:24:43
RSK90919,PRJ1400,ความเสี่ยงด้านคุณภาพในโครงการ,ทรัพยากร,Low,Medium,22,แผนลดความเสี่ยงด้านการเงิน,ปิยะ ชาญยุทธ,Active,2023-11-26,2025-07-20,2023-01-04,2025-07-16 10:24:43
RSK41545,PRJ7965,ความเสี่ยงด้านความปลอดภัยในโครงการ,ความปลอดภัย,Low,Critical,1,แผนลดความเสี่ยงด้านสิ่งแวดล้อม,ธนากร มั่งคั่ง,Mitigated,2024-10-23,2025-07-16,2021-11-23,2025-07-16 10:24:43
RSK43882,PRJ7965,ความเสี่ยงด้านการเงินในโครงการ,การเงิน,Medium,Medium,25,แผนลดความเสี่ยงด้านทรัพยากร,กิตติ ขันที,Closed,2024-08-26,2025-07-17,2021-11-23,2025-07-16 10:24:43
RSK75489,PRJ7965,ความเสี่ยงด้านสิ่งแวดล้อมในโครงการ,ทรัพยากร,Low,Medium,15,แผนลดความเสี่ยงด้านตลาด,ปรีดา ชื่นชม,Transferred,2024-06-03,2025-07-22,2021-11-23,2025-07-16 10:24:43
RSK64175,PRJ7965,ความเสี่ยงด้านการเงินในโครงการ,ตลาด,Low,Critical,7,แผนลดความเสี่ยงด้านการเงิน,ชูใจ ชื่นชม,Mitigated,2023-02-28,2025-07-22,2021-11-23,2025-07-16 10:24:43
RSK15657,PRJ7965,ความเสี่ยงด้านคุณภาพในโครงการ,การเงิน,Low,Medium,10,แผนลดความเสี่ยงด้านคุณภาพ,ปรีดา เจริญ,Transferred,2024-01-23,2025-07-19,2021-11-23,2025-07-16 10:24:43
RSK78634,PRJ7965,ความเสี่ยงด้านทรัพยากรในโครงการ,สิ่งแวดล้อม,Low,Low,19,แผนลดความเสี่ยงด้านทรัพยากร,มานี รักงาน,Transferred,2024-12-27,2025-08-14,2021-11-23,2025-07-16 10:24:43
RSK76255,PRJ9270,ความเสี่ยงด้านเทคนิคในโครงการ,ทรัพยากร,High,Critical,1,แผนลดความเสี่ยงด้านการเงิน,กิตติ รักงาน,Active,2024-09-14,2026-03-22,2024-05-11,2025-07-16 10:24:43
RSK87069,PRJ9270,ความเสี่ยงด้านการเงินในโครงการ,กฎหมาย,High,Medium,12,แผนลดความเสี่ยงด้านสิ่งแวดล้อม,ชูใจ ขยัน,Transferred,2024-12-07,2026-03-30,2024-05-11,2025-07-16 10:24:43
RSK13045,PRJ9270,ความเสี่ยงด้านทรัพยากรในโครงการ,เทคนิค,High,Critical,20,แผนลดความเสี่ยงด้านสิ่งแวดล้อม,สุดา เด่น,Active,2025-05-31,2026-05-24,2024-05-11,2025-07-16 10:24:43
RSK89907,PRJ9270,ความเสี่ยงด้านคุณภาพในโครงการ,คุณภาพ,Low,Medium,4,แผนลดความเสี่ยงด้านการเงิน,ชูใจ เจริญ,Mitigated,2024-11-07,2026-04-28,2024-05-11,2025-07-16 10:24:43
RSK10574,PRJ9270,ความเสี่ยงด้านตลาดในโครงการ,กฎหมาย,Medium,Critical,18,แผนลดความเสี่ยงด้านการเงิน,ชาคริต ประสิทธิ์,Mitigated,2024-10-01,2025-11-23,2024-05-11,2025-07-16 10:24:43
RSK51722,PRJ2269,ความเสี่ยงด้านทรัพยากรในโครงการ,คุณภาพ,High,Medium,13,แผนลดความเสี่ยงด้านการเงิน,สุดา ใจดี,Mitigated,2023-09-26,2025-08-06,2023-06-13,2025-07-16 10:24:43
RSK76106,PRJ2269,ความเสี่ยงด้านการเงินในโครงการ,ทรัพยากร,High,Critical,24,แผนลดความเสี่ยงด้านทรัพยากร,พรรณี เจริญ,Closed,2025-05-02,2025-08-04,2023-06-13,2025-07-16 10:24:43
RSK85754,PRJ2269,ความเสี่ยงด้านคุณภาพในโครงการ,กฎหมาย,Low,Low,17,แผนลดความเสี่ยงด้านคุณภาพ,ชูใจ มั่งคั่ง,Mitigated,2024-10-14,2025-08-01,2023-06-13,2025-07-16 10:24:43
RSK32672,PRJ2269,ความเสี่ยงด้านตลาดในโครงการ,ความปลอดภัย,Medium,Low,5,แผนลดความเสี่ยงด้านทรัพยากร,วิไล ชื่นชม,Transferred,2023-08-09,2025-07-25,2023-06-13,2025-07-16 10:24:43
RSK20524,PRJ2269,ความเสี่ยงด้านตลาดในโครงการ,ตลาด,Medium,Low,8,แผนลดความเสี่ยงด้านคุณภาพ,มานี สุขสม,Closed,2024-01-04,2025-07-19,2023-06-13,2025-07-16 10:24:43
RSK72655,PRJ2269,ความเสี่ยงด้านตลาดในโครงการ,ทรัพยากร,Low,High,16,แผนลดความเสี่ยงด้านกฎหมาย,ชาคริต สมบูรณ์,Mitigated,2023-11-07,2025-07-31,2023-06-13,2025-07-16 10:24:43
RSK81384,PRJ2269,ความเสี่ยงด้านสิ่งแวดล้อมในโครงการ,คุณภาพ,Low,Low,12,แผนลดความเสี่ยงด้านคุณภาพ,อรุณ ขันที,Mitigated,2023-08-18,2025-08-01,2023-06-13,2025-07-16 10:24:43
RSK50489,PRJ2269,ความเสี่ยงด้านการเงินในโครงการ,คุณภาพ,High,High,23,แผนลดความเสี่ยงด้านทรัพยากร,ชาคริต มั่งคั่ง,Active,2024-06-21,2025-07-30,2023-06-13,2025-07-16 10:24:43
RSK68854,PRJ2269,ความเสี่ยงด้านกฎหมายในโครงการ,ทรัพยากร,Medium,Medium,4,แผนลดความเสี่ยงด้านคุณภาพ,วิไล แสงทอง,Transferred,2024-07-02,2025-08-05,2023-06-13,2025-07-16 10:24:43
RSK51431,PRJ6421,ความเสี่ยงด้านตลาดในโครงการ,กฎหมาย,Low,High,11,แผนลดความเสี่ยงด้านทรัพยากร,กิตติ สุกใส,Mitigated,2025-03-07,2025-07-27,2024-02-11,2025-07-16 10:24:43
RSK85045,PRJ6421,ความเสี่ยงด้านการเงินในโครงการ,คุณภาพ,Low,Medium,23,แผนลดความเสี่ยงด้านทรัพยากร,ปรีดา ไว้ใจ,Closed,2024-05-21,2025-08-12,2024-02-11,2025-07-16 10:24:43
RSK97321,PRJ6421,ความเสี่ยงด้านการเงินในโครงการ,เทคนิค,Medium,High,4,แผนลดความเสี่ยงด้านความปลอดภัย,วิไล เก่งกาจ,Transferred,2025-05-01,2025-09-13,2024-02-11,2025-07-16 10:24:43
RSK40590,PRJ6421,ความเสี่ยงด้านทรัพยากรในโครงการ,ความปลอดภัย,Low,Medium,7,แผนลดความเสี่ยงด้านทรัพยากร,ปิยะ มีสุข,Closed,2025-03-26,2025-09-10,2024-02-11,2025-07-16 10:24:43
RSK43146,PRJ6421,ความเสี่ยงด้านทรัพยากรในโครงการ,ทรัพยากร,Low,Critical,14,แผนลดความเสี่ยงด้านเทคนิค,สมหญิง สมบูรณ์,Closed,2024-11-20,2025-08-08,2024-02-11,2025-07-16 10:24:43
RSK45217,PRJ9818,ความเสี่ยงด้านการเงินในโครงการ,กฎหมาย,Low,Critical,21,แผนลดความเสี่ยงด้านเทคนิค,พรรณี มั่นใจ,Mitigated,2024-10-05,2025-07-20,2023-12-31,2025-07-16 10:24:43
RSK73050,PRJ9818,ความเสี่ยงด้านความปลอดภัยในโครงการ,ตลาด,Low,Critical,2,แผนลดความเสี่ยงด้านการเงิน,นิรัชต์ มีสุข,Transferred,2024-10-06,2025-08-12,2023-12-31,2025-07-16 10:24:43
RSK47403,PRJ9818,ความเสี่ยงด้านทรัพยากรในโครงการ,การเงิน,High,Critical,3,แผนลดความเสี่ยงด้านกฎหมาย,นงลักษณ์ เจริญ,Active,2024-03-12,2025-07-17,2023-12-31,2025-07-16 10:24:43
RSK88288,PRJ9818,ความเสี่ยงด้านเทคนิคในโครงการ,ทรัพยากร,Medium,High,22,แผนลดความเสี่ยงด้านตลาด,พรรณี แสงทอง,Closed,2025-06-30,2025-08-08,2023-12-31,2025-07-16 10:24:43
RSK42586,PRJ9818,ความเสี่ยงด้านการเงินในโครงการ,การเงิน,Low,Critical,17,แผนลดความเสี่ยงด้านกฎหมาย,กิตติ มีสุข,Transferred,2025-03-16,2025-07-25,2023-12-31,2025-07-16 10:24:43
RSK95303,PRJ9818,ความเสี่ยงด้านสิ่งแวดล้อมในโครงการ,การเงิน,High,High,6,แผนลดความเสี่ยงด้านสิ่งแวดล้อม,ธนากร ประสิทธิ์,Transferred,2025-02-23,2025-08-14,2023-12-31,2025-07-16 10:24:43
RSK35887,PRJ9818,ความเสี่ยงด้านการเงินในโครงการ,คุณภาพ,Low,Medium,4,แผนลดความเสี่ยงด้านทรัพยากร,กิตติ ใสใจ,Transferred,2024-12-25,2025-08-13,2023-12-31,2025-07-16 10:24:43
RSK23892,PRJ9818,ความเสี่ยงด้านการเงินในโครงการ,คุณภาพ,Low,Critical,25,แผนลดความเสี่ยงด้านเทคนิค,วิชาญ ทรงธรรม,Active,2024-06-26,2025-08-06,2023-12-31,2025-07-16 10:24:43
RSK43138,PRJ9818,ความเสี่ยงด้านการเงินในโครงการ,สิ่งแวดล้อม,Medium,Low,1,แผนลดความเสี่ยงด้านทรัพยากร,ชาคริต เก่งกาจ,Mitigated,2024-10-29,2025-07-29,2023-12-31,2025-07-16 10:24:43
RSK43716,PRJ9818,ความเสี่ยงด้านความปลอดภัยในโครงการ,กฎหมาย,High,High,25,แผนลดความเสี่ยงด้านทรัพยากร,ธนากร มีสุข,Transferred,2025-02-16,2025-08-06,2023-12-31,2025-07-16 10:24:43
RSK17978,PRJ7455,ความเสี่ยงด้านตลาดในโครงการ,ความปลอดภัย,Medium,Critical,16,แผนลดความเสี่ยงด้านกฎหมาย,นิรัชต์ สุขสม,Transferred,2025-01-01,2025-07-21,2024-11-08,2025-07-16 10:24:43
RSK76629,PRJ7455,ความเสี่ยงด้านตลาดในโครงการ,ตลาด,Low,Critical,11,แผนลดความเสี่ยงด้านตลาด,นงลักษณ์ ประสิทธิ์,Transferred,2025-03-20,2025-08-03,2024-11-08,2025-07-16 10:24:43
RSK34549,PRJ7455,ความเสี่ยงด้านการเงินในโครงการ,กฎหมาย,High,Low,22,แผนลดความเสี่ยงด้านตลาด,ธนากร เก่งกาจ,Mitigated,2025-07-12,2025-07-23,2024-11-08,2025-07-16 10:24:43
RSK16518,PRJ7455,ความเสี่ยงด้านเทคนิคในโครงการ,ทรัพยากร,Medium,Medium,1,แผนลดความเสี่ยงด้านความปลอดภัย,ปิยะ ไว้ใจ,Transferred,2025-04-25,2025-08-07,2024-11-08,2025-07-16 10:24:43
RSK46601,PRJ7455,ความเสี่ยงด้านกฎหมายในโครงการ,กฎหมาย,Low,Medium,25,แผนลดความเสี่ยงด้านสิ่งแวดล้อม,สมศักดิ์ เด่น,Closed,2025-06-20,2025-07-30,2024-11-08,2025-07-16 10:24:43
RSK78852,PRJ7455,ความเสี่ยงด้านทรัพยากรในโครงการ,คุณภาพ,High,High,23,แผนลดความเสี่ยงด้านการเงิน,พรรณี ทรงธรรม,Transferred,2025-01-31,2025-07-24,2024-11-08,2025-07-16 10:24:43
RSK93399,PRJ7455,ความเสี่ยงด้านทรัพยากรในโครงการ,กฎหมาย,High,Critical,5,แผนลดความเสี่ยงด้านความปลอดภัย,พรรณี ใจดี,Active,2025-04-12,2025-07-30,2024-11-08,2025-07-16 10:24:43
RSK92289,PRJ7455,ความเสี่ยงด้านเทคนิคในโครงการ,การเงิน,Low,Critical,18,แผนลดความเสี่ยงด้านกฎหมาย,พรรณี เก่งกาจ,Mitigated,2025-05-26,2025-08-03,2024-11-08,2025-07-16 10:24:43
RSK18654,PRJ7906,ความเสี่ยงด้านทรัพยากรในโครงการ,กฎหมาย,Low,Low,5,แผนลดความเสี่ยงด้านสิ่งแวดล้อม,อรุณ ใสใจ,Closed,2025-06-11,2025-08-09,2023-12-09,2025-07-16 10:24:43
RSK16594,PRJ7906,ความเสี่ยงด้านสิ่งแวดล้อมในโครงการ,กฎหมาย,High,Low,1,แผนลดความเสี่ยงด้านตลาด,อรพิน ทรงธรรม,Active,2025-02-20,2025-08-09,2023-12-09,2025-07-16 10:24:43
RSK79309,PRJ7906,ความเสี่ยงด้านกฎหมายในโครงการ,ความปลอดภัย,Medium,High,13,แผนลดความเสี่ยงด้านตลาด,วิชาญ มีสุข,Mitigated,2024-12-05,2025-07-22,2023-12-09,2025-07-16 10:24:43
RSK44765,PRJ7906,ความเสี่ยงด้านกฎหมายในโครงการ,การเงิน,High,Critical,23,แผนลดความเสี่ยงด้านการเงิน,วิไล มั่งคั่ง,Transferred,2024-09-24,2025-07-18,2023-12-09,2025-07-16 10:24:43
RSK41370,PRJ7906,ความเสี่ยงด้านตลาดในโครงการ,กฎหมาย,Low,High,15,แผนลดความเสี่ยงด้านกฎหมาย,ธนากร ไว้ใจ,Active,2025-06-13,2025-07-22,2023-12-09,2025-07-16 10:24:43
RSK26188,PRJ7906,ความเสี่ยงด้านสิ่งแวดล้อมในโครงการ,สิ่งแวดล้อม,Low,Low,3,แผนลดความเสี่ยงด้านสิ่งแวดล้อม,กิตติ เด่น,Mitigated,2024-05-22,2025-08-06,2023-12-09,2025-07-16 10:24:43
RSK51856,PRJ3068,ความเสี่ยงด้านกฎหมายในโครงการ,กฎหมาย,Medium,Medium,25,แผนลดความเสี่ยงด้านคุณภาพ,สุธิดา เจริญ,Transferred,2023-01-07,2025-07-27,2022-08-26,2025-07-16 10:24:43
RSK13704,PRJ3068,ความเสี่ยงด้านคุณภาพในโครงการ,การเงิน,High,High,21,แผนลดความเสี่ยงด้านการเงิน,กิตติ มีสุข,Transferred,2024-09-23,2025-07-22,2022-08-26,2025-07-16 10:24:43
RSK34314,PRJ3068,ความเสี่ยงด้านคุณภาพในโครงการ,ทรัพยากร,Low,High,23,แผนลดความเสี่ยงด้านความปลอดภัย,ปิยะ ขันที,Closed,2024-02-15,2025-07-20,2022-08-26,2025-07-16 10:24:43
RSK10434,PRJ3068,ความเสี่ยงด้านคุณภาพในโครงการ,การเงิน,Medium,Critical,2,แผนลดความเสี่ยงด้านคุณภาพ,วิไล ไว้ใจ,Mitigated,2024-02-03,2025-08-04,2022-08-26,2025-07-16 10:24:43
RSK74832,PRJ6096,ความเสี่ยงด้านตลาดในโครงการ,สิ่งแวดล้อม,High,Medium,20,แผนลดความเสี่ยงด้านทรัพยากร,มานี รักงาน,Active,2024-04-29,2025-07-27,2022-06-05,2025-07-16 10:24:43
RSK46321,PRJ6096,ความเสี่ยงด้านกฎหมายในโครงการ,เทคนิค,High,Medium,17,แผนลดความเสี่ยงด้านตลาด,สุธิดา มั่นใจ,Mitigated,2023-07-28,2025-07-28,2022-06-05,2025-07-16 10:24:43
RSK29242,PRJ6096,ความเสี่ยงด้านการเงินในโครงการ,เทคนิค,Medium,High,4,แผนลดความเสี่ยงด้านตลาด,นงลักษณ์ มั่นใจ,Closed,2023-07-28,2025-07-31,2022-06-05,2025-07-16 10:24:43
RSK47232,PRJ6096,ความเสี่ยงด้านคุณภาพในโครงการ,คุณภาพ,Low,High,21,แผนลดความเสี่ยงด้านตลาด,วิภา ชาญยุทธ,Mitigated,2023-01-14,2025-08-05,2022-06-05,2025-07-16 10:24:43
RSK68454,PRJ6096,ความเสี่ยงด้านความปลอดภัยในโครงการ,เทคนิค,High,Medium,21,แผนลดความเสี่ยงด้านกฎหมาย,ปรีดา แสงทอง,Transferred,2022-12-31,2025-08-04,2022-06-05,2025-07-16 10:24:43
RSK65446,PRJ6096,ความเสี่ยงด้านเทคนิคในโครงการ,คุณภาพ,Medium,High,21,แผนลดความเสี่ยงด้านการเงิน,ปิยะ ใจดี,Active,2022-10-03,2025-08-10,2022-06-05,2025-07-16 10:24:43
RSK15680,PRJ6096,ความเสี่ยงด้านสิ่งแวดล้อมในโครงการ,คุณภาพ,High,Critical,10,แผนลดความเสี่ยงด้านตลาด,วิไล สุกใส,Active,2022-09-02,2025-07-27,2022-06-05,2025-07-16 10:24:43
RSK25810,PRJ6096,ความเสี่ยงด้านสิ่งแวดล้อมในโครงการ,ตลาด,Low,Low,21,แผนลดความเสี่ยงด้านทรัพยากร,มานี ใจดี,Active,2024-06-30,2025-08-13,2022-06-05,2025-07-16 10:24:43
RSK38280,PRJ6096,ความเสี่ยงด้านคุณภาพในโครงการ,ทรัพยากร,High,Medium,6,แผนลดความเสี่ยงด้านคุณภาพ,สมศักดิ์ เก่งกาจ,Transferred,2024-04-01,2025-08-06,2022-06-05,2025-07-16 10:24:43
RSK60436,PRJ6096,ความเสี่ยงด้านสิ่งแวดล้อมในโครงการ,สิ่งแวดล้อม,Medium,Critical,11,แผนลดความเสี่ยงด้านความปลอดภัย,นิรัชต์ สุขสม,Closed,2023-07-23,2025-08-06,2022-06-05,2025-07-16 10:24:43
RSK37054,PRJ2983,ความเสี่ยงด้านคุณภาพในโครงการ,สิ่งแวดล้อม,High,Low,15,แผนลดความเสี่ยงด้านตลาด,สุธิดา ไว้ใจ,Mitigated,2023-12-18,2025-07-25,2023-07-02,2025-07-16 10:24:43
RSK95328,PRJ2983,ความเสี่ยงด้านกฎหมายในโครงการ,กฎหมาย,High,High,4,แผนลดความเสี่ยงด้านทรัพยากร,ชาคริต แสงทอง,Transferred,2024-03-08,2025-08-05,2023-07-02,2025-07-16 10:24:43
RSK44432,PRJ2983,ความเสี่ยงด้านความปลอดภัยในโครงการ,กฎหมาย,Low,Medium,25,แผนลดความเสี่ยงด้านคุณภาพ,สุธิดา สุขสม,Closed,2024-12-14,2025-08-12,2023-07-02,2025-07-16 10:24:43
RSK39952,PRJ2983,ความเสี่ยงด้านทรัพยากรในโครงการ,ตลาด,Low,Critical,2,แผนลดความเสี่ยงด้านตลาด,วิชาญ ประสิทธิ์,Mitigated,2024-09-01,2025-07-18,2023-07-02,2025-07-16 10:24:43
RSK94713,PRJ2983,ความเสี่ยงด้านเทคนิคในโครงการ,การเงิน,Low,Low,21,แผนลดความเสี่ยงด้านทรัพยากร,สุธิดา มีสุข,Active,2025-01-10,2025-07-27,2023-07-02,2025-07-16 10:24:43
RSK85897,PRJ2983,ความเสี่ยงด้านเทคนิคในโครงการ,กฎหมาย,Medium,High,14,แผนลดความเสี่ยงด้านทรัพยากร,นิรัชต์ ไว้ใจ,Transferred,2024-10-26,2025-08-08,2023-07-02,2025-07-16 10:24:43
RSK70177,PRJ2983,ความเสี่ยงด้านทรัพยากรในโครงการ,การเงิน,Low,High,2,แผนลดความเสี่ยงด้านกฎหมาย,วิภา ขยัน,Active,2023-12-02,2025-07-16,2023-07-02,2025-07-16 10:24:43
RSK61407,PRJ8135,ความเสี่ยงด้านตลาดในโครงการ,ตลาด,Medium,Critical,23,แผนลดความเสี่ยงด้านกฎหมาย,สุธิดา ใสใจ,Transferred,2025-06-23,2025-08-12,2024-06-15,2025-07-16 10:24:43
RSK61748,PRJ8135,ความเสี่ยงด้านตลาดในโครงการ,คุณภาพ,Low,Medium,19,แผนลดความเสี่ยงด้านคุณภาพ,ปรีดา เด่น,Active,2024-08-29,2025-07-26,2024-06-15,2025-07-16 10:24:43
RSK10355,PRJ8135,ความเสี่ยงด้านทรัพยากรในโครงการ,ตลาด,High,Low,25,แผนลดความเสี่ยงด้านสิ่งแวดล้อม,วิภา สมบูรณ์,Active,2025-06-08,2025-08-10,2024-06-15,2025-07-16 10:24:43
RSK48923,PRJ8135,ความเสี่ยงด้านทรัพยากรในโครงการ,สิ่งแวดล้อม,Low,High,23,แผนลดความเสี่ยงด้านคุณภาพ,สมชาย ขันที,Active,2025-02-07,2025-08-11,2024-06-15,2025-07-16 10:24:43
RSK53832,PRJ8135,ความเสี่ยงด้านความปลอดภัยในโครงการ,คุณภาพ,Low,Low,11,แผนลดความเสี่ยงด้านความปลอดภัย,พรรณี เก่งกาจ,Active,2025-04-07,2025-08-07,2024-06-15,2025-07-16 10:24:43
RSK93223,PRJ7209,ความเสี่ยงด้านทรัพยากรในโครงการ,สิ่งแวดล้อม,High,Medium,2,แผนลดความเสี่ยงด้านทรัพยากร,วิชาญ ใสใจ,Active,2025-04-11,2025-09-11,2024-05-15,2025-07-16 10:24:43
RSK16616,PRJ7209,ความเสี่ยงด้านทรัพยากรในโครงการ,ทรัพยากร,Low,Critical,20,แผนลดความเสี่ยงด้านการเงิน,วิภา ขันที,Transferred,2024-09-07,2026-01-01,2024-05-15,2025-07-16 10:24:43
RSK85521,PRJ7209,ความเสี่ยงด้านการเงินในโครงการ,กฎหมาย,Low,Low,15,แผนลดความเสี่ยงด้านคุณภาพ,สุธิดา ไว้ใจ,Transferred,2024-11-20,2025-09-07,2024-05-15,2025-07-16 10:24:43
RSK87912,PRJ7209,ความเสี่ยงด้านกฎหมายในโครงการ,ทรัพยากร,Medium,Low,19,แผนลดความเสี่ยงด้านทรัพยากร,สมหญิง ประสิทธิ์,Transferred,2024-12-25,2026-05-27,2024-05-15,2025-07-16 10:24:43
RSK19073,PRJ1166,ความเสี่ยงด้านสิ่งแวดล้อมในโครงการ,สิ่งแวดล้อม,High,Medium,1,แผนลดความเสี่ยงด้านคุณภาพ,ชูใจ ชื่นชม,Closed,2024-11-11,2025-07-30,2023-06-06,2025-07-16 10:24:43
RSK83817,PRJ1166,ความเสี่ยงด้านสิ่งแวดล้อมในโครงการ,กฎหมาย,Low,Critical,12,แผนลดความเสี่ยงด้านทรัพยากร,วิไล รักงาน,Transferred,2024-01-17,2025-07-30,2023-06-06,2025-07-16 10:24:43
RSK43244,PRJ1166,ความเสี่ยงด้านสิ่งแวดล้อมในโครงการ,ความปลอดภัย,Low,Low,19,แผนลดความเสี่ยงด้านคุณภาพ,นิรัชต์ แสงทอง,Closed,2024-11-30,2025-08-11,2023-06-06,2025-07-16 10:24:43
RSK53640,PRJ1166,ความเสี่ยงด้านตลาดในโครงการ,การเงิน,Low,Medium,25,แผนลดความเสี่ยงด้านความปลอดภัย,กิตติ สุกใส,Mitigated,2025-05-23,2025-07-18,2023-06-06,2025-07-16 10:24:43
RSK18603,PRJ1166,ความเสี่ยงด้านตลาดในโครงการ,ทรัพยากร,Medium,Low,9,แผนลดความเสี่ยงด้านการเงิน,ชูใจ เก่งกาจ,Mitigated,2024-05-15,2025-08-09,2023-06-06,2025-07-16 10:24:43
RSK63177,PRJ1166,ความเสี่ยงด้านกฎหมายในโครงการ,เทคนิค,High,Medium,15,แผนลดความเสี่ยงด้านเทคนิค,อรุณ แสงทอง,Active,2025-02-20,2025-07-24,2023-06-06,2025-07-16 10:24:43
RSK97832,PRJ1166,ความเสี่ยงด้านสิ่งแวดล้อมในโครงการ,ความปลอดภัย,High,Low,12,แผนลดความเสี่ยงด้านทรัพยากร,วิภา ทรงธรรม,Active,2024-03-04,2025-07-19,2023-06-06,2025-07-16 10:24:43
RSK95676,PRJ1166,ความเสี่ยงด้านเทคนิคในโครงการ,ตลาด,Low,Low,23,แผนลดความเสี่ยงด้านความปลอดภัย,กิตติ มั่นใจ,Active,2023-08-15,2025-07-24,2023-06-06,2025-07-16 10:24:43
RSK67684,PRJ1166,ความเสี่ยงด้านการเงินในโครงการ,กฎหมาย,Medium,High,10,แผนลดความเสี่ยงด้านกฎหมาย,สมหญิง ใสใจ,Active,2024-06-20,2025-07-19,2023-06-06,2025-07-16 10:24:43
RSK90770,PRJ6016,ความเสี่ยงด้านกฎหมายในโครงการ,สิ่งแวดล้อม,Medium,Low,23,แผนลดความเสี่ยงด้านเทคนิค,นงลักษณ์ เก่งกาจ,Transferred,2025-05-17,2025-08-11,2024-03-02,2025-07-16 10:24:43
RSK80111,PRJ6016,ความเสี่ยงด้านการเงินในโครงการ,การเงิน,High,Critical,22,แผนลดความเสี่ยงด้านการเงิน,อรุณ ชื่นชม,Active,2025-07-08,2025-08-11,2024-03-02,2025-07-16 10:24:43
RSK48207,PRJ6016,ความเสี่ยงด้านกฎหมายในโครงการ,เทคนิค,Medium,Critical,24,แผนลดความเสี่ยงด้านทรัพยากร,วิชาญ ใจดี,Transferred,2025-05-01,2025-07-30,2024-03-02,2025-07-16 10:24:43
RSK99762,PRJ6016,ความเสี่ยงด้านสิ่งแวดล้อมในโครงการ,กฎหมาย,Low,Low,14,แผนลดความเสี่ยงด้านคุณภาพ,สมหญิง ประสิทธิ์,Active,2024-09-30,2025-08-08,2024-03-02,2025-07-16 10:24:43
RSK78010,PRJ6016,ความเสี่ยงด้านตลาดในโครงการ,สิ่งแวดล้อม,Medium,Low,9,แผนลดความเสี่ยงด้านคุณภาพ,ปรีดา มั่นใจ,Closed,2025-04-02,2025-07-31,2024-03-02,2025-07-16 10:24:43
RSK33152,PRJ6016,ความเสี่ยงด้านกฎหมายในโครงการ,การเงิน,Low,Medium,2,แผนลดความเสี่ยงด้านความปลอดภัย,นิรัชต์ ใสใจ,Active,2025-04-25,2025-08-10,2024-03-02,2025-07-16 10:24:43
RSK22106,PRJ2958,ความเสี่ยงด้านคุณภาพในโครงการ,ตลาด,High,Critical,6,แผนลดความเสี่ยงด้านสิ่งแวดล้อม,พรรณี ไว้ใจ,Closed,2024-11-08,2025-08-14,2022-12-08,2025-07-16 10:24:43
RSK71373,PRJ2958,ความเสี่ยงด้านทรัพยากรในโครงการ,กฎหมาย,High,Low,20,แผนลดความเสี่ยงด้านกฎหมาย,สมศักดิ์ ใสใจ,Mitigated,2023-08-03,2025-07-27,2022-12-08,2025-07-16 10:24:43
RSK19867,PRJ2958,ความเสี่ยงด้านการเงินในโครงการ,เทคนิค,Low,Medium,13,แผนลดความเสี่ยงด้านความปลอดภัย,มานี ขยัน,Mitigated,2023-06-27,2025-07-30,2022-12-08,2025-07-16 10:24:43
RSK73743,PRJ2958,ความเสี่ยงด้านคุณภาพในโครงการ,การเงิน,High,High,19,แผนลดความเสี่ยงด้านกฎหมาย,สุดา ขันที,Mitigated,2023-09-27,2025-08-04,2022-12-08,2025-07-16 10:24:43
RSK96339,PRJ2958,ความเสี่ยงด้านตลาดในโครงการ,ตลาด,Medium,Medium,23,แผนลดความเสี่ยงด้านกฎหมาย,ชาคริต ประสิทธิ์,Mitigated,2023-05-03,2025-07-23,2022-12-08,2025-07-16 10:24:43
RSK78496,PRJ2958,ความเสี่ยงด้านการเงินในโครงการ,เทคนิค,Low,High,21,แผนลดความเสี่ยงด้านตลาด,ปรีดา รักงาน,Closed,2025-04-06,2025-07-19,2022-12-08,2025-07-16 10:24:43
RSK98106,PRJ2958,ความเสี่ยงด้านตลาดในโครงการ,เทคนิค,Low,High,12,แผนลดความเสี่ยงด้านความปลอดภัย,สุดา ชาญยุทธ,Transferred,2024-02-04,2025-07-16,2022-12-08,2025-07-16 10:24:43
RSK76091,PRJ2958,ความเสี่ยงด้านความปลอดภัยในโครงการ,คุณภาพ,Low,Low,15,แผนลดความเสี่ยงด้านตลาด,สุดา แสงทอง,Mitigated,2024-12-27,2025-08-07,2022-12-08,2025-07-16 10:24:43
RSK38883,PRJ2958,ความเสี่ยงด้านสิ่งแวดล้อมในโครงการ,กฎหมาย,Low,High,23,แผนลดความเสี่ยงด้านสิ่งแวดล้อม,วิชาญ ชาญยุทธ,Closed,2025-04-25,2025-08-08,2022-12-08,2025-07-16 10:24:43
RSK85511,PRJ1231,ความเสี่ยงด้านทรัพยากรในโครงการ,ตลาด,Medium,Medium,18,แผนลดความเสี่ยงด้านการเงิน,ปรีดา ชาญยุทธ,Mitigated,2024-01-20,2025-07-16,2022-11-04,2025-07-16 10:24:43
RSK11614,PRJ1231,ความเสี่ยงด้านทรัพยากรในโครงการ,กฎหมาย,High,High,25,แผนลดความเสี่ยงด้านตลาด,วิไล เจริญ,Closed,2025-03-13,2025-08-01,2022-11-04,2025-07-16 10:24:43
RSK32372,PRJ1231,ความเสี่ยงด้านกฎหมายในโครงการ,การเงิน,Medium,Medium,17,แผนลดความเสี่ยงด้านทรัพยากร,สุดา ใสใจ,Closed,2024-06-20,2025-07-30,2022-11-04,2025-07-16 10:24:43
RSK33553,PRJ1231,ความเสี่ยงด้านความปลอดภัยในโครงการ,คุณภาพ,Low,Critical,25,แผนลดความเสี่ยงด้านสิ่งแวดล้อม,อรพิน ชื่นชม,Transferred,2025-01-13,2025-07-22,2022-11-04,2025-07-16 10:24:43
RSK59876,PRJ1231,ความเสี่ยงด้านการเงินในโครงการ,การเงิน,Medium,High,18,แผนลดความเสี่ยงด้านสิ่งแวดล้อม,ปิยะ ขันที,Mitigated,2025-02-14,2025-07-22,2022-11-04,2025-07-16 10:24:43
RSK97083,PRJ1231,ความเสี่ยงด้านเทคนิคในโครงการ,ทรัพยากร,Medium,High,1,แผนลดความเสี่ยงด้านเทคนิค,นิรัชต์ ใสใจ,Mitigated,2025-05-22,2025-07-20,2022-11-04,2025-07-16 10:24:43
RSK93350,PRJ1231,ความเสี่ยงด้านคุณภาพในโครงการ,การเงิน,Low,High,25,แผนลดความเสี่ยงด้านเทคนิค,พรรณี สุกใส,Transferred,2023-12-14,2025-08-09,2022-11-04,2025-07-16 10:24:43
RSK59771,PRJ1231,ความเสี่ยงด้านทรัพยากรในโครงการ,ความปลอดภัย,High,Critical,3,แผนลดความเสี่ยงด้านความปลอดภัย,สุธิดา มั่นใจ,Transferred,2023-01-11,2025-08-01,2022-11-04,2025-07-16 10:24:43
RSK14066,PRJ1231,ความเสี่ยงด้านตลาดในโครงการ,ความปลอดภัย,High,Medium,18,แผนลดความเสี่ยงด้านเทคนิค,สุดา มีสุข,Mitigated,2024-11-07,2025-08-12,2022-11-04,2025-07-16 10:24:43
RSK90182,PRJ1231,ความเสี่ยงด้านทรัพยากรในโครงการ,ตลาด,Medium,High,7,แผนลดความเสี่ยงด้านคุณภาพ,กิตติ ขยัน,Closed,2023-12-09,2025-07-19,2022-11-04,2025-07-16 10:24:43
RSK92085,PRJ6582,ความเสี่ยงด้านตลาดในโครงการ,ทรัพยากร,Low,Medium,5,แผนลดความเสี่ยงด้านการเงิน,ชูใจ ชาญยุทธ,Closed,2025-04-03,2026-02-13,2024-08-03,2025-07-16 10:24:43
RSK43605,PRJ6582,ความเสี่ยงด้านกฎหมายในโครงการ,สิ่งแวดล้อม,High,Critical,4,แผนลดความเสี่ยงด้านความปลอดภัย,วิไล เจริญ,Transferred,2024-10-15,2025-12-06,2024-08-03,2025-07-16 10:24:43
RSK98837,PRJ6582,ความเสี่ยงด้านทรัพยากรในโครงการ,การเงิน,High,Critical,19,แผนลดความเสี่ยงด้านความปลอดภัย,นงลักษณ์ ไว้ใจ,Closed,2025-02-28,2025-08-04,2024-08-03,2025-07-16 10:24:43
RSK14841,PRJ6582,ความเสี่ยงด้านทรัพยากรในโครงการ,ความปลอดภัย,High,Medium,20,แผนลดความเสี่ยงด้านสิ่งแวดล้อม,นิรัชต์ รักงาน,Mitigated,2025-07-02,2025-11-25,2024-08-03,2025-07-16 10:24:43
RSK59507,PRJ6582,ความเสี่ยงด้านการเงินในโครงการ,กฎหมาย,High,Medium,16,แผนลดความเสี่ยงด้านตลาด,ปรีดา ใจดี,Active,2025-01-10,2025-10-31,2024-08-03,2025-07-16 10:24:43
RSK93096,PRJ7818,ความเสี่ยงด้านการเงินในโครงการ,ตลาด,Medium,High,21,แผนลดความเสี่ยงด้านทรัพยากร,สุดา แสงทอง,Active,2025-04-26,2025-08-03,2023-03-15,2025-07-16 10:24:43
RSK60242,PRJ7818,ความเสี่ยงด้านกฎหมายในโครงการ,เทคนิค,Low,Medium,11,แผนลดความเสี่ยงด้านสิ่งแวดล้อม,ชูใจ ชื่นชม,Active,2025-04-16,2025-08-02,2023-03-15,2025-07-16 10:24:43
RSK77426,PRJ7818,ความเสี่ยงด้านทรัพยากรในโครงการ,การเงิน,High,Low,3,แผนลดความเสี่ยงด้านการเงิน,สุธิดา ใจดี,Closed,2025-01-23,2025-08-08,2023-03-15,2025-07-16 10:24:43
RSK32861,PRJ7818,ความเสี่ยงด้านความปลอดภัยในโครงการ,ทรัพยากร,Low,Medium,25,แผนลดความเสี่ยงด้านทรัพยากร,วิไล มั่งคั่ง,Closed,2024-12-15,2025-08-06,2023-03-15,2025-07-16 10:24:43
RSK76268,PRJ7818,ความเสี่ยงด้านกฎหมายในโครงการ,กฎหมาย,Medium,Medium,16,แผนลดความเสี่ยงด้านสิ่งแวดล้อม,วิชาญ ชาญยุทธ,Mitigated,2024-08-07,2025-08-12,2023-03-15,2025-07-16 10:24:43
RSK74795,PRJ7818,ความเสี่ยงด้านคุณภาพในโครงการ,ทรัพยากร,Low,Medium,25,แผนลดความเสี่ยงด้านเทคนิค,สมศักดิ์ สุขสม,Active,2024-03-30,2025-07-23,2023-03-15,2025-07-16 10:24:43
RSK41547,PRJ2330,ความเสี่ยงด้านการเงินในโครงการ,คุณภาพ,High,Critical,11,แผนลดความเสี่ยงด้านทรัพยากร,วิไล ขยัน,Mitigated,2023-07-07,2025-08-02,2022-12-24,2025-07-16 10:24:43
RSK25929,PRJ2330,ความเสี่ยงด้านการเงินในโครงการ,เทคนิค,High,Critical,9,แผนลดความเสี่ยงด้านคุณภาพ,สุดา ไว้ใจ,Active,2025-03-08,2025-08-07,2022-12-24,2025-07-16 10:24:43
RSK39936,PRJ2330,ความเสี่ยงด้านเทคนิคในโครงการ,เทคนิค,Low,Critical,12,แผนลดความเสี่ยงด้านคุณภาพ,พรรณี รักงาน,Active,2023-10-17,2025-07-17,2022-12-24,2025-07-16 10:24:43
RSK27189,PRJ2330,ความเสี่ยงด้านความปลอดภัยในโครงการ,เทคนิค,Low,Low,16,แผนลดความเสี่ยงด้านเทคนิค,สุธิดา มั่งคั่ง,Closed,2023-09-06,2025-08-07,2022-12-24,2025-07-16 10:24:43
RSK42046,PRJ2330,ความเสี่ยงด้านสิ่งแวดล้อมในโครงการ,คุณภาพ,Medium,Low,3,แผนลดความเสี่ยงด้านตลาด,นงลักษณ์ เก่งกาจ,Active,2024-05-06,2025-07-22,2022-12-24,2025-07-16 10:24:43
RSK13185,PRJ2330,ความเสี่ยงด้านกฎหมายในโครงการ,เทคนิค,Medium,High,5,แผนลดความเสี่ยงด้านคุณภาพ,สุดา รักงาน,Active,2024-09-25,2025-08-13,2022-12-24,2025-07-16 10:24:43
RSK84242,PRJ2330,ความเสี่ยงด้านเทคนิคในโครงการ,การเงิน,High,High,8,แผนลดความเสี่ยงด้านเทคนิค,สมหญิง มั่งคั่ง,Active,2024-06-21,2025-08-04,2022-12-24,2025-07-16 10:24:43
RSK52448,PRJ2166,ความเสี่ยงด้านเทคนิคในโครงการ,ความปลอดภัย,Medium,Medium,5,แผนลดความเสี่ยงด้านความปลอดภัย,ชูใจ มั่งคั่ง,Active,2024-03-10,2025-08-06,2023-05-15,2025-07-16 10:24:43
RSK68822,PRJ2166,ความเสี่ยงด้านการเงินในโครงการ,สิ่งแวดล้อม,Low,Low,20,แผนลดความเสี่ยงด้านกฎหมาย,สมชาย สุขสม,Closed,2024-09-03,2025-08-04,2023-05-15,2025-07-16 10:24:43
RSK60792,PRJ2166,ความเสี่ยงด้านเทคนิคในโครงการ,ความปลอดภัย,Medium,Low,15,แผนลดความเสี่ยงด้านคุณภาพ,ปิยะ ทรงธรรม,Mitigated,2023-09-09,2025-08-05,2023-05-15,2025-07-16 10:24:43
RSK47006,PRJ2166,ความเสี่ยงด้านตลาดในโครงการ,การเงิน,High,Low,14,แผนลดความเสี่ยงด้านความปลอดภัย,อรพิน สมบูรณ์,Mitigated,2024-03-01,2025-07-27,2023-05-15,2025-07-16 10:24:43
RSK13568,PRJ2166,ความเสี่ยงด้านเทคนิคในโครงการ,ทรัพยากร,High,Medium,14,แผนลดความเสี่ยงด้านสิ่งแวดล้อม,ธนากร สุขสม,Active,2024-06-17,2025-08-11,2023-05-15,2025-07-16 10:24:43
