resource_id,project_id,employee_name,employee_id,role,department,hourly_rate,hours_allocated,hours_worked,start_date,end_date,status,created_date,updated_date
RSC001,PRJ001,วิชัย รุ่งเรือง,EMP0001,วิศวกร,งานวิศวกรรม,801,1382,0,2024-05-20,2025-07-24,หยุดชั่วคราว,2023-04-25,2024-06-24
RSC002,PRJ001,สมชาย แก้วใส,EMP0002,ผู้ควบคุมงาน,งานวิศวกรรม,402,1512,0,2024-05-20,2025-07-24,เสร็จสิ้น,2023-04-25,2024-06-24
RSC003,PRJ001,อนงค์ สมบูรณ์,EMP0003,เจ้าหน้าที่ความปลอดภัย,งานวิศวกรรม,432,1467,0,2024-05-20,2025-07-24,เสร็จสิ้น,2023-04-25,2024-06-24
RSC004,PRJ001,ธนา รุ่งเรือง,EMP0004,ช่างเหล็ก,งานควบคุมคุณภาพ,483,1402,0,2024-05-20,2025-07-24,ลาออก,2023-04-25,2024-06-24
RSC005,PRJ001,นิภา รุ่งเรือง,EMP0005,ช่างประปา,งานก่อสร้าง,643,1835,0,2024-05-20,2025-07-24,ลาออก,2023-04-25,2024-06-24
RSC006,PRJ001,ธนา มณีแสง,EMP0006,ช่างประปา,งานก่อสร้าง,413,1611,0,2024-05-20,2025-07-24,ลาออก,2023-04-25,2024-06-24
RSC007,PRJ001,พจน์ เพชรดี,EMP0007,ช่างก่อสร้าง,งานวิศวกรรม,668,1644,0,2024-05-20,2025-07-24,ปฏิบัติงาน,2023-04-25,2024-06-24
RSC008,PRJ001,นิภา สุขสม,EMP0008,วิศวกร,งานวิศวกรรม,697,1019,0,2024-05-20,2025-07-24,ลาออก,2023-04-25,2024-06-24
RSC009,PRJ001,ราชันย์ แก้วใส,EMP0009,ช่างไฟฟ้า,งานวิศวกรรม,610,1513,0,2024-05-20,2025-07-24,หยุดชั่วคราว,2023-04-25,2024-06-24
RSC010,PRJ001,วิชัย สุขสม,EMP0010,ผู้ควบคุมงาน,งานบริหาร,383,1678,0,2024-05-20,2025-07-24,หยุดชั่วคราว,2023-04-25,2024-06-24
RSC011,PRJ001,นิภา จันทร์ดี,EMP0011,เจ้าหน้าที่ความปลอดภัย,งานควบคุมคุณภาพ,436,1350,0,2024-05-20,2025-07-24,ลาออก,2023-04-25,2024-06-24
RSC012,PRJ001,ธนา มณีแสง,EMP0012,ช่างไฟฟ้า,งานบริหาร,526,1285,0,2024-05-20,2025-07-24,เสร็จสิ้น,2023-04-25,2024-06-24
RSC013,PRJ002,วิชัย จันทร์ดี,EMP0013,เจ้าหน้าที่ความปลอดภัย,งานบริหาร,381,1491,1125,2024-11-04,2025-05-30,ปฏิบัติงาน,2024-07-28,2024-11-16
RSC014,PRJ002,นิภา เพชรดี,EMP0014,ผู้ควบคุมงาน,งานบริหาร,397,1917,1489,2024-11-04,2025-05-30,ปฏิบัติงาน,2024-07-28,2024-11-16
RSC015,PRJ002,ธนา วงศ์ใหญ่,EMP0015,ช่างประปา,งานวิศวกรรม,440,1354,1082,2024-11-04,2025-05-30,หยุดชั่วคราว,2024-07-28,2024-11-16
RSC016,PRJ002,ธนา เพชรดี,EMP0016,ผู้ควบคุมงาน,งานก่อสร้าง,369,1955,1663,2024-11-04,2025-05-30,หยุดชั่วคราว,2024-07-28,2024-11-16
RSC017,PRJ002,สุมาลี มณีแสง,EMP0017,ช่างไฟฟ้า,งานก่อสร้าง,425,1685,1408,2024-11-04,2025-05-30,ปฏิบัติงาน,2024-07-28,2024-11-16
RSC018,PRJ002,วิภา เพชรดี,EMP0018,คนงาน,งานก่อสร้าง,384,1734,1411,2024-11-04,2025-05-30,หยุดชั่วคราว,2024-07-28,2024-11-16
RSC019,PRJ002,ราชันย์ มณีแสง,EMP0019,คนงาน,งานบริหาร,467,1957,1592,2024-11-04,2025-05-30,เสร็จสิ้น,2024-07-28,2024-11-16
RSC020,PRJ002,อนงค์ มณีแสง,EMP0020,ช่างประปา,งานควบคุมคุณภาพ,430,1929,1213,2024-11-04,2025-05-30,ปฏิบัติงาน,2024-07-28,2024-11-16
RSC021,PRJ002,สมชาย สุขสม,EMP0021,ช่างก่อสร้าง,งานความปลอดภัย,613,1903,1281,2024-11-04,2025-05-30,หยุดชั่วคราว,2024-07-28,2024-11-16
RSC022,PRJ002,อนงค์ ทองคำ,EMP0022,ช่างประปา,งานบริหาร,419,1009,739,2024-11-04,2025-05-30,เสร็จสิ้น,2024-07-28,2024-11-16
RSC023,PRJ002,ราชันย์ เพชรดี,EMP0023,เจ้าหน้าที่ความปลอดภัย,งานควบคุมคุณภาพ,464,1556,1301,2024-11-04,2025-05-30,ลาออก,2024-07-28,2024-11-16
RSC024,PRJ002,นิภา เพชรดี,EMP0024,ช่างประปา,งานความปลอดภัย,498,1828,1176,2024-11-04,2025-05-30,เสร็จสิ้น,2024-07-28,2024-11-16
RSC025,PRJ002,ธนา มณีแสง,EMP0025,ช่างก่อสร้าง,งานวิศวกรรม,407,1754,1310,2024-11-04,2025-05-30,ลาออก,2024-07-28,2024-11-16
RSC026,PRJ002,พจน์ ทองคำ,EMP0026,คนงาน,งานวิศวกรรม,431,1335,839,2024-11-04,2025-05-30,หยุดชั่วคราว,2024-07-28,2024-11-16
RSC027,PRJ003,พจน์ มณีแสง,EMP0027,ช่างเหล็ก,งานความปลอดภัย,527,1006,618,2024-06-23,2025-09-30,เสร็จสิ้น,2023-06-09,2024-08-17
RSC028,PRJ003,สมชาย จันทร์ดี,EMP0028,ช่างเหล็ก,งานบริหาร,554,1596,1184,2024-06-23,2025-09-30,หยุดชั่วคราว,2023-06-09,2024-08-17
RSC029,PRJ003,ธนา เพชรดี,EMP0029,หัวหน้าโครงการ,งานความปลอดภัย,1141,1121,782,2024-06-23,2025-09-30,เสร็จสิ้น,2023-06-09,2024-08-17
RSC030,PRJ003,นิภา มณีแสง,EMP0030,วิศวกร,งานวิศวกรรม,927,1938,1215,2024-06-23,2025-09-30,หยุดชั่วคราว,2023-06-09,2024-08-17
RSC031,PRJ003,นิภา สุขสม,EMP0031,เจ้าหน้าที่ความปลอดภัย,งานควบคุมคุณภาพ,339,1465,1106,2024-06-23,2025-09-30,ลาออก,2023-06-09,2024-08-17
RSC032,PRJ003,สุมาลี ทองคำ,EMP0032,ผู้ควบคุมงาน,งานควบคุมคุณภาพ,470,1845,1098,2024-06-23,2025-09-30,ลาออก,2023-06-09,2024-08-17
RSC033,PRJ003,อนงค์ ทองคำ,EMP0033,ผู้ควบคุมงาน,งานก่อสร้าง,480,1370,736,2024-06-23,2025-09-30,หยุดชั่วคราว,2023-06-09,2024-08-17
RSC034,PRJ003,วิชัย วงศ์ใหญ่,EMP0034,ผู้ควบคุมงาน,งานก่อสร้าง,338,1168,747,2024-06-23,2025-09-30,หยุดชั่วคราว,2023-06-09,2024-08-17
RSC035,PRJ003,ราชันย์ แก้วใส,EMP0035,เจ้าหน้าที่ความปลอดภัย,งานความปลอดภัย,323,1920,1376,2024-06-23,2025-09-30,หยุดชั่วคราว,2023-06-09,2024-08-17
RSC036,PRJ003,สมชาย สมบูรณ์,EMP0036,ผู้ควบคุมงาน,งานความปลอดภัย,406,1467,1089,2024-06-23,2025-09-30,เสร็จสิ้น,2023-06-09,2024-08-17
RSC037,PRJ003,สุมาลี ทองคำ,EMP0037,หัวหน้าโครงการ,งานก่อสร้าง,1002,1260,645,2024-06-23,2025-09-30,ลาออก,2023-06-09,2024-08-17
RSC038,PRJ003,วิภา วงศ์ใหญ่,EMP0038,ช่างเหล็ก,งานก่อสร้าง,432,1554,825,2024-06-23,2025-09-30,เสร็จสิ้น,2023-06-09,2024-08-17
RSC039,PRJ003,พจน์ รุ่งเรือง,EMP0039,คนงาน,งานความปลอดภัย,346,1787,1006,2024-06-23,2025-09-30,ลาออก,2023-06-09,2024-08-17
RSC040,PRJ003,ประเสริฐ รุ่งเรือง,EMP0040,คนงาน,งานก่อสร้าง,396,1082,789,2024-06-23,2025-09-30,หยุดชั่วคราว,2023-06-09,2024-08-17
RSC041,PRJ003,สุมาลี แก้วใส,EMP0041,ผู้ควบคุมงาน,งานก่อสร้าง,400,1541,867,2024-06-23,2025-09-30,เสร็จสิ้น,2023-06-09,2024-08-17
RSC042,PRJ003,พจน์ สมบูรณ์,EMP0042,เจ้าหน้าที่ความปลอดภัย,งานความปลอดภัย,472,1736,1266,2024-06-23,2025-09-30,หยุดชั่วคราว,2023-06-09,2024-08-17
RSC043,PRJ003,ธนา มณีแสง,EMP0043,ช่างไฟฟ้า,งานก่อสร้าง,635,1354,771,2024-06-23,2025-09-30,ปฏิบัติงาน,2023-06-09,2024-08-17
RSC044,PRJ003,สุมาลี มณีแสง,EMP0044,คนงาน,งานก่อสร้าง,457,1784,924,2024-06-23,2025-09-30,ปฏิบัติงาน,2023-06-09,2024-08-17
RSC045,PRJ003,สุมาลี แก้วใส,EMP0045,หัวหน้าโครงการ,งานความปลอดภัย,1028,1612,856,2024-06-23,2025-09-30,ลาออก,2023-06-09,2024-08-17
RSC046,PRJ003,ประเสริฐ สมบูรณ์,EMP0046,ช่างไฟฟ้า,งานบริหาร,676,1222,649,2024-06-23,2025-09-30,หยุดชั่วคราว,2023-06-09,2024-08-17
RSC047,PRJ003,สุมาลี จันทร์ดี,EMP0047,ช่างเหล็ก,งานวิศวกรรม,695,1612,1031,2024-06-23,2025-09-30,หยุดชั่วคราว,2023-06-09,2024-08-17
RSC048,PRJ003,วิชัย เพชรดี,EMP0048,คนงาน,งานความปลอดภัย,376,1281,680,2024-06-23,2025-09-30,ลาออก,2023-06-09,2024-08-17
RSC049,PRJ003,วิชัย รุ่งเรือง,EMP0049,หัวหน้าโครงการ,งานความปลอดภัย,976,1964,1307,2024-06-23,2025-09-30,ลาออก,2023-06-09,2024-08-17
RSC050,PRJ004,ราชันย์ มณีแสง,EMP0050,ช่างประปา,งานวิศวกรรม,592,1188,297,2024-08-23,2026-08-22,เสร็จสิ้น,2023-05-08,2024-11-27
RSC051,PRJ004,วิชัย สุขสม,EMP0051,ช่างก่อสร้าง,งานความปลอดภัย,637,1936,353,2024-08-23,2026-08-22,หยุดชั่วคราว,2023-05-08,2024-11-27
RSC052,PRJ004,นิภา ทองคำ,EMP0052,คนงาน,งานความปลอดภัย,362,1261,258,2024-08-23,2026-08-22,เสร็จสิ้น,2023-05-08,2024-11-27
RSC053,PRJ004,สมชาย จันทร์ดี,EMP0053,วิศวกร,งานความปลอดภัย,874,1741,352,2024-08-23,2026-08-22,ปฏิบัติงาน,2023-05-08,2024-11-27
RSC054,PRJ004,วิชัย มณีแสง,EMP0054,วิศวกร,งานความปลอดภัย,696,1823,469,2024-08-23,2026-08-22,หยุดชั่วคราว,2023-05-08,2024-11-27
RSC055,PRJ004,สุมาลี มณีแสง,EMP0055,ช่างเหล็ก,งานก่อสร้าง,555,1979,348,2024-08-23,2026-08-22,ลาออก,2023-05-08,2024-11-27
RSC056,PRJ004,วิชัย รุ่งเรือง,EMP0056,ช่างไฟฟ้า,งานบริหาร,504,1406,293,2024-08-23,2026-08-22,ลาออก,2023-05-08,2024-11-27
RSC057,PRJ004,ธนา จันทร์ดี,EMP0057,เจ้าหน้าที่ความปลอดภัย,งานบริหาร,436,1664,373,2024-08-23,2026-08-22,ลาออก,2023-05-08,2024-11-27
RSC058,PRJ004,นิภา มณีแสง,EMP0058,เจ้าหน้าที่ความปลอดภัย,งานบริหาร,325,1822,440,2024-08-23,2026-08-22,เสร็จสิ้น,2023-05-08,2024-11-27
RSC059,PRJ004,ประเสริฐ แก้วใส,EMP0059,คนงาน,งานบริหาร,311,1576,325,2024-08-23,2026-08-22,ลาออก,2023-05-08,2024-11-27
RSC060,PRJ004,สุมาลี สุขสม,EMP0060,ช่างประปา,งานควบคุมคุณภาพ,478,1200,266,2024-08-23,2026-08-22,หยุดชั่วคราว,2023-05-08,2024-11-27
RSC061,PRJ004,ธนา วงศ์ใหญ่,EMP0061,เจ้าหน้าที่ความปลอดภัย,งานความปลอดภัย,440,1670,371,2024-08-23,2026-08-22,ลาออก,2023-05-08,2024-11-27
RSC062,PRJ005,ราชันย์ เพชรดี,EMP0062,ช่างเหล็ก,งานควบคุมคุณภาพ,486,1143,612,2024-02-10,2026-12-31,ปฏิบัติงาน,2023-04-30,2024-04-01
RSC063,PRJ005,สมชาย แก้วใส,EMP0063,ผู้ควบคุมงาน,งานความปลอดภัย,308,1859,733,2024-02-10,2026-12-31,หยุดชั่วคราว,2023-04-30,2024-04-01
RSC064,PRJ005,สมชาย มณีแสง,EMP0064,ช่างไฟฟ้า,งานควบคุมคุณภาพ,434,1724,721,2024-02-10,2026-12-31,ลาออก,2023-04-30,2024-04-01
RSC065,PRJ005,อนงค์ วงศ์ใหญ่,EMP0065,ช่างเหล็ก,งานความปลอดภัย,430,1632,920,2024-02-10,2026-12-31,ปฏิบัติงาน,2023-04-30,2024-04-01
RSC066,PRJ005,สมชาย แก้วใส,EMP0066,หัวหน้าโครงการ,งานควบคุมคุณภาพ,1072,1564,779,2024-02-10,2026-12-31,เสร็จสิ้น,2023-04-30,2024-04-01
RSC067,PRJ005,พจน์ เพชรดี,EMP0067,ผู้ควบคุมงาน,งานก่อสร้าง,373,1017,535,2024-02-10,2026-12-31,ปฏิบัติงาน,2023-04-30,2024-04-01
RSC068,PRJ005,อนงค์ สมบูรณ์,EMP0068,ผู้ควบคุมงาน,งานบริหาร,338,1246,538,2024-02-10,2026-12-31,เสร็จสิ้น,2023-04-30,2024-04-01
RSC069,PRJ005,พจน์ วงศ์ใหญ่,EMP0069,ช่างประปา,งานควบคุมคุณภาพ,603,1080,522,2024-02-10,2026-12-31,หยุดชั่วคราว,2023-04-30,2024-04-01
RSC070,PRJ005,สมชาย ทองคำ,EMP0070,ช่างไฟฟ้า,งานความปลอดภัย,553,1700,679,2024-02-10,2026-12-31,ลาออก,2023-04-30,2024-04-01
RSC071,PRJ005,สมชาย เพชรดี,EMP0071,คนงาน,งานก่อสร้าง,441,1487,580,2024-02-10,2026-12-31,ลาออก,2023-04-30,2024-04-01
RSC072,PRJ005,อนงค์ ทองคำ,EMP0072,คนงาน,งานควบคุมคุณภาพ,465,1803,855,2024-02-10,2026-12-31,ปฏิบัติงาน,2023-04-30,2024-04-01
RSC073,PRJ005,ราชันย์ จันทร์ดี,EMP0073,ช่างไฟฟ้า,งานก่อสร้าง,508,1922,1047,2024-02-10,2026-12-31,ปฏิบัติงาน,2023-04-30,2024-04-01
RSC074,PRJ005,ประเสริฐ รุ่งเรือง,EMP0074,ช่างประปา,งานก่อสร้าง,678,1577,607,2024-02-10,2026-12-31,หยุดชั่วคราว,2023-04-30,2024-04-01
RSC075,PRJ006,อนงค์ มณีแสง,EMP0075,คนงาน,งานควบคุมคุณภาพ,319,1306,752,2024-12-15,2027-04-07,ลาออก,2023-03-15,2024-12-20
RSC076,PRJ006,วิภา สมบูรณ์,EMP0076,ผู้ควบคุมงาน,งานบริหาร,384,1393,784,2024-12-15,2027-04-07,ปฏิบัติงาน,2023-03-15,2024-12-20
RSC077,PRJ006,นิภา สุขสม,EMP0077,วิศวกร,งานบริหาร,823,1237,665,2024-12-15,2027-04-07,ปฏิบัติงาน,2023-03-15,2024-12-20
RSC078,PRJ006,นิภา สมบูรณ์,EMP0078,ช่างประปา,งานความปลอดภัย,630,1502,903,2024-12-15,2027-04-07,ลาออก,2023-03-15,2024-12-20
RSC079,PRJ006,วิภา จันทร์ดี,EMP0079,ช่างก่อสร้าง,งานวิศวกรรม,699,1676,1115,2024-12-15,2027-04-07,ปฏิบัติงาน,2023-03-15,2024-12-20
RSC080,PRJ006,ประเสริฐ สุขสม,EMP0080,วิศวกร,งานบริหาร,737,1157,770,2024-12-15,2027-04-07,เสร็จสิ้น,2023-03-15,2024-12-20
RSC081,PRJ006,ราชันย์ รุ่งเรือง,EMP0081,วิศวกร,งานบริหาร,646,1005,636,2024-12-15,2027-04-07,ปฏิบัติงาน,2023-03-15,2024-12-20
RSC082,PRJ006,ราชันย์ สมบูรณ์,EMP0082,ช่างก่อสร้าง,งานควบคุมคุณภาพ,444,1191,815,2024-12-15,2027-04-07,ลาออก,2023-03-15,2024-12-20
RSC083,PRJ006,วิชัย ทองคำ,EMP0083,วิศวกร,งานควบคุมคุณภาพ,613,1091,712,2024-12-15,2027-04-07,เสร็จสิ้น,2023-03-15,2024-12-20
RSC084,PRJ006,พจน์ ทองคำ,EMP0084,คนงาน,งานควบคุมคุณภาพ,303,1298,880,2024-12-15,2027-04-07,หยุดชั่วคราว,2023-03-15,2024-12-20
RSC085,PRJ006,ประเสริฐ เพชรดี,EMP0085,ผู้ควบคุมงาน,งานบริหาร,343,1701,1132,2024-12-15,2027-04-07,เสร็จสิ้น,2023-03-15,2024-12-20
RSC086,PRJ006,ประเสริฐ สุขสม,EMP0086,ช่างประปา,งานบริหาร,652,1149,617,2024-12-15,2027-04-07,ลาออก,2023-03-15,2024-12-20
RSC087,PRJ007,ธนา มณีแสง,EMP0087,เจ้าหน้าที่ความปลอดภัย,งานความปลอดภัย,500,1078,766,2024-01-29,2025-03-18,หยุดชั่วคราว,2023-01-17,2024-07-08
RSC088,PRJ007,สมชาย สุขสม,EMP0088,เจ้าหน้าที่ความปลอดภัย,งานบริหาร,327,1138,777,2024-01-29,2025-03-18,ลาออก,2023-01-17,2024-07-08
RSC089,PRJ007,อนงค์ เพชรดี,EMP0089,ช่างเหล็ก,งานบริหาร,625,1342,990,2024-01-29,2025-03-18,เสร็จสิ้น,2023-01-17,2024-07-08
RSC090,PRJ007,พจน์ รุ่งเรือง,EMP0090,ช่างไฟฟ้า,งานบริหาร,645,1321,829,2024-01-29,2025-03-18,ลาออก,2023-01-17,2024-07-08
RSC091,PRJ007,พจน์ รุ่งเรือง,EMP0091,ช่างไฟฟ้า,งานก่อสร้าง,566,1385,926,2024-01-29,2025-03-18,หยุดชั่วคราว,2023-01-17,2024-07-08
RSC092,PRJ007,สมชาย วงศ์ใหญ่,EMP0092,ผู้ควบคุมงาน,งานวิศวกรรม,346,1698,1347,2024-01-29,2025-03-18,ลาออก,2023-01-17,2024-07-08
RSC093,PRJ007,ราชันย์ เพชรดี,EMP0093,ช่างประปา,งานบริหาร,435,1838,1344,2024-01-29,2025-03-18,หยุดชั่วคราว,2023-01-17,2024-07-08
RSC094,PRJ007,พจน์ ทองคำ,EMP0094,ช่างประปา,งานความปลอดภัย,478,1732,1278,2024-01-29,2025-03-18,ลาออก,2023-01-17,2024-07-08
RSC095,PRJ007,วิชัย แก้วใส,EMP0095,คนงาน,งานบริหาร,436,1518,1110,2024-01-29,2025-03-18,ปฏิบัติงาน,2023-01-17,2024-07-08
RSC096,PRJ007,ประเสริฐ แก้วใส,EMP0096,วิศวกร,งานควบคุมคุณภาพ,993,1254,882,2024-01-29,2025-03-18,ลาออก,2023-01-17,2024-07-08
RSC097,PRJ007,วิภา จันทร์ดี,EMP0097,ช่างเหล็ก,งานวิศวกรรม,620,1108,611,2024-01-29,2025-03-18,หยุดชั่วคราว,2023-01-17,2024-07-08
RSC098,PRJ007,อนงค์ สมบูรณ์,EMP0098,เจ้าหน้าที่ความปลอดภัย,งานวิศวกรรม,395,1400,1052,2024-01-29,2025-03-18,เสร็จสิ้น,2023-01-17,2024-07-08
RSC099,PRJ007,พจน์ ทองคำ,EMP0099,หัวหน้าโครงการ,งานก่อสร้าง,1047,1107,748,2024-01-29,2025-03-18,หยุดชั่วคราว,2023-01-17,2024-07-08
RSC100,PRJ007,สุมาลี สมบูรณ์,EMP0100,ช่างเหล็ก,งานความปลอดภัย,559,1351,1016,2024-01-29,2025-03-18,เสร็จสิ้น,2023-01-17,2024-07-08
RSC101,PRJ007,นิภา ทองคำ,EMP0101,เจ้าหน้าที่ความปลอดภัย,งานบริหาร,324,1448,1079,2024-01-29,2025-03-18,ปฏิบัติงาน,2023-01-17,2024-07-08
RSC102,PRJ007,วิภา เพชรดี,EMP0102,วิศวกร,งานวิศวกรรม,611,1869,1302,2024-01-29,2025-03-18,หยุดชั่วคราว,2023-01-17,2024-07-08
RSC103,PRJ007,พจน์ วงศ์ใหญ่,EMP0103,ผู้ควบคุมงาน,งานวิศวกรรม,340,1338,1061,2024-01-29,2025-03-18,ลาออก,2023-01-17,2024-07-08
RSC104,PRJ008,อนงค์ มณีแสง,EMP0104,ช่างก่อสร้าง,งานความปลอดภัย,621,1405,1138,2024-07-21,2027-07-11,ลาออก,2024-04-14,2024-08-26
RSC105,PRJ008,สุมาลี จันทร์ดี,EMP0105,คนงาน,งานก่อสร้าง,301,1721,1600,2024-07-21,2027-07-11,ปฏิบัติงาน,2024-04-14,2024-08-26
RSC106,PRJ008,สุมาลี วงศ์ใหญ่,EMP0106,ผู้ควบคุมงาน,งานก่อสร้าง,347,1374,1374,2024-07-21,2027-07-11,เสร็จสิ้น,2024-04-14,2024-08-26
RSC107,PRJ008,นิภา สุขสม,EMP0107,เจ้าหน้าที่ความปลอดภัย,งานควบคุมคุณภาพ,435,1989,2386,2024-07-21,2027-07-11,ลาออก,2024-04-14,2024-08-26
RSC108,PRJ008,อนงค์ เพชรดี,EMP0108,วิศวกร,งานบริหาร,778,1360,1482,2024-07-21,2027-07-11,ปฏิบัติงาน,2024-04-14,2024-08-26
RSC109,PRJ008,ธนา ทองคำ,EMP0109,ช่างก่อสร้าง,งานวิศวกรรม,560,1120,1064,2024-07-21,2027-07-11,เสร็จสิ้น,2024-04-14,2024-08-26
RSC110,PRJ008,อนงค์ เพชรดี,EMP0110,ช่างก่อสร้าง,งานควบคุมคุณภาพ,661,1397,1480,2024-07-21,2027-07-11,ลาออก,2024-04-14,2024-08-26
RSC111,PRJ008,วิชัย เพชรดี,EMP0111,คนงาน,งานควบคุมคุณภาพ,347,1498,1797,2024-07-21,2027-07-11,หยุดชั่วคราว,2024-04-14,2024-08-26
RSC112,PRJ008,นิภา วงศ์ใหญ่,EMP0112,เจ้าหน้าที่ความปลอดภัย,งานควบคุมคุณภาพ,373,1143,1040,2024-07-21,2027-07-11,ปฏิบัติงาน,2024-04-14,2024-08-26
RSC113,PRJ008,สุมาลี สุขสม,EMP0113,ช่างเหล็ก,งานควบคุมคุณภาพ,404,1496,1316,2024-07-21,2027-07-11,ลาออก,2024-04-14,2024-08-26
RSC114,PRJ008,ราชันย์ วงศ์ใหญ่,EMP0114,คนงาน,งานวิศวกรรม,475,1503,1593,2024-07-21,2027-07-11,ปฏิบัติงาน,2024-04-14,2024-08-26
RSC115,PRJ008,สมชาย จันทร์ดี,EMP0115,หัวหน้าโครงการ,งานวิศวกรรม,1189,1225,1200,2024-07-21,2027-07-11,เสร็จสิ้น,2024-04-14,2024-08-26
RSC116,PRJ008,วิชัย สมบูรณ์,EMP0116,ช่างก่อสร้าง,งานก่อสร้าง,634,1579,1752,2024-07-21,2027-07-11,ปฏิบัติงาน,2024-04-14,2024-08-26
RSC117,PRJ009,ราชันย์ สมบูรณ์,EMP0117,ผู้ควบคุมงาน,งานวิศวกรรม,393,1555,318,2024-07-04,2025-08-12,ลาออก,2023-05-22,2024-11-11
RSC118,PRJ009,ธนา แก้วใส,EMP0118,วิศวกร,งานความปลอดภัย,976,1849,439,2024-07-04,2025-08-12,เสร็จสิ้น,2023-05-22,2024-11-11
RSC119,PRJ009,สุมาลี มณีแสง,EMP0119,ช่างเหล็ก,งานควบคุมคุณภาพ,444,1449,315,2024-07-04,2025-08-12,เสร็จสิ้น,2023-05-22,2024-11-11
RSC120,PRJ009,สุมาลี มณีแสง,EMP0120,คนงาน,งานก่อสร้าง,342,1630,358,2024-07-04,2025-08-12,เสร็จสิ้น,2023-05-22,2024-11-11
RSC121,PRJ009,ประเสริฐ รุ่งเรือง,EMP0121,ผู้ควบคุมงาน,งานบริหาร,371,1611,459,2024-07-04,2025-08-12,เสร็จสิ้น,2023-05-22,2024-11-11
RSC122,PRJ009,ประเสริฐ สุขสม,EMP0122,ช่างประปา,งานก่อสร้าง,663,1921,413,2024-07-04,2025-08-12,เสร็จสิ้น,2023-05-22,2024-11-11
RSC123,PRJ009,นิภา มณีแสง,EMP0123,ช่างก่อสร้าง,งานความปลอดภัย,467,1255,279,2024-07-04,2025-08-12,ลาออก,2023-05-22,2024-11-11
RSC124,PRJ009,พจน์ สุขสม,EMP0124,ช่างก่อสร้าง,งานความปลอดภัย,695,1647,399,2024-07-04,2025-08-12,ปฏิบัติงาน,2023-05-22,2024-11-11
RSC125,PRJ009,นิภา วงศ์ใหญ่,EMP0125,วิศวกร,งานความปลอดภัย,806,1527,370,2024-07-04,2025-08-12,เสร็จสิ้น,2023-05-22,2024-11-11
RSC126,PRJ009,ราชันย์ รุ่งเรือง,EMP0126,หัวหน้าโครงการ,งานก่อสร้าง,1196,1867,396,2024-07-04,2025-08-12,ลาออก,2023-05-22,2024-11-11
RSC127,PRJ009,ราชันย์ จันทร์ดี,EMP0127,ช่างไฟฟ้า,งานบริหาร,619,1844,428,2024-07-04,2025-08-12,เสร็จสิ้น,2023-05-22,2024-11-11
RSC128,PRJ009,อนงค์ วงศ์ใหญ่,EMP0128,ช่างเหล็ก,งานบริหาร,680,1591,350,2024-07-04,2025-08-12,ปฏิบัติงาน,2023-05-22,2024-11-11
RSC129,PRJ009,สมชาย ทองคำ,EMP0129,หัวหน้าโครงการ,งานวิศวกรรม,850,1641,447,2024-07-04,2025-08-12,ลาออก,2023-05-22,2024-11-11
RSC130,PRJ009,สุมาลี เพชรดี,EMP0130,เจ้าหน้าที่ความปลอดภัย,งานบริหาร,300,1981,529,2024-07-04,2025-08-12,หยุดชั่วคราว,2023-05-22,2024-11-11
RSC131,PRJ009,ธนา ทองคำ,EMP0131,ช่างประปา,งานบริหาร,447,1670,430,2024-07-04,2025-08-12,หยุดชั่วคราว,2023-05-22,2024-11-11
RSC132,PRJ009,สุมาลี สุขสม,EMP0132,หัวหน้าโครงการ,งานก่อสร้าง,1002,1640,405,2024-07-04,2025-08-12,ปฏิบัติงาน,2023-05-22,2024-11-11
RSC133,PRJ010,อนงค์ มณีแสง,EMP0133,ช่างไฟฟ้า,งานควบคุมคุณภาพ,644,1079,56,2024-07-14,2026-09-12,ลาออก,2024-04-24,2024-11-26
RSC134,PRJ010,วิภา สุขสม,EMP0134,หัวหน้าโครงการ,งานวิศวกรรม,804,1712,103,2024-07-14,2026-09-12,ลาออก,2024-04-24,2024-11-26
RSC135,PRJ010,วิภา ทองคำ,EMP0135,วิศวกร,งานบริหาร,717,1392,70,2024-07-14,2026-09-12,เสร็จสิ้น,2024-04-24,2024-11-26
RSC136,PRJ010,ประเสริฐ ทองคำ,EMP0136,ช่างประปา,งานควบคุมคุณภาพ,470,1391,73,2024-07-14,2026-09-12,ปฏิบัติงาน,2024-04-24,2024-11-26
RSC137,PRJ010,ประเสริฐ สุขสม,EMP0137,ช่างก่อสร้าง,งานควบคุมคุณภาพ,625,1359,75,2024-07-14,2026-09-12,ลาออก,2024-04-24,2024-11-26
RSC138,PRJ010,ประเสริฐ ทองคำ,EMP0138,ช่างไฟฟ้า,งานควบคุมคุณภาพ,444,1918,98,2024-07-14,2026-09-12,ลาออก,2024-04-24,2024-11-26
RSC139,PRJ010,สุมาลี จันทร์ดี,EMP0139,ช่างเหล็ก,งานก่อสร้าง,619,1322,69,2024-07-14,2026-09-12,หยุดชั่วคราว,2024-04-24,2024-11-26
RSC140,PRJ010,ธนา แก้วใส,EMP0140,ผู้ควบคุมงาน,งานบริหาร,453,1614,114,2024-07-14,2026-09-12,หยุดชั่วคราว,2024-04-24,2024-11-26
RSC141,PRJ011,ธนา แก้วใส,EMP0141,ผู้ควบคุมงาน,งานวิศวกรรม,348,1765,1853,2024-03-21,2025-12-25,ลาออก,2023-01-02,2024-08-02
RSC142,PRJ011,อนงค์ ทองคำ,EMP0142,คนงาน,งานควบคุมคุณภาพ,328,1246,1383,2024-03-21,2025-12-25,ปฏิบัติงาน,2023-01-02,2024-08-02
RSC143,PRJ011,อนงค์ สุขสม,EMP0143,ช่างเหล็ก,งานบริหาร,562,1135,1180,2024-03-21,2025-12-25,หยุดชั่วคราว,2023-01-02,2024-08-02
RSC144,PRJ011,อนงค์ ทองคำ,EMP0144,เจ้าหน้าที่ความปลอดภัย,งานก่อสร้าง,497,1074,869,2024-03-21,2025-12-25,เสร็จสิ้น,2023-01-02,2024-08-02
RSC145,PRJ011,พจน์ สมบูรณ์,EMP0145,ช่างไฟฟ้า,งานบริหาร,420,1944,1613,2024-03-21,2025-12-25,ลาออก,2023-01-02,2024-08-02
RSC146,PRJ011,วิชัย สมบูรณ์,EMP0146,คนงาน,งานควบคุมคุณภาพ,479,1411,1199,2024-03-21,2025-12-25,หยุดชั่วคราว,2023-01-02,2024-08-02
RSC147,PRJ011,วิชัย มณีแสง,EMP0147,ช่างประปา,งานวิศวกรรม,442,1317,1119,2024-03-21,2025-12-25,เสร็จสิ้น,2023-01-02,2024-08-02
RSC148,PRJ011,ธนา สุขสม,EMP0148,คนงาน,งานวิศวกรรม,450,1649,1385,2024-03-21,2025-12-25,ปฏิบัติงาน,2023-01-02,2024-08-02
RSC149,PRJ011,วิภา วงศ์ใหญ่,EMP0149,ช่างไฟฟ้า,งานควบคุมคุณภาพ,444,1946,2082,2024-03-21,2025-12-25,ปฏิบัติงาน,2023-01-02,2024-08-02
RSC150,PRJ011,ประเสริฐ แก้วใส,EMP0150,ช่างประปา,งานวิศวกรรม,489,1122,897,2024-03-21,2025-12-25,ลาออก,2023-01-02,2024-08-02
RSC151,PRJ011,ประเสริฐ รุ่งเรือง,EMP0151,ช่างเหล็ก,งานวิศวกรรม,667,1529,1467,2024-03-21,2025-12-25,เสร็จสิ้น,2023-01-02,2024-08-02
RSC152,PRJ011,นิภา สุขสม,EMP0152,วิศวกร,งานบริหาร,994,1921,1556,2024-03-21,2025-12-25,ปฏิบัติงาน,2023-01-02,2024-08-02
RSC153,PRJ011,ราชันย์ วงศ์ใหญ่,EMP0153,ช่างประปา,งานควบคุมคุณภาพ,695,1642,1379,2024-03-21,2025-12-25,เสร็จสิ้น,2023-01-02,2024-08-02
RSC154,PRJ011,ประเสริฐ รุ่งเรือง,EMP0154,หัวหน้าโครงการ,งานวิศวกรรม,1055,1879,2179,2024-03-21,2025-12-25,เสร็จสิ้น,2023-01-02,2024-08-02
RSC155,PRJ011,สุมาลี สมบูรณ์,EMP0155,วิศวกร,งานก่อสร้าง,893,1690,1470,2024-03-21,2025-12-25,ปฏิบัติงาน,2023-01-02,2024-08-02
RSC156,PRJ011,นิภา สุขสม,EMP0156,หัวหน้าโครงการ,งานวิศวกรรม,925,1047,1151,2024-03-21,2025-12-25,หยุดชั่วคราว,2023-01-02,2024-08-02
RSC157,PRJ011,สุมาลี รุ่งเรือง,EMP0157,หัวหน้าโครงการ,งานวิศวกรรม,1083,1822,1931,2024-03-21,2025-12-25,ลาออก,2023-01-02,2024-08-02
RSC158,PRJ011,อนงค์ รุ่งเรือง,EMP0158,ช่างเหล็ก,งานก่อสร้าง,538,1845,1549,2024-03-21,2025-12-25,ปฏิบัติงาน,2023-01-02,2024-08-02
RSC159,PRJ011,สมชาย สุขสม,EMP0159,ช่างก่อสร้าง,งานก่อสร้าง,514,1823,2059,2024-03-21,2025-12-25,ลาออก,2023-01-02,2024-08-02
RSC160,PRJ011,วิชัย วงศ์ใหญ่,EMP0160,ช่างประปา,งานก่อสร้าง,559,1335,1134,2024-03-21,2025-12-25,เสร็จสิ้น,2023-01-02,2024-08-02
RSC161,PRJ011,อนงค์ มณีแสง,EMP0161,ช่างไฟฟ้า,งานความปลอดภัย,549,1577,1561,2024-03-21,2025-12-25,เสร็จสิ้น,2023-01-02,2024-08-02
RSC162,PRJ011,วิชัย มณีแสง,EMP0162,เจ้าหน้าที่ความปลอดภัย,งานวิศวกรรม,497,1794,1650,2024-03-21,2025-12-25,ปฏิบัติงาน,2023-01-02,2024-08-02
RSC163,PRJ011,นิภา แก้วใส,EMP0163,คนงาน,งานบริหาร,306,1238,1411,2024-03-21,2025-12-25,ปฏิบัติงาน,2023-01-02,2024-08-02
RSC164,PRJ011,วิภา มณีแสง,EMP0164,คนงาน,งานควบคุมคุณภาพ,488,1744,1726,2024-03-21,2025-12-25,หยุดชั่วคราว,2023-01-02,2024-08-02
RSC165,PRJ012,ธนา ทองคำ,EMP0165,เจ้าหน้าที่ความปลอดภัย,งานก่อสร้าง,315,1995,1207,2024-03-23,2026-03-25,หยุดชั่วคราว,2024-02-03,2024-12-19
RSC166,PRJ012,ราชันย์ ทองคำ,EMP0166,ผู้ควบคุมงาน,งานควบคุมคุณภาพ,405,1717,1202,2024-03-23,2026-03-25,ปฏิบัติงาน,2024-02-03,2024-12-19
RSC167,PRJ012,วิภา แก้วใส,EMP0167,ผู้ควบคุมงาน,งานความปลอดภัย,334,1652,1179,2024-03-23,2026-03-25,หยุดชั่วคราว,2024-02-03,2024-12-19
RSC168,PRJ012,พจน์ รุ่งเรือง,EMP0168,ช่างไฟฟ้า,งานบริหาร,549,1267,861,2024-03-23,2026-03-25,ลาออก,2024-02-03,2024-12-19
RSC169,PRJ012,ประเสริฐ ทองคำ,EMP0169,ช่างประปา,งานวิศวกรรม,519,1076,673,2024-03-23,2026-03-25,ปฏิบัติงาน,2024-02-03,2024-12-19
RSC170,PRJ012,พจน์ ทองคำ,EMP0170,ช่างก่อสร้าง,งานควบคุมคุณภาพ,630,1477,1004,2024-03-23,2026-03-25,เสร็จสิ้น,2024-02-03,2024-12-19
RSC171,PRJ012,ธนา ทองคำ,EMP0171,ช่างไฟฟ้า,งานก่อสร้าง,631,1315,974,2024-03-23,2026-03-25,หยุดชั่วคราว,2024-02-03,2024-12-19
RSC172,PRJ012,ประเสริฐ ทองคำ,EMP0172,ช่างประปา,งานวิศวกรรม,420,1220,829,2024-03-23,2026-03-25,เสร็จสิ้น,2024-02-03,2024-12-19
RSC173,PRJ012,ธนา เพชรดี,EMP0173,คนงาน,งานก่อสร้าง,431,1050,706,2024-03-23,2026-03-25,ลาออก,2024-02-03,2024-12-19
RSC174,PRJ012,สุมาลี ทองคำ,EMP0174,เจ้าหน้าที่ความปลอดภัย,งานความปลอดภัย,442,1766,1381,2024-03-23,2026-03-25,ปฏิบัติงาน,2024-02-03,2024-12-19
RSC175,PRJ012,สุมาลี เพชรดี,EMP0175,ช่างก่อสร้าง,งานวิศวกรรม,462,1012,571,2024-03-23,2026-03-25,ลาออก,2024-02-03,2024-12-19
RSC176,PRJ012,ธนา ทองคำ,EMP0176,ช่างเหล็ก,งานก่อสร้าง,443,1596,1269,2024-03-23,2026-03-25,ปฏิบัติงาน,2024-02-03,2024-12-19
RSC177,PRJ012,วิภา รุ่งเรือง,EMP0177,ช่างไฟฟ้า,งานก่อสร้าง,627,1828,1093,2024-03-23,2026-03-25,ปฏิบัติงาน,2024-02-03,2024-12-19
RSC178,PRJ012,พจน์ สุขสม,EMP0178,เจ้าหน้าที่ความปลอดภัย,งานความปลอดภัย,312,1172,924,2024-03-23,2026-03-25,ปฏิบัติงาน,2024-02-03,2024-12-19
RSC179,PRJ012,นิภา มณีแสง,EMP0179,คนงาน,งานวิศวกรรม,474,1436,888,2024-03-23,2026-03-25,เสร็จสิ้น,2024-02-03,2024-12-19
RSC180,PRJ012,สมชาย มณีแสง,EMP0180,ช่างประปา,งานบริหาร,628,1904,1152,2024-03-23,2026-03-25,ลาออก,2024-02-03,2024-12-19
RSC181,PRJ012,วิภา จันทร์ดี,EMP0181,คนงาน,งานความปลอดภัย,440,1490,840,2024-03-23,2026-03-25,หยุดชั่วคราว,2024-02-03,2024-12-19
RSC182,PRJ012,สุมาลี สมบูรณ์,EMP0182,คนงาน,งานก่อสร้าง,351,1658,1274,2024-03-23,2026-03-25,ลาออก,2024-02-03,2024-12-19
RSC183,PRJ012,นิภา สมบูรณ์,EMP0183,ช่างเหล็ก,งานบริหาร,645,1557,1175,2024-03-23,2026-03-25,ลาออก,2024-02-03,2024-12-19
RSC184,PRJ012,อนงค์ มณีแสง,EMP0184,ช่างประปา,งานก่อสร้าง,492,1026,697,2024-03-23,2026-03-25,เสร็จสิ้น,2024-02-03,2024-12-19
RSC185,PRJ012,อนงค์ มณีแสง,EMP0185,หัวหน้าโครงการ,งานวิศวกรรม,1041,1542,1069,2024-03-23,2026-03-25,ปฏิบัติงาน,2024-02-03,2024-12-19
RSC186,PRJ013,สุมาลี สุขสม,EMP0186,ช่างไฟฟ้า,งานบริหาร,536,1546,38,2024-10-17,2025-07-04,หยุดชั่วคราว,2023-03-29,2024-12-18
RSC187,PRJ013,นิภา แก้วใส,EMP0187,ช่างก่อสร้าง,งานบริหาร,521,1606,48,2024-10-17,2025-07-04,หยุดชั่วคราว,2023-03-29,2024-12-18
RSC188,PRJ013,ประเสริฐ วงศ์ใหญ่,EMP0188,ช่างไฟฟ้า,งานก่อสร้าง,652,1555,46,2024-10-17,2025-07-04,ปฏิบัติงาน,2023-03-29,2024-12-18
RSC189,PRJ013,สมชาย สมบูรณ์,EMP0189,หัวหน้าโครงการ,งานความปลอดภัย,919,1616,45,2024-10-17,2025-07-04,ปฏิบัติงาน,2023-03-29,2024-12-18
RSC190,PRJ013,นิภา เพชรดี,EMP0190,ช่างเหล็ก,งานบริหาร,503,1825,48,2024-10-17,2025-07-04,ปฏิบัติงาน,2023-03-29,2024-12-18
RSC191,PRJ013,วิภา สมบูรณ์,EMP0191,หัวหน้าโครงการ,งานบริหาร,875,1600,42,2024-10-17,2025-07-04,ปฏิบัติงาน,2023-03-29,2024-12-18
RSC192,PRJ013,นิภา จันทร์ดี,EMP0192,ช่างเหล็ก,งานบริหาร,602,1600,41,2024-10-17,2025-07-04,หยุดชั่วคราว,2023-03-29,2024-12-18
RSC193,PRJ013,ราชันย์ รุ่งเรือง,EMP0193,ช่างก่อสร้าง,งานวิศวกรรม,623,1810,65,2024-10-17,2025-07-04,เสร็จสิ้น,2023-03-29,2024-12-18
RSC194,PRJ013,ธนา เพชรดี,EMP0194,ช่างไฟฟ้า,งานวิศวกรรม,489,1387,41,2024-10-17,2025-07-04,ปฏิบัติงาน,2023-03-29,2024-12-18
RSC195,PRJ013,สมชาย เพชรดี,EMP0195,คนงาน,งานควบคุมคุณภาพ,497,1988,69,2024-10-17,2025-07-04,เสร็จสิ้น,2023-03-29,2024-12-18
RSC196,PRJ013,ประเสริฐ รุ่งเรือง,EMP0196,ช่างไฟฟ้า,งานก่อสร้าง,689,1106,36,2024-10-17,2025-07-04,หยุดชั่วคราว,2023-03-29,2024-12-18
RSC197,PRJ013,วิภา รุ่งเรือง,EMP0197,ช่างเหล็ก,งานความปลอดภัย,563,1171,42,2024-10-17,2025-07-04,ปฏิบัติงาน,2023-03-29,2024-12-18
RSC198,PRJ013,นิภา จันทร์ดี,EMP0198,ช่างประปา,งานก่อสร้าง,507,1255,31,2024-10-17,2025-07-04,ปฏิบัติงาน,2023-03-29,2024-12-18
RSC199,PRJ013,ประเสริฐ สุขสม,EMP0199,หัวหน้าโครงการ,งานความปลอดภัย,997,1448,46,2024-10-17,2025-07-04,ลาออก,2023-03-29,2024-12-18
RSC200,PRJ013,ราชันย์ มณีแสง,EMP0200,ช่างเหล็ก,งานวิศวกรรม,679,1384,35,2024-10-17,2025-07-04,ลาออก,2023-03-29,2024-12-18
RSC201,PRJ014,ธนา ทองคำ,EMP0201,หัวหน้าโครงการ,งานก่อสร้าง,950,1020,275,2024-04-18,2026-04-20,เสร็จสิ้น,2024-01-22,2024-07-29
RSC202,PRJ014,วิชัย ทองคำ,EMP0202,ช่างก่อสร้าง,งานบริหาร,592,1164,263,2024-04-18,2026-04-20,ลาออก,2024-01-22,2024-07-29
RSC203,PRJ014,อนงค์ สุขสม,EMP0203,หัวหน้าโครงการ,งานวิศวกรรม,1020,1965,477,2024-04-18,2026-04-20,ปฏิบัติงาน,2024-01-22,2024-07-29
RSC204,PRJ014,พจน์ สมบูรณ์,EMP0204,วิศวกร,งานควบคุมคุณภาพ,769,1210,300,2024-04-18,2026-04-20,เสร็จสิ้น,2024-01-22,2024-07-29
RSC205,PRJ014,สมชาย สุขสม,EMP0205,ช่างประปา,งานควบคุมคุณภาพ,552,1243,288,2024-04-18,2026-04-20,ลาออก,2024-01-22,2024-07-29
RSC206,PRJ014,พจน์ ทองคำ,EMP0206,ช่างก่อสร้าง,งานบริหาร,427,1369,295,2024-04-18,2026-04-20,ลาออก,2024-01-22,2024-07-29
RSC207,PRJ014,ประเสริฐ จันทร์ดี,EMP0207,ช่างไฟฟ้า,งานก่อสร้าง,449,1026,257,2024-04-18,2026-04-20,ลาออก,2024-01-22,2024-07-29
RSC208,PRJ014,ราชันย์ วงศ์ใหญ่,EMP0208,วิศวกร,งานบริหาร,757,1803,511,2024-04-18,2026-04-20,ปฏิบัติงาน,2024-01-22,2024-07-29
RSC209,PRJ014,พจน์ รุ่งเรือง,EMP0209,ผู้ควบคุมงาน,งานวิศวกรรม,399,1189,330,2024-04-18,2026-04-20,ลาออก,2024-01-22,2024-07-29
RSC210,PRJ014,ธนา มณีแสง,EMP0210,หัวหน้าโครงการ,งานบริหาร,934,1450,426,2024-04-18,2026-04-20,ปฏิบัติงาน,2024-01-22,2024-07-29
RSC211,PRJ015,วิชัย สุขสม,EMP0211,วิศวกร,งานควบคุมคุณภาพ,643,1684,309,2024-06-22,2025-01-09,หยุดชั่วคราว,2023-08-24,2024-11-19
RSC212,PRJ015,วิชัย สุขสม,EMP0212,ผู้ควบคุมงาน,งานควบคุมคุณภาพ,315,1860,348,2024-06-22,2025-01-09,ลาออก,2023-08-24,2024-11-19
RSC213,PRJ015,พจน์ แก้วใส,EMP0213,ช่างไฟฟ้า,งานควบคุมคุณภาพ,643,1306,199,2024-06-22,2025-01-09,หยุดชั่วคราว,2023-08-24,2024-11-19
RSC214,PRJ015,ประเสริฐ มณีแสง,EMP0214,วิศวกร,งานวิศวกรรม,987,1459,238,2024-06-22,2025-01-09,หยุดชั่วคราว,2023-08-24,2024-11-19
RSC215,PRJ015,สุมาลี เพชรดี,EMP0215,หัวหน้าโครงการ,งานควบคุมคุณภาพ,1016,1080,208,2024-06-22,2025-01-09,เสร็จสิ้น,2023-08-24,2024-11-19
RSC216,PRJ015,วิชัย สุขสม,EMP0216,ช่างเหล็ก,งานควบคุมคุณภาพ,434,1089,203,2024-06-22,2025-01-09,เสร็จสิ้น,2023-08-24,2024-11-19
RSC217,PRJ015,อนงค์ สมบูรณ์,EMP0217,ช่างประปา,งานความปลอดภัย,666,1469,211,2024-06-22,2025-01-09,ปฏิบัติงาน,2023-08-24,2024-11-19
RSC218,PRJ015,อนงค์ ทองคำ,EMP0218,คนงาน,งานก่อสร้าง,338,1151,240,2024-06-22,2025-01-09,ปฏิบัติงาน,2023-08-24,2024-11-19
RSC219,PRJ015,พจน์ จันทร์ดี,EMP0219,ช่างประปา,งานความปลอดภัย,674,1901,349,2024-06-22,2025-01-09,ลาออก,2023-08-24,2024-11-19
RSC220,PRJ015,พจน์ เพชรดี,EMP0220,เจ้าหน้าที่ความปลอดภัย,งานควบคุมคุณภาพ,309,1176,205,2024-06-22,2025-01-09,ลาออก,2023-08-24,2024-11-19
RSC221,PRJ015,สุมาลี แก้วใส,EMP0221,หัวหน้าโครงการ,งานความปลอดภัย,1002,1910,347,2024-06-22,2025-01-09,เสร็จสิ้น,2023-08-24,2024-11-19
RSC222,PRJ015,ธนา จันทร์ดี,EMP0222,ช่างเหล็ก,งานความปลอดภัย,410,1345,239,2024-06-22,2025-01-09,ปฏิบัติงาน,2023-08-24,2024-11-19
RSC223,PRJ016,นิภา จันทร์ดี,EMP0223,ช่างก่อสร้าง,งานความปลอดภัย,553,1997,517,2024-09-20,2025-11-17,ปฏิบัติงาน,2023-10-13,2024-12-14
RSC224,PRJ016,ราชันย์ สมบูรณ์,EMP0224,ช่างไฟฟ้า,งานบริหาร,626,1216,309,2024-09-20,2025-11-17,ปฏิบัติงาน,2023-10-13,2024-12-14
RSC225,PRJ016,วิชัย สุขสม,EMP0225,ผู้ควบคุมงาน,งานวิศวกรรม,340,1067,253,2024-09-20,2025-11-17,ปฏิบัติงาน,2023-10-13,2024-12-14
RSC226,PRJ016,สมชาย มณีแสง,EMP0226,ช่างก่อสร้าง,งานก่อสร้าง,498,1896,418,2024-09-20,2025-11-17,ลาออก,2023-10-13,2024-12-14
RSC227,PRJ016,ธนา รุ่งเรือง,EMP0227,หัวหน้าโครงการ,งานความปลอดภัย,984,1721,379,2024-09-20,2025-11-17,ลาออก,2023-10-13,2024-12-14
RSC228,PRJ016,นิภา วงศ์ใหญ่,EMP0228,วิศวกร,งานควบคุมคุณภาพ,948,1031,235,2024-09-20,2025-11-17,ลาออก,2023-10-13,2024-12-14
RSC229,PRJ016,นิภา รุ่งเรือง,EMP0229,ช่างก่อสร้าง,งานวิศวกรรม,642,1600,441,2024-09-20,2025-11-17,เสร็จสิ้น,2023-10-13,2024-12-14
RSC230,PRJ016,สมชาย เพชรดี,EMP0230,วิศวกร,งานควบคุมคุณภาพ,745,1028,256,2024-09-20,2025-11-17,หยุดชั่วคราว,2023-10-13,2024-12-14
RSC231,PRJ016,ธนา สุขสม,EMP0231,ช่างไฟฟ้า,งานควบคุมคุณภาพ,515,1693,377,2024-09-20,2025-11-17,ปฏิบัติงาน,2023-10-13,2024-12-14
RSC232,PRJ016,ประเสริฐ แก้วใส,EMP0232,หัวหน้าโครงการ,งานวิศวกรรม,1042,1933,408,2024-09-20,2025-11-17,เสร็จสิ้น,2023-10-13,2024-12-14
RSC233,PRJ016,นิภา วงศ์ใหญ่,EMP0233,ช่างประปา,งานบริหาร,540,1433,357,2024-09-20,2025-11-17,หยุดชั่วคราว,2023-10-13,2024-12-14
RSC234,PRJ016,อนงค์ สุขสม,EMP0234,เจ้าหน้าที่ความปลอดภัย,งานควบคุมคุณภาพ,377,1693,459,2024-09-20,2025-11-17,ปฏิบัติงาน,2023-10-13,2024-12-14
RSC235,PRJ016,วิชัย จันทร์ดี,EMP0235,หัวหน้าโครงการ,งานบริหาร,1061,1678,414,2024-09-20,2025-11-17,ปฏิบัติงาน,2023-10-13,2024-12-14
RSC236,PRJ016,นิภา จันทร์ดี,EMP0236,เจ้าหน้าที่ความปลอดภัย,งานบริหาร,316,1344,312,2024-09-20,2025-11-17,เสร็จสิ้น,2023-10-13,2024-12-14
RSC237,PRJ016,สมชาย สุขสม,EMP0237,ช่างไฟฟ้า,งานบริหาร,476,1529,348,2024-09-20,2025-11-17,หยุดชั่วคราว,2023-10-13,2024-12-14
RSC238,PRJ017,พจน์ สุขสม,EMP0238,เจ้าหน้าที่ความปลอดภัย,งานก่อสร้าง,375,1265,1340,2024-07-27,2025-08-05,หยุดชั่วคราว,2023-04-07,2024-08-20
RSC239,PRJ017,ราชันย์ รุ่งเรือง,EMP0239,ช่างเหล็ก,งานควบคุมคุณภาพ,513,1702,1940,2024-07-27,2025-08-05,เสร็จสิ้น,2023-04-07,2024-08-20
RSC240,PRJ017,วิภา วงศ์ใหญ่,EMP0240,ช่างก่อสร้าง,งานวิศวกรรม,685,1185,1161,2024-07-27,2025-08-05,เสร็จสิ้น,2023-04-07,2024-08-20
RSC241,PRJ017,นิภา ทองคำ,EMP0241,ผู้ควบคุมงาน,งานวิศวกรรม,495,1934,1759,2024-07-27,2025-08-05,เสร็จสิ้น,2023-04-07,2024-08-20
RSC242,PRJ017,นิภา จันทร์ดี,EMP0242,ช่างไฟฟ้า,งานควบคุมคุณภาพ,557,1430,1444,2024-07-27,2025-08-05,เสร็จสิ้น,2023-04-07,2024-08-20
RSC243,PRJ017,อนงค์ ทองคำ,EMP0243,เจ้าหน้าที่ความปลอดภัย,งานความปลอดภัย,330,1481,1229,2024-07-27,2025-08-05,หยุดชั่วคราว,2023-04-07,2024-08-20
RSC244,PRJ017,วิชัย จันทร์ดี,EMP0244,ผู้ควบคุมงาน,งานความปลอดภัย,330,1888,1963,2024-07-27,2025-08-05,ปฏิบัติงาน,2023-04-07,2024-08-20
RSC245,PRJ017,พจน์ วงศ์ใหญ่,EMP0245,ช่างก่อสร้าง,งานวิศวกรรม,470,1205,1217,2024-07-27,2025-08-05,เสร็จสิ้น,2023-04-07,2024-08-20
RSC246,PRJ018,ประเสริฐ รุ่งเรือง,EMP0246,วิศวกร,งานก่อสร้าง,849,1340,1608,2024-06-22,2027-03-18,ปฏิบัติงาน,2023-04-22,2024-08-24
RSC247,PRJ018,อนงค์ เพชรดี,EMP0247,เจ้าหน้าที่ความปลอดภัย,งานความปลอดภัย,370,1214,1092,2024-06-22,2027-03-18,ปฏิบัติงาน,2023-04-22,2024-08-24
RSC248,PRJ018,พจน์ สุขสม,EMP0248,ช่างก่อสร้าง,งานความปลอดภัย,622,1648,1763,2024-06-22,2027-03-18,ลาออก,2023-04-22,2024-08-24
RSC249,PRJ018,นิภา แก้วใส,EMP0249,หัวหน้าโครงการ,งานบริหาร,819,1546,1422,2024-06-22,2027-03-18,หยุดชั่วคราว,2023-04-22,2024-08-24
RSC250,PRJ018,สุมาลี มณีแสง,EMP0250,หัวหน้าโครงการ,งานบริหาร,1146,1004,1204,2024-06-22,2027-03-18,เสร็จสิ้น,2023-04-22,2024-08-24
RSC251,PRJ018,อนงค์ จันทร์ดี,EMP0251,ช่างก่อสร้าง,งานวิศวกรรม,452,1392,1559,2024-06-22,2027-03-18,ปฏิบัติงาน,2023-04-22,2024-08-24
RSC252,PRJ018,ราชันย์ สมบูรณ์,EMP0252,หัวหน้าโครงการ,งานควบคุมคุณภาพ,952,1971,1931,2024-06-22,2027-03-18,เสร็จสิ้น,2023-04-22,2024-08-24
RSC253,PRJ018,ราชันย์ รุ่งเรือง,EMP0253,คนงาน,งานวิศวกรรม,475,1137,1148,2024-06-22,2027-03-18,หยุดชั่วคราว,2023-04-22,2024-08-24
RSC254,PRJ018,ประเสริฐ มณีแสง,EMP0254,คนงาน,งานก่อสร้าง,304,1233,1159,2024-06-22,2027-03-18,หยุดชั่วคราว,2023-04-22,2024-08-24
RSC255,PRJ018,พจน์ จันทร์ดี,EMP0255,วิศวกร,งานควบคุมคุณภาพ,787,1728,1416,2024-06-22,2027-03-18,ปฏิบัติงาน,2023-04-22,2024-08-24
RSC256,PRJ018,สมชาย ทองคำ,EMP0256,หัวหน้าโครงการ,งานความปลอดภัย,1138,1110,899,2024-06-22,2027-03-18,ลาออก,2023-04-22,2024-08-24
RSC257,PRJ018,ราชันย์ เพชรดี,EMP0257,คนงาน,งานวิศวกรรม,331,1560,1497,2024-06-22,2027-03-18,ปฏิบัติงาน,2023-04-22,2024-08-24
RSC258,PRJ018,วิชัย จันทร์ดี,EMP0258,ช่างประปา,งานควบคุมคุณภาพ,615,1677,1442,2024-06-22,2027-03-18,หยุดชั่วคราว,2023-04-22,2024-08-24
RSC259,PRJ019,วิภา จันทร์ดี,EMP0259,วิศวกร,งานก่อสร้าง,861,1736,2065,2024-05-07,2027-04-17,ปฏิบัติงาน,2024-04-17,2024-05-26
RSC260,PRJ019,ธนา สมบูรณ์,EMP0260,เจ้าหน้าที่ความปลอดภัย,งานวิศวกรรม,350,1623,1493,2024-05-07,2027-04-17,เสร็จสิ้น,2024-04-17,2024-05-26
RSC261,PRJ019,วิชัย วงศ์ใหญ่,EMP0261,คนงาน,งานวิศวกรรม,375,1164,954,2024-05-07,2027-04-17,ลาออก,2024-04-17,2024-05-26
RSC262,PRJ019,วิภา ทองคำ,EMP0262,ช่างเหล็ก,งานควบคุมคุณภาพ,520,1002,801,2024-05-07,2027-04-17,ลาออก,2024-04-17,2024-05-26
RSC263,PRJ019,วิภา ทองคำ,EMP0263,ช่างก่อสร้าง,งานบริหาร,446,1798,2013,2024-05-07,2027-04-17,หยุดชั่วคราว,2024-04-17,2024-05-26
RSC264,PRJ019,สมชาย ทองคำ,EMP0264,เจ้าหน้าที่ความปลอดภัย,งานวิศวกรรม,375,1270,1384,2024-05-07,2027-04-17,ปฏิบัติงาน,2024-04-17,2024-05-26
RSC265,PRJ019,พจน์ ทองคำ,EMP0265,ช่างประปา,งานก่อสร้าง,584,1820,1820,2024-05-07,2027-04-17,ปฏิบัติงาน,2024-04-17,2024-05-26
RSC266,PRJ019,นิภา รุ่งเรือง,EMP0266,หัวหน้าโครงการ,งานความปลอดภัย,870,1679,1511,2024-05-07,2027-04-17,เสร็จสิ้น,2024-04-17,2024-05-26
RSC267,PRJ019,ประเสริฐ ทองคำ,EMP0267,วิศวกร,งานความปลอดภัย,790,1834,1852,2024-05-07,2027-04-17,ลาออก,2024-04-17,2024-05-26
RSC268,PRJ019,ราชันย์ สุขสม,EMP0268,เจ้าหน้าที่ความปลอดภัย,งานวิศวกรรม,369,1855,1929,2024-05-07,2027-04-17,ปฏิบัติงาน,2024-04-17,2024-05-26
RSC269,PRJ019,วิภา สุขสม,EMP0269,ช่างก่อสร้าง,งานควบคุมคุณภาพ,430,1965,1768,2024-05-07,2027-04-17,ลาออก,2024-04-17,2024-05-26
RSC270,PRJ019,นิภา แก้วใส,EMP0270,เจ้าหน้าที่ความปลอดภัย,งานวิศวกรรม,346,1625,1690,2024-05-07,2027-04-17,ลาออก,2024-04-17,2024-05-26
RSC271,PRJ019,ราชันย์ แก้วใส,EMP0271,เจ้าหน้าที่ความปลอดภัย,งานก่อสร้าง,328,1908,2022,2024-05-07,2027-04-17,เสร็จสิ้น,2024-04-17,2024-05-26
RSC272,PRJ019,อนงค์ มณีแสง,EMP0272,ช่างเหล็ก,งานบริหาร,406,1721,1944,2024-05-07,2027-04-17,ปฏิบัติงาน,2024-04-17,2024-05-26
RSC273,PRJ019,ราชันย์ รุ่งเรือง,EMP0273,คนงาน,งานความปลอดภัย,469,1744,1656,2024-05-07,2027-04-17,หยุดชั่วคราว,2024-04-17,2024-05-26
RSC274,PRJ019,ประเสริฐ สมบูรณ์,EMP0274,ผู้ควบคุมงาน,งานความปลอดภัย,456,1055,844,2024-05-07,2027-04-17,ลาออก,2024-04-17,2024-05-26
RSC275,PRJ019,นิภา มณีแสง,EMP0275,ช่างก่อสร้าง,งานบริหาร,438,1769,1963,2024-05-07,2027-04-17,เสร็จสิ้น,2024-04-17,2024-05-26
RSC276,PRJ019,พจน์ สุขสม,EMP0276,หัวหน้าโครงการ,งานวิศวกรรม,1059,1228,1412,2024-05-07,2027-04-17,ปฏิบัติงาน,2024-04-17,2024-05-26
RSC277,PRJ019,ราชันย์ ทองคำ,EMP0277,เจ้าหน้าที่ความปลอดภัย,งานความปลอดภัย,413,1820,2111,2024-05-07,2027-04-17,ลาออก,2024-04-17,2024-05-26
RSC278,PRJ019,วิภา สุขสม,EMP0278,ช่างเหล็ก,งานความปลอดภัย,460,1509,1222,2024-05-07,2027-04-17,ปฏิบัติงาน,2024-04-17,2024-05-26
RSC279,PRJ019,อนงค์ จันทร์ดี,EMP0279,ผู้ควบคุมงาน,งานควบคุมคุณภาพ,440,1000,850,2024-05-07,2027-04-17,หยุดชั่วคราว,2024-04-17,2024-05-26
RSC280,PRJ020,สุมาลี วงศ์ใหญ่,EMP0280,ช่างเหล็ก,งานบริหาร,586,1845,1531,2024-09-05,2026-07-09,ลาออก,2023-08-07,2024-12-24
RSC281,PRJ020,สุมาลี แก้วใส,EMP0281,ช่างเหล็ก,งานบริหาร,631,1116,959,2024-09-05,2026-07-09,เสร็จสิ้น,2023-08-07,2024-12-24
RSC282,PRJ020,วิภา แก้วใส,EMP0282,ช่างประปา,งานวิศวกรรม,680,1534,1580,2024-09-05,2026-07-09,ลาออก,2023-08-07,2024-12-24
RSC283,PRJ020,อนงค์ มณีแสง,EMP0283,ช่างก่อสร้าง,งานวิศวกรรม,609,1109,1064,2024-09-05,2026-07-09,ปฏิบัติงาน,2023-08-07,2024-12-24
RSC284,PRJ020,นิภา ทองคำ,EMP0284,คนงาน,งานความปลอดภัย,355,1468,1350,2024-09-05,2026-07-09,ปฏิบัติงาน,2023-08-07,2024-12-24
RSC285,PRJ020,ราชันย์ สมบูรณ์,EMP0285,วิศวกร,งานวิศวกรรม,995,1913,2066,2024-09-05,2026-07-09,ลาออก,2023-08-07,2024-12-24
RSC286,PRJ020,วิชัย สุขสม,EMP0286,หัวหน้าโครงการ,งานควบคุมคุณภาพ,1071,1753,1454,2024-09-05,2026-07-09,ลาออก,2023-08-07,2024-12-24
RSC287,PRJ020,อนงค์ เพชรดี,EMP0287,ผู้ควบคุมงาน,งานวิศวกรรม,499,1943,1768,2024-09-05,2026-07-09,ปฏิบัติงาน,2023-08-07,2024-12-24
RSC288,PRJ020,นิภา สมบูรณ์,EMP0288,คนงาน,งานความปลอดภัย,468,1614,1904,2024-09-05,2026-07-09,ลาออก,2023-08-07,2024-12-24
RSC289,PRJ020,ธนา วงศ์ใหญ่,EMP0289,ช่างไฟฟ้า,งานวิศวกรรม,540,1407,1421,2024-09-05,2026-07-09,หยุดชั่วคราว,2023-08-07,2024-12-24
RSC290,PRJ020,ธนา สมบูรณ์,EMP0290,คนงาน,งานบริหาร,454,1716,1921,2024-09-05,2026-07-09,หยุดชั่วคราว,2023-08-07,2024-12-24
RSC291,PRJ020,นิภา เพชรดี,EMP0291,ช่างไฟฟ้า,งานวิศวกรรม,507,1639,1606,2024-09-05,2026-07-09,เสร็จสิ้น,2023-08-07,2024-12-24
RSC292,PRJ020,ราชันย์ สุขสม,EMP0292,วิศวกร,งานควบคุมคุณภาพ,989,1360,1564,2024-09-05,2026-07-09,เสร็จสิ้น,2023-08-07,2024-12-24
RSC293,PRJ020,สมชาย สุขสม,EMP0293,คนงาน,งานวิศวกรรม,303,1535,1320,2024-09-05,2026-07-09,ปฏิบัติงาน,2023-08-07,2024-12-24
RSC294,PRJ020,ธนา จันทร์ดี,EMP0294,หัวหน้าโครงการ,งานวิศวกรรม,902,1273,1145,2024-09-05,2026-07-09,ปฏิบัติงาน,2023-08-07,2024-12-24
RSC295,PRJ020,สมชาย รุ่งเรือง,EMP0295,ช่างประปา,งานความปลอดภัย,504,1771,2018,2024-09-05,2026-07-09,ปฏิบัติงาน,2023-08-07,2024-12-24
RSC296,PRJ020,พจน์ มณีแสง,EMP0296,ผู้ควบคุมงาน,งานควบคุมคุณภาพ,357,1760,2024,2024-09-05,2026-07-09,เสร็จสิ้น,2023-08-07,2024-12-24
RSC297,PRJ020,นิภา สมบูรณ์,EMP0297,หัวหน้าโครงการ,งานก่อสร้าง,995,1396,1479,2024-09-05,2026-07-09,ปฏิบัติงาน,2023-08-07,2024-12-24
RSC298,PRJ020,สุมาลี รุ่งเรือง,EMP0298,ช่างประปา,งานควบคุมคุณภาพ,503,1635,1765,2024-09-05,2026-07-09,หยุดชั่วคราว,2023-08-07,2024-12-24
RSC299,PRJ020,วิภา เพชรดี,EMP0299,ช่างไฟฟ้า,งานวิศวกรรม,550,1459,1327,2024-09-05,2026-07-09,ปฏิบัติงาน,2023-08-07,2024-12-24
RSC300,PRJ020,วิชัย จันทร์ดี,EMP0300,คนงาน,งานวิศวกรรม,310,1438,1394,2024-09-05,2026-07-09,หยุดชั่วคราว,2023-08-07,2024-12-24
RSC301,PRJ020,ประเสริฐ แก้วใส,EMP0301,ช่างประปา,งานวิศวกรรม,402,1338,1458,2024-09-05,2026-07-09,เสร็จสิ้น,2023-08-07,2024-12-24
RSC302,PRJ021,วิชัย รุ่งเรือง,EMP0302,ช่างประปา,งานก่อสร้าง,651,1808,2097,2024-05-26,2026-01-29,เสร็จสิ้น,2024-05-13,2024-07-04
RSC303,PRJ021,วิชัย ทองคำ,EMP0303,ผู้ควบคุมงาน,งานควบคุมคุณภาพ,356,1979,1800,2024-05-26,2026-01-29,หยุดชั่วคราว,2024-05-13,2024-07-04
RSC304,PRJ021,วิภา รุ่งเรือง,EMP0304,คนงาน,งานวิศวกรรม,439,1549,1626,2024-05-26,2026-01-29,หยุดชั่วคราว,2024-05-13,2024-07-04
RSC305,PRJ021,สุมาลี สมบูรณ์,EMP0305,ช่างเหล็ก,งานความปลอดภัย,569,1369,1341,2024-05-26,2026-01-29,ปฏิบัติงาน,2024-05-13,2024-07-04
RSC306,PRJ021,สุมาลี มณีแสง,EMP0306,วิศวกร,งานก่อสร้าง,942,1354,1462,2024-05-26,2026-01-29,เสร็จสิ้น,2024-05-13,2024-07-04
RSC307,PRJ021,วิชัย จันทร์ดี,EMP0307,คนงาน,งานก่อสร้าง,329,1395,1339,2024-05-26,2026-01-29,เสร็จสิ้น,2024-05-13,2024-07-04
RSC308,PRJ021,สมชาย จันทร์ดี,EMP0308,ผู้ควบคุมงาน,งานวิศวกรรม,430,1456,1616,2024-05-26,2026-01-29,เสร็จสิ้น,2024-05-13,2024-07-04
RSC309,PRJ021,ประเสริฐ สมบูรณ์,EMP0309,ผู้ควบคุมงาน,งานควบคุมคุณภาพ,321,1970,1694,2024-05-26,2026-01-29,ปฏิบัติงาน,2024-05-13,2024-07-04
RSC310,PRJ021,สุมาลี สุขสม,EMP0310,วิศวกร,งานก่อสร้าง,707,1686,2023,2024-05-26,2026-01-29,หยุดชั่วคราว,2024-05-13,2024-07-04
RSC311,PRJ022,ประเสริฐ แก้วใส,EMP0311,คนงาน,งานความปลอดภัย,465,1836,354,2024-01-26,2026-03-14,เสร็จสิ้น,2023-09-02,2024-10-09
RSC312,PRJ022,ประเสริฐ จันทร์ดี,EMP0312,หัวหน้าโครงการ,งานควบคุมคุณภาพ,844,1075,205,2024-01-26,2026-03-14,ปฏิบัติงาน,2023-09-02,2024-10-09
RSC313,PRJ022,ราชันย์ สุขสม,EMP0313,ช่างไฟฟ้า,งานความปลอดภัย,532,1417,338,2024-01-26,2026-03-14,เสร็จสิ้น,2023-09-02,2024-10-09
RSC314,PRJ022,วิชัย แก้วใส,EMP0314,หัวหน้าโครงการ,งานควบคุมคุณภาพ,999,1689,337,2024-01-26,2026-03-14,ปฏิบัติงาน,2023-09-02,2024-10-09
RSC315,PRJ022,นิภา สมบูรณ์,EMP0315,หัวหน้าโครงการ,งานก่อสร้าง,1158,1868,360,2024-01-26,2026-03-14,เสร็จสิ้น,2023-09-02,2024-10-09
RSC316,PRJ022,พจน์ สุขสม,EMP0316,ช่างประปา,งานก่อสร้าง,444,1288,319,2024-01-26,2026-03-14,ลาออก,2023-09-02,2024-10-09
RSC317,PRJ022,พจน์ สมบูรณ์,EMP0317,ช่างก่อสร้าง,งานบริหาร,673,1225,247,2024-01-26,2026-03-14,หยุดชั่วคราว,2023-09-02,2024-10-09
RSC318,PRJ022,วิชัย สมบูรณ์,EMP0318,ช่างประปา,งานวิศวกรรม,591,1980,364,2024-01-26,2026-03-14,ปฏิบัติงาน,2023-09-02,2024-10-09
RSC319,PRJ022,พจน์ สมบูรณ์,EMP0319,หัวหน้าโครงการ,งานควบคุมคุณภาพ,802,1586,430,2024-01-26,2026-03-14,ปฏิบัติงาน,2023-09-02,2024-10-09
RSC320,PRJ022,สุมาลี สุขสม,EMP0320,ช่างประปา,งานควบคุมคุณภาพ,507,1766,414,2024-01-26,2026-03-14,หยุดชั่วคราว,2023-09-02,2024-10-09
RSC321,PRJ022,ธนา มณีแสง,EMP0321,ช่างก่อสร้าง,งานก่อสร้าง,494,1226,335,2024-01-26,2026-03-14,หยุดชั่วคราว,2023-09-02,2024-10-09
RSC322,PRJ022,ราชันย์ สมบูรณ์,EMP0322,หัวหน้าโครงการ,งานก่อสร้าง,1184,1954,516,2024-01-26,2026-03-14,เสร็จสิ้น,2023-09-02,2024-10-09
RSC323,PRJ022,อนงค์ วงศ์ใหญ่,EMP0323,วิศวกร,งานบริหาร,728,1100,232,2024-01-26,2026-03-14,เสร็จสิ้น,2023-09-02,2024-10-09
RSC324,PRJ022,อนงค์ ทองคำ,EMP0324,ช่างก่อสร้าง,งานวิศวกรรม,520,1102,248,2024-01-26,2026-03-14,เสร็จสิ้น,2023-09-02,2024-10-09
RSC325,PRJ022,ธนา เพชรดี,EMP0325,เจ้าหน้าที่ความปลอดภัย,งานควบคุมคุณภาพ,415,1336,365,2024-01-26,2026-03-14,เสร็จสิ้น,2023-09-02,2024-10-09
RSC326,PRJ022,นิภา มณีแสง,EMP0326,ช่างเหล็ก,งานวิศวกรรม,619,1172,215,2024-01-26,2026-03-14,ลาออก,2023-09-02,2024-10-09
RSC327,PRJ022,ราชันย์ วงศ์ใหญ่,EMP0327,ช่างประปา,งานความปลอดภัย,584,1137,264,2024-01-26,2026-03-14,เสร็จสิ้น,2023-09-02,2024-10-09
RSC328,PRJ022,ประเสริฐ ทองคำ,EMP0328,ช่างประปา,งานบริหาร,649,1564,309,2024-01-26,2026-03-14,หยุดชั่วคราว,2023-09-02,2024-10-09
RSC329,PRJ022,วิภา ทองคำ,EMP0329,ผู้ควบคุมงาน,งานก่อสร้าง,350,1269,350,2024-01-26,2026-03-14,ปฏิบัติงาน,2023-09-02,2024-10-09
RSC330,PRJ022,สมชาย สมบูรณ์,EMP0330,คนงาน,งานบริหาร,496,1604,343,2024-01-26,2026-03-14,ลาออก,2023-09-02,2024-10-09
RSC331,PRJ022,อนงค์ จันทร์ดี,EMP0331,ช่างก่อสร้าง,งานวิศวกรรม,587,1401,302,2024-01-26,2026-03-14,ลาออก,2023-09-02,2024-10-09
RSC332,PRJ022,นิภา สมบูรณ์,EMP0332,ผู้ควบคุมงาน,งานก่อสร้าง,430,1092,263,2024-01-26,2026-03-14,หยุดชั่วคราว,2023-09-02,2024-10-09
RSC333,PRJ022,ประเสริฐ เพชรดี,EMP0333,ช่างก่อสร้าง,งานควบคุมคุณภาพ,663,1143,283,2024-01-26,2026-03-14,หยุดชั่วคราว,2023-09-02,2024-10-09
RSC334,PRJ022,ราชันย์ มณีแสง,EMP0334,เจ้าหน้าที่ความปลอดภัย,งานก่อสร้าง,391,1041,225,2024-01-26,2026-03-14,เสร็จสิ้น,2023-09-02,2024-10-09
RSC335,PRJ022,วิชัย รุ่งเรือง,EMP0335,ช่างเหล็ก,งานความปลอดภัย,519,1043,223,2024-01-26,2026-03-14,ลาออก,2023-09-02,2024-10-09
RSC336,PRJ023,วิภา สมบูรณ์,EMP0336,หัวหน้าโครงการ,งานบริหาร,820,1664,166,2024-04-30,2025-12-14,เสร็จสิ้น,2023-03-03,2024-12-27
RSC337,PRJ023,พจน์ รุ่งเรือง,EMP0337,ผู้ควบคุมงาน,งานควบคุมคุณภาพ,445,1178,122,2024-04-30,2025-12-14,ปฏิบัติงาน,2023-03-03,2024-12-27
RSC338,PRJ023,วิชัย สุขสม,EMP0338,ผู้ควบคุมงาน,งานบริหาร,364,1385,130,2024-04-30,2025-12-14,เสร็จสิ้น,2023-03-03,2024-12-27
RSC339,PRJ023,สมชาย สมบูรณ์,EMP0339,เจ้าหน้าที่ความปลอดภัย,งานวิศวกรรม,423,1908,225,2024-04-30,2025-12-14,ลาออก,2023-03-03,2024-12-27
RSC340,PRJ023,ธนา มณีแสง,EMP0340,ช่างก่อสร้าง,งานวิศวกรรม,517,1078,120,2024-04-30,2025-12-14,หยุดชั่วคราว,2023-03-03,2024-12-27
RSC341,PRJ023,สุมาลี สุขสม,EMP0341,ช่างก่อสร้าง,งานบริหาร,585,1616,140,2024-04-30,2025-12-14,ปฏิบัติงาน,2023-03-03,2024-12-27
RSC342,PRJ023,สุมาลี เพชรดี,EMP0342,เจ้าหน้าที่ความปลอดภัย,งานความปลอดภัย,472,1490,163,2024-04-30,2025-12-14,ปฏิบัติงาน,2023-03-03,2024-12-27
RSC343,PRJ023,อนงค์ เพชรดี,EMP0343,ช่างไฟฟ้า,งานวิศวกรรม,422,1130,131,2024-04-30,2025-12-14,ปฏิบัติงาน,2023-03-03,2024-12-27
RSC344,PRJ023,ประเสริฐ สมบูรณ์,EMP0344,ช่างก่อสร้าง,งานความปลอดภัย,428,1170,112,2024-04-30,2025-12-14,ปฏิบัติงาน,2023-03-03,2024-12-27
RSC345,PRJ023,อนงค์ วงศ์ใหญ่,EMP0345,ช่างประปา,งานความปลอดภัย,443,1221,131,2024-04-30,2025-12-14,หยุดชั่วคราว,2023-03-03,2024-12-27
RSC346,PRJ023,อนงค์ เพชรดี,EMP0346,ช่างไฟฟ้า,งานควบคุมคุณภาพ,610,1615,143,2024-04-30,2025-12-14,เสร็จสิ้น,2023-03-03,2024-12-27
RSC347,PRJ023,อนงค์ ทองคำ,EMP0347,ช่างก่อสร้าง,งานวิศวกรรม,575,1944,211,2024-04-30,2025-12-14,ลาออก,2023-03-03,2024-12-27
RSC348,PRJ023,สุมาลี สมบูรณ์,EMP0348,คนงาน,งานควบคุมคุณภาพ,333,1111,89,2024-04-30,2025-12-14,ลาออก,2023-03-03,2024-12-27
RSC349,PRJ023,อนงค์ แก้วใส,EMP0349,ช่างก่อสร้าง,งานควบคุมคุณภาพ,449,1181,129,2024-04-30,2025-12-14,ปฏิบัติงาน,2023-03-03,2024-12-27
RSC350,PRJ023,อนงค์ สมบูรณ์,EMP0350,วิศวกร,งานก่อสร้าง,846,1675,147,2024-04-30,2025-12-14,ลาออก,2023-03-03,2024-12-27
RSC351,PRJ023,วิชัย สุขสม,EMP0351,ผู้ควบคุมงาน,งานวิศวกรรม,407,1379,113,2024-04-30,2025-12-14,ลาออก,2023-03-03,2024-12-27
RSC352,PRJ023,วิภา สุขสม,EMP0352,คนงาน,งานวิศวกรรม,389,1603,185,2024-04-30,2025-12-14,เสร็จสิ้น,2023-03-03,2024-12-27
RSC353,PRJ023,ธนา สมบูรณ์,EMP0353,เจ้าหน้าที่ความปลอดภัย,งานความปลอดภัย,496,1238,105,2024-04-30,2025-12-14,เสร็จสิ้น,2023-03-03,2024-12-27
RSC354,PRJ023,อนงค์ สมบูรณ์,EMP0354,ช่างไฟฟ้า,งานก่อสร้าง,402,1726,138,2024-04-30,2025-12-14,ปฏิบัติงาน,2023-03-03,2024-12-27
RSC355,PRJ023,พจน์ รุ่งเรือง,EMP0355,คนงาน,งานก่อสร้าง,467,1210,121,2024-04-30,2025-12-14,หยุดชั่วคราว,2023-03-03,2024-12-27
RSC356,PRJ023,ธนา สมบูรณ์,EMP0356,คนงาน,งานความปลอดภัย,466,1599,153,2024-04-30,2025-12-14,เสร็จสิ้น,2023-03-03,2024-12-27
RSC357,PRJ023,พจน์ สมบูรณ์,EMP0357,ช่างประปา,งานควบคุมคุณภาพ,603,1773,164,2024-04-30,2025-12-14,ลาออก,2023-03-03,2024-12-27
RSC358,PRJ024,ธนา จันทร์ดี,EMP0358,ช่างเหล็ก,งานควบคุมคุณภาพ,686,1568,620,2024-09-24,2026-02-09,เสร็จสิ้น,2023-09-25,2024-10-20
RSC359,PRJ024,สุมาลี วงศ์ใหญ่,EMP0359,คนงาน,งานวิศวกรรม,488,1141,357,2024-09-24,2026-02-09,ปฏิบัติงาน,2023-09-25,2024-10-20
RSC360,PRJ024,วิชัย แก้วใส,EMP0360,ช่างไฟฟ้า,งานวิศวกรรม,660,1410,512,2024-09-24,2026-02-09,ลาออก,2023-09-25,2024-10-20
RSC361,PRJ024,ราชันย์ สุขสม,EMP0361,หัวหน้าโครงการ,งานก่อสร้าง,846,1843,590,2024-09-24,2026-02-09,ปฏิบัติงาน,2023-09-25,2024-10-20
RSC362,PRJ024,อนงค์ แก้วใส,EMP0362,ช่างประปา,งานความปลอดภัย,513,1379,421,2024-09-24,2026-02-09,ลาออก,2023-09-25,2024-10-20
RSC363,PRJ024,สมชาย เพชรดี,EMP0363,ผู้ควบคุมงาน,งานความปลอดภัย,373,1728,734,2024-09-24,2026-02-09,ลาออก,2023-09-25,2024-10-20
RSC364,PRJ024,ธนา มณีแสง,EMP0364,หัวหน้าโครงการ,งานก่อสร้าง,903,1870,760,2024-09-24,2026-02-09,หยุดชั่วคราว,2023-09-25,2024-10-20
RSC365,PRJ024,สมชาย เพชรดี,EMP0365,ช่างก่อสร้าง,งานก่อสร้าง,418,1368,467,2024-09-24,2026-02-09,เสร็จสิ้น,2023-09-25,2024-10-20
RSC366,PRJ024,พจน์ มณีแสง,EMP0366,คนงาน,งานควบคุมคุณภาพ,390,1685,636,2024-09-24,2026-02-09,ปฏิบัติงาน,2023-09-25,2024-10-20
RSC367,PRJ024,วิชัย รุ่งเรือง,EMP0367,วิศวกร,งานบริหาร,646,1562,551,2024-09-24,2026-02-09,เสร็จสิ้น,2023-09-25,2024-10-20
RSC368,PRJ024,อนงค์ แก้วใส,EMP0368,ช่างไฟฟ้า,งานบริหาร,499,1465,553,2024-09-24,2026-02-09,หยุดชั่วคราว,2023-09-25,2024-10-20
RSC369,PRJ024,วิภา สมบูรณ์,EMP0369,คนงาน,งานบริหาร,429,1109,459,2024-09-24,2026-02-09,เสร็จสิ้น,2023-09-25,2024-10-20
RSC370,PRJ024,วิชัย จันทร์ดี,EMP0370,วิศวกร,งานความปลอดภัย,862,1979,683,2024-09-24,2026-02-09,ลาออก,2023-09-25,2024-10-20
RSC371,PRJ025,ราชันย์ แก้วใส,EMP0371,ช่างไฟฟ้า,งานความปลอดภัย,573,1984,0,2024-08-22,2026-11-16,ปฏิบัติงาน,2024-07-30,2024-09-16
RSC372,PRJ025,สุมาลี มณีแสง,EMP0372,ช่างประปา,งานบริหาร,434,1391,0,2024-08-22,2026-11-16,ลาออก,2024-07-30,2024-09-16
RSC373,PRJ025,ธนา มณีแสง,EMP0373,ช่างเหล็ก,งานบริหาร,664,1548,0,2024-08-22,2026-11-16,ปฏิบัติงาน,2024-07-30,2024-09-16
RSC374,PRJ025,วิภา สมบูรณ์,EMP0374,คนงาน,งานวิศวกรรม,472,1766,0,2024-08-22,2026-11-16,ลาออก,2024-07-30,2024-09-16
RSC375,PRJ025,ธนา เพชรดี,EMP0375,ช่างเหล็ก,งานวิศวกรรม,581,1223,0,2024-08-22,2026-11-16,ลาออก,2024-07-30,2024-09-16
RSC376,PRJ025,ธนา มณีแสง,EMP0376,ช่างไฟฟ้า,งานวิศวกรรม,520,1753,0,2024-08-22,2026-11-16,หยุดชั่วคราว,2024-07-30,2024-09-16
RSC377,PRJ025,วิภา ทองคำ,EMP0377,ช่างไฟฟ้า,งานความปลอดภัย,582,1159,0,2024-08-22,2026-11-16,ปฏิบัติงาน,2024-07-30,2024-09-16
RSC378,PRJ025,นิภา รุ่งเรือง,EMP0378,ผู้ควบคุมงาน,งานความปลอดภัย,310,1868,0,2024-08-22,2026-11-16,เสร็จสิ้น,2024-07-30,2024-09-16
RSC379,PRJ025,ธนา สุขสม,EMP0379,เจ้าหน้าที่ความปลอดภัย,งานวิศวกรรม,346,1782,0,2024-08-22,2026-11-16,หยุดชั่วคราว,2024-07-30,2024-09-16
RSC380,PRJ025,ราชันย์ สมบูรณ์,EMP0380,หัวหน้าโครงการ,งานก่อสร้าง,1069,1818,0,2024-08-22,2026-11-16,เสร็จสิ้น,2024-07-30,2024-09-16
RSC381,PRJ025,ราชันย์ ทองคำ,EMP0381,คนงาน,งานควบคุมคุณภาพ,475,1794,0,2024-08-22,2026-11-16,ลาออก,2024-07-30,2024-09-16
RSC382,PRJ025,พจน์ ทองคำ,EMP0382,ช่างเหล็ก,งานบริหาร,404,1012,0,2024-08-22,2026-11-16,เสร็จสิ้น,2024-07-30,2024-09-16
RSC383,PRJ025,สุมาลี จันทร์ดี,EMP0383,ช่างประปา,งานความปลอดภัย,495,1561,0,2024-08-22,2026-11-16,เสร็จสิ้น,2024-07-30,2024-09-16
RSC384,PRJ025,สุมาลี สุขสม,EMP0384,ช่างเหล็ก,งานบริหาร,494,1510,0,2024-08-22,2026-11-16,เสร็จสิ้น,2024-07-30,2024-09-16
RSC385,PRJ025,อนงค์ เพชรดี,EMP0385,คนงาน,งานควบคุมคุณภาพ,371,1461,0,2024-08-22,2026-11-16,หยุดชั่วคราว,2024-07-30,2024-09-16
RSC386,PRJ025,วิชัย สุขสม,EMP0386,วิศวกร,งานความปลอดภัย,969,1276,0,2024-08-22,2026-11-16,หยุดชั่วคราว,2024-07-30,2024-09-16
RSC387,PRJ025,ประเสริฐ สุขสม,EMP0387,ช่างก่อสร้าง,งานความปลอดภัย,476,1484,0,2024-08-22,2026-11-16,หยุดชั่วคราว,2024-07-30,2024-09-16
RSC388,PRJ025,ราชันย์ จันทร์ดี,EMP0388,ผู้ควบคุมงาน,งานบริหาร,436,1737,0,2024-08-22,2026-11-16,ปฏิบัติงาน,2024-07-30,2024-09-16
RSC389,PRJ025,สมชาย มณีแสง,EMP0389,คนงาน,งานบริหาร,325,1707,0,2024-08-22,2026-11-16,ลาออก,2024-07-30,2024-09-16
RSC390,PRJ025,ธนา รุ่งเรือง,EMP0390,วิศวกร,งานบริหาร,830,1762,0,2024-08-22,2026-11-16,เสร็จสิ้น,2024-07-30,2024-09-16
RSC391,PRJ025,นิภา มณีแสง,EMP0391,ช่างเหล็ก,งานควบคุมคุณภาพ,410,1421,0,2024-08-22,2026-11-16,หยุดชั่วคราว,2024-07-30,2024-09-16
RSC392,PRJ025,ราชันย์ วงศ์ใหญ่,EMP0392,ช่างประปา,งานก่อสร้าง,581,1332,0,2024-08-22,2026-11-16,ลาออก,2024-07-30,2024-09-16
RSC393,PRJ025,ประเสริฐ รุ่งเรือง,EMP0393,ช่างประปา,งานความปลอดภัย,637,1646,0,2024-08-22,2026-11-16,ลาออก,2024-07-30,2024-09-16
RSC394,PRJ026,นิภา รุ่งเรือง,EMP0394,วิศวกร,งานบริหาร,682,1351,723,2024-05-25,2025-05-01,เสร็จสิ้น,2023-08-13,2024-12-24
RSC395,PRJ026,นิภา สมบูรณ์,EMP0395,คนงาน,งานความปลอดภัย,369,1908,1174,2024-05-25,2025-05-01,ลาออก,2023-08-13,2024-12-24
RSC396,PRJ026,ประเสริฐ มณีแสง,EMP0396,ช่างก่อสร้าง,งานบริหาร,494,1874,865,2024-05-25,2025-05-01,ปฏิบัติงาน,2023-08-13,2024-12-24
RSC397,PRJ026,วิภา ทองคำ,EMP0397,ช่างไฟฟ้า,งานความปลอดภัย,485,1406,689,2024-05-25,2025-05-01,ปฏิบัติงาน,2023-08-13,2024-12-24
RSC398,PRJ026,วิภา ทองคำ,EMP0398,หัวหน้าโครงการ,งานบริหาร,1194,1406,905,2024-05-25,2025-05-01,หยุดชั่วคราว,2023-08-13,2024-12-24
RSC399,PRJ026,ธนา มณีแสง,EMP0399,วิศวกร,งานวิศวกรรม,935,1953,1157,2024-05-25,2025-05-01,เสร็จสิ้น,2023-08-13,2024-12-24
RSC400,PRJ026,วิชัย เพชรดี,EMP0400,เจ้าหน้าที่ความปลอดภัย,งานก่อสร้าง,460,1129,566,2024-05-25,2025-05-01,ปฏิบัติงาน,2023-08-13,2024-12-24
RSC401,PRJ026,ราชันย์ สมบูรณ์,EMP0401,ช่างเหล็ก,งานบริหาร,566,1884,1181,2024-05-25,2025-05-01,ลาออก,2023-08-13,2024-12-24
RSC402,PRJ026,อนงค์ วงศ์ใหญ่,EMP0402,ช่างก่อสร้าง,งานควบคุมคุณภาพ,676,1181,787,2024-05-25,2025-05-01,ลาออก,2023-08-13,2024-12-24
RSC403,PRJ026,ธนา รุ่งเรือง,EMP0403,ผู้ควบคุมงาน,งานความปลอดภัย,463,1654,1074,2024-05-25,2025-05-01,หยุดชั่วคราว,2023-08-13,2024-12-24
RSC404,PRJ027,ธนา เพชรดี,EMP0404,เจ้าหน้าที่ความปลอดภัย,งานบริหาร,378,1374,29,2024-05-15,2025-03-09,ปฏิบัติงาน,2024-03-31,2024-06-11
RSC405,PRJ027,นิภา จันทร์ดี,EMP0405,หัวหน้าโครงการ,งานความปลอดภัย,1067,1834,32,2024-05-15,2025-03-09,ปฏิบัติงาน,2024-03-31,2024-06-11
RSC406,PRJ027,สมชาย สุขสม,EMP0406,เจ้าหน้าที่ความปลอดภัย,งานบริหาร,493,1488,29,2024-05-15,2025-03-09,หยุดชั่วคราว,2024-03-31,2024-06-11
RSC407,PRJ027,พจน์ สมบูรณ์,EMP0407,หัวหน้าโครงการ,งานความปลอดภัย,1080,1382,25,2024-05-15,2025-03-09,ลาออก,2024-03-31,2024-06-11
RSC408,PRJ027,พจน์ มณีแสง,EMP0408,ช่างไฟฟ้า,งานบริหาร,483,1732,36,2024-05-15,2025-03-09,ปฏิบัติงาน,2024-03-31,2024-06-11
RSC409,PRJ027,อนงค์ จันทร์ดี,EMP0409,คนงาน,งานบริหาร,460,1245,28,2024-05-15,2025-03-09,เสร็จสิ้น,2024-03-31,2024-06-11
RSC410,PRJ027,ประเสริฐ เพชรดี,EMP0410,คนงาน,งานบริหาร,348,1873,31,2024-05-15,2025-03-09,ปฏิบัติงาน,2024-03-31,2024-06-11
RSC411,PRJ027,อนงค์ วงศ์ใหญ่,EMP0411,เจ้าหน้าที่ความปลอดภัย,งานวิศวกรรม,458,1463,28,2024-05-15,2025-03-09,เสร็จสิ้น,2024-03-31,2024-06-11
RSC412,PRJ027,สมชาย เพชรดี,EMP0412,หัวหน้าโครงการ,งานก่อสร้าง,877,1050,23,2024-05-15,2025-03-09,เสร็จสิ้น,2024-03-31,2024-06-11
RSC413,PRJ027,สมชาย มณีแสง,EMP0413,ช่างประปา,งานก่อสร้าง,464,1732,37,2024-05-15,2025-03-09,หยุดชั่วคราว,2024-03-31,2024-06-11
RSC414,PRJ028,ธนา วงศ์ใหญ่,EMP0414,เจ้าหน้าที่ความปลอดภัย,งานบริหาร,355,1350,744,2024-09-07,2025-11-18,ลาออก,2023-02-22,2024-09-18
RSC415,PRJ028,สมชาย จันทร์ดี,EMP0415,หัวหน้าโครงการ,งานความปลอดภัย,969,1082,500,2024-09-07,2025-11-18,ปฏิบัติงาน,2023-02-22,2024-09-18
RSC416,PRJ028,ธนา สุขสม,EMP0416,ผู้ควบคุมงาน,งานก่อสร้าง,420,1185,566,2024-09-07,2025-11-18,ปฏิบัติงาน,2023-02-22,2024-09-18
RSC417,PRJ028,สุมาลี แก้วใส,EMP0417,ช่างไฟฟ้า,งานวิศวกรรม,597,1789,1004,2024-09-07,2025-11-18,ลาออก,2023-02-22,2024-09-18
RSC418,PRJ028,ราชันย์ สุขสม,EMP0418,วิศวกร,งานบริหาร,866,1681,812,2024-09-07,2025-11-18,เสร็จสิ้น,2023-02-22,2024-09-18
RSC419,PRJ028,วิชัย ทองคำ,EMP0419,ช่างก่อสร้าง,งานบริหาร,421,1762,1053,2024-09-07,2025-11-18,ลาออก,2023-02-22,2024-09-18
RSC420,PRJ028,สุมาลี ทองคำ,EMP0420,ช่างประปา,งานวิศวกรรม,501,1369,590,2024-09-07,2025-11-18,ลาออก,2023-02-22,2024-09-18
RSC421,PRJ028,อนงค์ ทองคำ,EMP0421,ช่างเหล็ก,งานความปลอดภัย,407,1171,590,2024-09-07,2025-11-18,หยุดชั่วคราว,2023-02-22,2024-09-18
RSC422,PRJ029,อนงค์ เพชรดี,EMP0422,หัวหน้าโครงการ,งานบริหาร,1097,1802,1982,2024-10-09,2027-03-30,ปฏิบัติงาน,2024-03-13,2024-12-19
RSC423,PRJ029,อนงค์ รุ่งเรือง,EMP0423,ช่างไฟฟ้า,งานก่อสร้าง,480,1511,1284,2024-10-09,2027-03-30,ปฏิบัติงาน,2024-03-13,2024-12-19
RSC424,PRJ029,วิภา เพชรดี,EMP0424,ช่างเหล็ก,งานความปลอดภัย,478,1718,1958,2024-10-09,2027-03-30,หยุดชั่วคราว,2024-03-13,2024-12-19
RSC425,PRJ029,ราชันย์ มณีแสง,EMP0425,ช่างเหล็ก,งานก่อสร้าง,685,1807,1843,2024-10-09,2027-03-30,ลาออก,2024-03-13,2024-12-19
RSC426,PRJ029,ราชันย์ วงศ์ใหญ่,EMP0426,ช่างเหล็ก,งานควบคุมคุณภาพ,468,1256,1029,2024-10-09,2027-03-30,เสร็จสิ้น,2024-03-13,2024-12-19
RSC427,PRJ029,อนงค์ เพชรดี,EMP0427,ผู้ควบคุมงาน,งานควบคุมคุณภาพ,478,1501,1380,2024-10-09,2027-03-30,เสร็จสิ้น,2024-03-13,2024-12-19
RSC428,PRJ029,วิชัย เพชรดี,EMP0428,ช่างเหล็ก,งานก่อสร้าง,639,1281,1511,2024-10-09,2027-03-30,หยุดชั่วคราว,2024-03-13,2024-12-19
RSC429,PRJ029,วิชัย รุ่งเรือง,EMP0429,เจ้าหน้าที่ความปลอดภัย,งานความปลอดภัย,375,1839,1765,2024-10-09,2027-03-30,ปฏิบัติงาน,2024-03-13,2024-12-19
RSC430,PRJ030,อนงค์ รุ่งเรือง,EMP0430,คนงาน,งานควบคุมคุณภาพ,487,1189,86,2024-08-08,2025-06-14,หยุดชั่วคราว,2023-02-12,2024-10-25
RSC431,PRJ030,พจน์ มณีแสง,EMP0431,ช่างเหล็ก,งานควบคุมคุณภาพ,432,1674,171,2024-08-08,2025-06-14,ลาออก,2023-02-12,2024-10-25
RSC432,PRJ030,นิภา สุขสม,EMP0432,ผู้ควบคุมงาน,งานบริหาร,339,1627,143,2024-08-08,2025-06-14,ปฏิบัติงาน,2023-02-12,2024-10-25
RSC433,PRJ030,สมชาย เพชรดี,EMP0433,วิศวกร,งานวิศวกรรม,867,1674,126,2024-08-08,2025-06-14,ปฏิบัติงาน,2023-02-12,2024-10-25
RSC434,PRJ030,วิภา แก้วใส,EMP0434,ช่างไฟฟ้า,งานควบคุมคุณภาพ,454,1497,123,2024-08-08,2025-06-14,ลาออก,2023-02-12,2024-10-25
RSC435,PRJ030,ธนา แก้วใส,EMP0435,เจ้าหน้าที่ความปลอดภัย,งานบริหาร,434,1638,172,2024-08-08,2025-06-14,หยุดชั่วคราว,2023-02-12,2024-10-25
RSC436,PRJ030,ราชันย์ ทองคำ,EMP0436,วิศวกร,งานความปลอดภัย,606,1952,163,2024-08-08,2025-06-14,ปฏิบัติงาน,2023-02-12,2024-10-25
RSC437,PRJ030,นิภา แก้วใส,EMP0437,ช่างเหล็ก,งานควบคุมคุณภาพ,685,1761,167,2024-08-08,2025-06-14,เสร็จสิ้น,2023-02-12,2024-10-25
RSC438,PRJ030,ธนา ทองคำ,EMP0438,ผู้ควบคุมงาน,งานวิศวกรรม,310,1751,132,2024-08-08,2025-06-14,ปฏิบัติงาน,2023-02-12,2024-10-25
RSC439,PRJ030,พจน์ มณีแสง,EMP0439,วิศวกร,งานวิศวกรรม,971,1236,126,2024-08-08,2025-06-14,หยุดชั่วคราว,2023-02-12,2024-10-25
RSC440,PRJ030,พจน์ ทองคำ,EMP0440,ช่างก่อสร้าง,งานควบคุมคุณภาพ,685,1767,182,2024-08-08,2025-06-14,เสร็จสิ้น,2023-02-12,2024-10-25
RSC441,PRJ030,วิภา เพชรดี,EMP0441,เจ้าหน้าที่ความปลอดภัย,งานวิศวกรรม,479,1681,161,2024-08-08,2025-06-14,ลาออก,2023-02-12,2024-10-25
RSC442,PRJ030,วิชัย วงศ์ใหญ่,EMP0442,ผู้ควบคุมงาน,งานบริหาร,386,1673,135,2024-08-08,2025-06-14,เสร็จสิ้น,2023-02-12,2024-10-25
RSC443,PRJ030,พจน์ สุขสม,EMP0443,ผู้ควบคุมงาน,งานบริหาร,383,1865,172,2024-08-08,2025-06-14,หยุดชั่วคราว,2023-02-12,2024-10-25
RSC444,PRJ030,ธนา รุ่งเรือง,EMP0444,ผู้ควบคุมงาน,งานความปลอดภัย,354,1384,143,2024-08-08,2025-06-14,ลาออก,2023-02-12,2024-10-25
RSC445,PRJ030,ธนา แก้วใส,EMP0445,คนงาน,งานควบคุมคุณภาพ,300,1743,128,2024-08-08,2025-06-14,หยุดชั่วคราว,2023-02-12,2024-10-25
RSC446,PRJ030,สุมาลี รุ่งเรือง,EMP0446,ช่างประปา,งานก่อสร้าง,403,1307,110,2024-08-08,2025-06-14,เสร็จสิ้น,2023-02-12,2024-10-25
RSC447,PRJ030,อนงค์ เพชรดี,EMP0447,ผู้ควบคุมงาน,งานก่อสร้าง,430,1569,163,2024-08-08,2025-06-14,ปฏิบัติงาน,2023-02-12,2024-10-25
RSC448,PRJ030,ธนา รุ่งเรือง,EMP0448,เจ้าหน้าที่ความปลอดภัย,งานควบคุมคุณภาพ,391,1159,91,2024-08-08,2025-06-14,หยุดชั่วคราว,2023-02-12,2024-10-25
RSC449,PRJ030,วิภา สุขสม,EMP0449,ช่างไฟฟ้า,งานควบคุมคุณภาพ,531,1830,163,2024-08-08,2025-06-14,หยุดชั่วคราว,2023-02-12,2024-10-25
RSC450,PRJ030,ประเสริฐ วงศ์ใหญ่,EMP0450,วิศวกร,งานควบคุมคุณภาพ,970,1332,131,2024-08-08,2025-06-14,ปฏิบัติงาน,2023-02-12,2024-10-25
RSC451,PRJ030,พจน์ ทองคำ,EMP0451,ช่างประปา,งานก่อสร้าง,419,1748,182,2024-08-08,2025-06-14,เสร็จสิ้น,2023-02-12,2024-10-25
RSC452,PRJ030,สุมาลี แก้วใส,EMP0452,ช่างเหล็ก,งานความปลอดภัย,622,1426,111,2024-08-08,2025-06-14,ปฏิบัติงาน,2023-02-12,2024-10-25
RSC453,PRJ030,วิชัย เพชรดี,EMP0453,ช่างประปา,งานบริหาร,668,1042,93,2024-08-08,2025-06-14,หยุดชั่วคราว,2023-02-12,2024-10-25
